[2026-10-09T09:24:15.564+0000] {manager.py:469} INFO - Processing files using up to 1 processes at a time 
[2026-10-09T09:24:15.565+0000] {manager.py:470} INFO - Process each file at most once every 30 seconds
[2026-10-09T09:24:15.566+0000] {manager.py:471} INFO - Checking for new files in /opt/airflow/dags every 300 seconds
[2026-10-09T09:24:15.566+0000] {manager.py:738} INFO - Searching for files in /opt/airflow/dags
[2026-10-09T09:24:15.587+0000] {manager.py:741} INFO - There are 1 files in /opt/airflow/dags
[2026-10-09T09:24:15.955+0000] {manager.py:879} INFO - 
================================================================================
DAG File Processing Stats

File Path                          PID    Runtime      # DAGs    # Errors  Last Runtime    Last Run
---------------------------------  -----  ---------  --------  ----------  --------------  -------------------
/opt/airflow/dags/fx_rates_dag.py                           1           0  0.31s           2026-10-09T09:24:15
================================================================================
[2026-10-09T09:24:46.180+0000] {manager.py:879} INFO - 
================================================================================
DAG File Processing Stats

File Path                          PID    Runtime      # DAGs    # Errors  Last Runtime    Last Run
---------------------------------  -----  ---------  --------  ----------  --------------  -------------------
/opt/airflow/dags/fx_rates_dag.py                           1           0  0.21s           2026-10-09T09:24:46
================================================================================
[2026-10-09T09:25:16.766+0000] {manager.py:879} INFO - 
================================================================================
DAG File Processing Stats

File Path                          PID    Runtime      # DAGs    # Errors  Last Runtime    Last Run
---------------------------------  -----  ---------  --------  ----------  --------------  -------------------
/opt/airflow/dags/fx_rates_dag.py                           1           0  0.11s           2026-10-09T09:25:16
================================================================================
[2026-10-09T09:25:47.231+0000] {manager.py:879} INFO - 
================================================================================
DAG File Processing Stats

File Path                          PID    Runtime      # DAGs    # Errors  Last Runtime    Last Run
---------------------------------  -----  ---------  --------  ----------  --------------  -------------------
/opt/airflow/dags/fx_rates_dag.py                           1           0  0.11s           2026-10-09T09:25:47
================================================================================
[2026-10-09T09:26:17.406+0000] {manager.py:879} INFO - 
================================================================================
DAG File Processing Stats

File Path                          PID    Runtime      # DAGs    # Errors  Last Runtime    Last Run
---------------------------------  -----  ---------  --------  ----------  --------------  -------------------
/opt/airflow/dags/fx_rates_dag.py                           1           0  0.11s           2026-10-09T09:26:17
================================================================================
[2026-10-09T09:26:47.682+0000] {manager.py:879} INFO - 
================================================================================
DAG File Processing Stats

File Path                          PID    Runtime      # DAGs    # Errors  Last Runtime    Last Run
---------------------------------  -----  ---------  --------  ----------  --------------  -------------------
/opt/airflow/dags/fx_rates_dag.py                           1           0  0.21s           2026-10-09T09:26:47
================================================================================
[2026-10-09T09:27:18.418+0000] {manager.py:879} INFO - 
================================================================================
DAG File Processing Stats

File Path                          PID    Runtime      # DAGs    # Errors  Last Runtime    Last Run
---------------------------------  -----  ---------  --------  ----------  --------------  -------------------
/opt/airflow/dags/fx_rates_dag.py                           1           0  0.20s           2026-10-09T09:27:18
================================================================================
[2026-10-09T09:27:48.740+0000] {manager.py:879} INFO - 
================================================================================
DAG File Processing Stats

File Path                          PID    Runtime      # DAGs    # Errors  Last Runtime    Last Run
---------------------------------  -----  ---------  --------  ----------  --------------  -------------------
/opt/airflow/dags/fx_rates_dag.py                           1           0  0.20s           2026-10-09T09:27:48
================================================================================
[2026-10-09T09:28:18.966+0000] {manager.py:879} INFO - 
================================================================================
DAG File Processing Stats

File Path                          PID    Runtime      # DAGs    # Errors  Last Runtime    Last Run
---------------------------------  -----  ---------  --------  ----------  --------------  -------------------
/opt/airflow/dags/fx_rates_dag.py                           1           0  0.11s           2026-10-09T09:28:18
================================================================================
[2026-10-09T09:28:49.290+0000] {manager.py:879} INFO - 
================================================================================
DAG File Processing Stats

File Path                          PID    Runtime      # DAGs    # Errors  Last Runtime    Last Run
---------------------------------  -----  ---------  --------  ----------  --------------  -------------------
/opt/airflow/dags/fx_rates_dag.py                           1           0  0.21s           2026-10-09T09:28:49
================================================================================
[2026-10-09T09:29:15.740+0000] {manager.py:738} INFO - Searching for files in /opt/airflow/dags
[2026-10-09T09:29:15.761+0000] {manager.py:741} INFO - There are 1 files in /opt/airflow/dags
[2026-10-09T09:29:19.501+0000] {manager.py:879} INFO - 
================================================================================
DAG File Processing Stats

File Path                          PID    Runtime      # DAGs    # Errors  Last Runtime    Last Run
---------------------------------  -----  ---------  --------  ----------  --------------  -------------------
/opt/airflow/dags/fx_rates_dag.py                           1           0  0.10s           2026-10-09T09:29:19
================================================================================
[2026-10-09T09:29:49.767+0000] {manager.py:879} INFO - 
================================================================================
DAG File Processing Stats

File Path                          PID    Runtime      # DAGs    # Errors  Last Runtime    Last Run
---------------------------------  -----  ---------  --------  ----------  --------------  -------------------
/opt/airflow/dags/fx_rates_dag.py                           1           0  0.20s           2026-10-09T09:29:49
================================================================================
[2026-10-09T09:30:20.091+0000] {manager.py:879} INFO - 
================================================================================
DAG File Processing Stats

File Path                          PID    Runtime      # DAGs    # Errors  Last Runtime    Last Run
---------------------------------  -----  ---------  --------  ----------  --------------  -------------------
/opt/airflow/dags/fx_rates_dag.py                           1           0  0.20s           2026-10-09T09:30:20
================================================================================
[2026-10-09T09:30:50.315+0000] {manager.py:879} INFO - 
================================================================================
DAG File Processing Stats

File Path                          PID    Runtime      # DAGs    # Errors  Last Runtime    Last Run
---------------------------------  -----  ---------  --------  ----------  --------------  -------------------
/opt/airflow/dags/fx_rates_dag.py                           1           0  0.11s           2026-10-09T09:30:50
================================================================================
[2026-10-09T09:31:20.540+0000] {manager.py:879} INFO - 
================================================================================
DAG File Processing Stats

File Path                          PID    Runtime      # DAGs    # Errors  Last Runtime    Last Run
---------------------------------  -----  ---------  --------  ----------  --------------  -------------------
/opt/airflow/dags/fx_rates_dag.py                           1           0  0.11s           2026-10-09T09:31:20
================================================================================
[2026-10-09T09:31:50.762+0000] {manager.py:879} INFO - 
================================================================================
DAG File Processing Stats

File Path                          PID    Runtime      # DAGs    # Errors  Last Runtime    Last Run
---------------------------------  -----  ---------  --------  ----------  --------------  -------------------
/opt/airflow/dags/fx_rates_dag.py                           1           0  0.10s           2026-10-09T09:31:50
================================================================================
[2026-10-09T09:32:20.990+0000] {manager.py:879} INFO - 
================================================================================
DAG File Processing Stats

File Path                          PID    Runtime      # DAGs    # Errors  Last Runtime    Last Run
---------------------------------  -----  ---------  --------  ----------  --------------  -------------------
/opt/airflow/dags/fx_rates_dag.py                           1           0  0.10s           2026-10-09T09:32:20
================================================================================
[2026-10-09T09:32:51.220+0000] {manager.py:879} INFO - 
================================================================================
DAG File Processing Stats

File Path                          PID    Runtime      # DAGs    # Errors  Last Runtime    Last Run
---------------------------------  -----  ---------  --------  ----------  --------------  -------------------
/opt/airflow/dags/fx_rates_dag.py                           1           0  0.11s           2026-10-09T09:32:51
================================================================================
[2026-10-09T09:33:21.445+0000] {manager.py:879} INFO - 
================================================================================
DAG File Processing Stats

File Path                          PID    Runtime      # DAGs    # Errors  Last Runtime    Last Run
---------------------------------  -----  ---------  --------  ----------  --------------  -------------------
/opt/airflow/dags/fx_rates_dag.py                           1           0  0.11s           2026-10-09T09:33:21
================================================================================
[2026-10-09T09:33:51.622+0000] {manager.py:879} INFO - 
================================================================================
DAG File Processing Stats

File Path                          PID    Runtime      # DAGs    # Errors  Last Runtime    Last Run
---------------------------------  -----  ---------  --------  ----------  --------------  -------------------
/opt/airflow/dags/fx_rates_dag.py                           1           0  0.11s           2026-10-09T09:33:51
================================================================================
[2026-10-09T09:34:15.778+0000] {manager.py:738} INFO - Searching for files in /opt/airflow/dags
[2026-10-09T09:34:15.800+0000] {manager.py:741} INFO - There are 1 files in /opt/airflow/dags
[2026-10-09T09:34:21.850+0000] {manager.py:879} INFO - 
================================================================================
DAG File Processing Stats

File Path                          PID    Runtime      # DAGs    # Errors  Last Runtime    Last Run
---------------------------------  -----  ---------  --------  ----------  --------------  -------------------
/opt/airflow/dags/fx_rates_dag.py                           1           0  0.11s           2026-10-09T09:34:21
================================================================================
[2026-10-09T09:34:52.183+0000] {manager.py:879} INFO - 
================================================================================
DAG File Processing Stats

File Path                          PID    Runtime      # DAGs    # Errors  Last Runtime    Last Run
---------------------------------  -----  ---------  --------  ----------  --------------  -------------------
/opt/airflow/dags/fx_rates_dag.py                           1           0  0.21s           2026-10-09T09:34:52
================================================================================
[2026-10-09T09:35:22.415+0000] {manager.py:879} INFO - 
================================================================================
DAG File Processing Stats

File Path                          PID    Runtime      # DAGs    # Errors  Last Runtime    Last Run
---------------------------------  -----  ---------  --------  ----------  --------------  -------------------
/opt/airflow/dags/fx_rates_dag.py                           1           0  0.11s           2026-10-09T09:35:22
================================================================================
[2026-10-09T09:35:52.640+0000] {manager.py:879} INFO - 
================================================================================
DAG File Processing Stats

File Path                          PID    Runtime      # DAGs    # Errors  Last Runtime    Last Run
---------------------------------  -----  ---------  --------  ----------  --------------  -------------------
/opt/airflow/dags/fx_rates_dag.py                           1           0  0.10s           2026-10-09T09:35:52
================================================================================
[2026-10-09T09:36:22.810+0000] {manager.py:879} INFO - 
================================================================================
DAG File Processing Stats

File Path                          PID    Runtime      # DAGs    # Errors  Last Runtime    Last Run
---------------------------------  -----  ---------  --------  ----------  --------------  -------------------
/opt/airflow/dags/fx_rates_dag.py                           1           0  0.11s           2026-10-09T09:36:22
================================================================================
[2026-10-09T09:36:53.065+0000] {manager.py:879} INFO - 
================================================================================
DAG File Processing Stats

File Path                          PID    Runtime      # DAGs    # Errors  Last Runtime    Last Run
---------------------------------  -----  ---------  --------  ----------  --------------  -------------------
/opt/airflow/dags/fx_rates_dag.py                           1           0  0.11s           2026-10-09T09:36:53
================================================================================
[2026-10-09T09:37:23.281+0000] {manager.py:879} INFO - 
================================================================================
DAG File Processing Stats

File Path                          PID    Runtime      # DAGs    # Errors  Last Runtime    Last Run
---------------------------------  -----  ---------  --------  ----------  --------------  -------------------
/opt/airflow/dags/fx_rates_dag.py                           1           0  0.11s           2026-10-09T09:37:23
================================================================================
[2026-10-09T09:37:53.446+0000] {manager.py:879} INFO - 
================================================================================
DAG File Processing Stats

File Path                          PID    Runtime      # DAGs    # Errors  Last Runtime    Last Run
---------------------------------  -----  ---------  --------  ----------  --------------  -------------------
/opt/airflow/dags/fx_rates_dag.py                           1           0  0.11s           2026-10-09T09:37:53
================================================================================
[2026-10-09T09:38:23.721+0000] {manager.py:879} INFO - 
================================================================================
DAG File Processing Stats

File Path                          PID    Runtime      # DAGs    # Errors  Last Runtime    Last Run
---------------------------------  -----  ---------  --------  ----------  --------------  -------------------
/opt/airflow/dags/fx_rates_dag.py                           1           0  0.20s           2026-10-09T09:38:23
================================================================================
[2026-10-09T09:38:53.945+0000] {manager.py:879} INFO - 
================================================================================
DAG File Processing Stats

File Path                          PID    Runtime      # DAGs    # Errors  Last Runtime    Last Run
---------------------------------  -----  ---------  --------  ----------  --------------  -------------------
/opt/airflow/dags/fx_rates_dag.py                           1           0  0.10s           2026-10-09T09:38:53
================================================================================
[2026-10-09T09:39:16.292+0000] {manager.py:738} INFO - Searching for files in /opt/airflow/dags
[2026-10-09T09:39:16.313+0000] {manager.py:741} INFO - There are 1 files in /opt/airflow/dags
[2026-10-09T09:39:24.174+0000] {manager.py:879} INFO - 
================================================================================
DAG File Processing Stats

File Path                          PID    Runtime      # DAGs    # Errors  Last Runtime    Last Run
---------------------------------  -----  ---------  --------  ----------  --------------  -------------------
/opt/airflow/dags/fx_rates_dag.py                           1           0  0.11s           2026-10-09T09:39:24
================================================================================
[2026-10-09T09:39:54.400+0000] {manager.py:879} INFO - 
================================================================================
DAG File Processing Stats

File Path                          PID    Runtime      # DAGs    # Errors  Last Runtime    Last Run
---------------------------------  -----  ---------  --------  ----------  --------------  -------------------
/opt/airflow/dags/fx_rates_dag.py                           1           0  0.11s           2026-10-09T09:39:54
================================================================================
[2026-10-09T09:40:24.517+0000] {manager.py:879} INFO - 
================================================================================
DAG File Processing Stats

File Path                          PID    Runtime      # DAGs    # Errors  Last Runtime    Last Run
---------------------------------  -----  ---------  --------  ----------  --------------  -------------------
/opt/airflow/dags/fx_rates_dag.py                           1           0  0.11s           2026-10-09T09:40:24
================================================================================
[2026-10-09T09:40:54.843+0000] {manager.py:879} INFO - 
================================================================================
DAG File Processing Stats

File Path                          PID    Runtime      # DAGs    # Errors  Last Runtime    Last Run
---------------------------------  -----  ---------  --------  ----------  --------------  -------------------
/opt/airflow/dags/fx_rates_dag.py                           1           0  0.20s           2026-10-09T09:40:54
================================================================================
[2026-10-09T09:41:25.070+0000] {manager.py:879} INFO - 
================================================================================
DAG File Processing Stats

File Path                          PID    Runtime      # DAGs    # Errors  Last Runtime    Last Run
---------------------------------  -----  ---------  --------  ----------  --------------  -------------------
/opt/airflow/dags/fx_rates_dag.py                           1           0  0.11s           2026-10-09T09:41:25
================================================================================
[2026-10-09T09:41:55.395+0000] {manager.py:879} INFO - 
================================================================================
DAG File Processing Stats

File Path                          PID    Runtime      # DAGs    # Errors  Last Runtime    Last Run
---------------------------------  -----  ---------  --------  ----------  --------------  -------------------
/opt/airflow/dags/fx_rates_dag.py                           1           0  0.20s           2026-10-09T09:41:55
================================================================================
[2026-10-09T09:42:25.622+0000] {manager.py:879} INFO - 
================================================================================
DAG File Processing Stats

File Path                          PID    Runtime      # DAGs    # Errors  Last Runtime    Last Run
---------------------------------  -----  ---------  --------  ----------  --------------  -------------------
/opt/airflow/dags/fx_rates_dag.py                           1           0  0.11s           2026-10-09T09:42:25
================================================================================
[2026-10-09T09:42:55.947+0000] {manager.py:879} INFO - 
================================================================================
DAG File Processing Stats

File Path                          PID    Runtime      # DAGs    # Errors  Last Runtime    Last Run
---------------------------------  -----  ---------  --------  ----------  --------------  -------------------
/opt/airflow/dags/fx_rates_dag.py                           1           0  0.20s           2026-10-09T09:42:55
================================================================================
[2026-10-09T09:43:26.172+0000] {manager.py:879} INFO - 
================================================================================
DAG File Processing Stats

File Path                          PID    Runtime      # DAGs    # Errors  Last Runtime    Last Run
---------------------------------  -----  ---------  --------  ----------  --------------  -------------------
/opt/airflow/dags/fx_rates_dag.py                           1           0  0.11s           2026-10-09T09:43:26
================================================================================
[2026-10-09T09:43:56.396+0000] {manager.py:879} INFO - 
================================================================================
DAG File Processing Stats

File Path                          PID    Runtime      # DAGs    # Errors  Last Runtime    Last Run
---------------------------------  -----  ---------  --------  ----------  --------------  -------------------
/opt/airflow/dags/fx_rates_dag.py                           1           0  0.11s           2026-10-09T09:43:56
================================================================================
[2026-10-09T09:44:16.611+0000] {manager.py:738} INFO - Searching for files in /opt/airflow/dags
[2026-10-09T09:44:16.632+0000] {manager.py:741} INFO - There are 1 files in /opt/airflow/dags
[2026-10-09T09:44:26.625+0000] {manager.py:879} INFO - 
================================================================================
DAG File Processing Stats

File Path                          PID    Runtime      # DAGs    # Errors  Last Runtime    Last Run
---------------------------------  -----  ---------  --------  ----------  --------------  -------------------
/opt/airflow/dags/fx_rates_dag.py                           1           0  0.11s           2026-10-09T09:44:26
================================================================================
[2026-10-09T09:44:56.850+0000] {manager.py:879} INFO - 
================================================================================
DAG File Processing Stats

File Path                          PID    Runtime      # DAGs    # Errors  Last Runtime    Last Run
---------------------------------  -----  ---------  --------  ----------  --------------  -------------------
/opt/airflow/dags/fx_rates_dag.py                           1           0  0.11s           2026-10-09T09:44:56
================================================================================
[2026-10-09T09:45:27.076+0000] {manager.py:879} INFO - 
================================================================================
DAG File Processing Stats

File Path                          PID    Runtime      # DAGs    # Errors  Last Runtime    Last Run
---------------------------------  -----  ---------  --------  ----------  --------------  -------------------
/opt/airflow/dags/fx_rates_dag.py                           1           0  0.11s           2026-10-09T09:45:27
================================================================================
[2026-10-09T09:45:57.402+0000] {manager.py:879} INFO - 
================================================================================
DAG File Processing Stats

File Path                          PID    Runtime      # DAGs    # Errors  Last Runtime    Last Run
---------------------------------  -----  ---------  --------  ----------  --------------  -------------------
/opt/airflow/dags/fx_rates_dag.py                           1           0  0.21s           2026-10-09T09:45:57
================================================================================
[2026-10-09T09:46:27.651+0000] {manager.py:879} INFO - 
================================================================================
DAG File Processing Stats

File Path                          PID    Runtime      # DAGs    # Errors  Last Runtime    Last Run
---------------------------------  -----  ---------  --------  ----------  --------------  -------------------
/opt/airflow/dags/fx_rates_dag.py                           1           0  0.11s           2026-10-09T09:46:27
================================================================================
[2026-10-09T09:46:57.884+0000] {manager.py:879} INFO - 
================================================================================
DAG File Processing Stats

File Path                          PID    Runtime      # DAGs    # Errors  Last Runtime    Last Run
---------------------------------  -----  ---------  --------  ----------  --------------  -------------------
/opt/airflow/dags/fx_rates_dag.py                           1           0  0.11s           2026-10-09T09:46:57
================================================================================
[2026-10-09T09:47:28.114+0000] {manager.py:879} INFO - 
================================================================================
DAG File Processing Stats

File Path                          PID    Runtime      # DAGs    # Errors  Last Runtime    Last Run
---------------------------------  -----  ---------  --------  ----------  --------------  -------------------
/opt/airflow/dags/fx_rates_dag.py                           1           0  0.11s           2026-10-09T09:47:28
================================================================================
[2026-10-09T09:47:58.344+0000] {manager.py:879} INFO - 
================================================================================
DAG File Processing Stats

File Path                          PID    Runtime      # DAGs    # Errors  Last Runtime    Last Run
---------------------------------  -----  ---------  --------  ----------  --------------  -------------------
/opt/airflow/dags/fx_rates_dag.py                           1           0  0.11s           2026-10-09T09:47:58
================================================================================
[2026-10-09T09:48:28.571+0000] {manager.py:879} INFO - 
================================================================================
DAG File Processing Stats

File Path                          PID    Runtime      # DAGs    # Errors  Last Runtime    Last Run
---------------------------------  -----  ---------  --------  ----------  --------------  -------------------
/opt/airflow/dags/fx_rates_dag.py                           1           0  0.11s           2026-10-09T09:48:28
================================================================================
[2026-10-09T09:48:58.906+0000] {manager.py:879} INFO - 
================================================================================
DAG File Processing Stats

File Path                          PID    Runtime      # DAGs    # Errors  Last Runtime    Last Run
---------------------------------  -----  ---------  --------  ----------  --------------  -------------------
/opt/airflow/dags/fx_rates_dag.py                           1           0  0.11s           2026-10-09T09:48:58
================================================================================
[2026-10-09T09:49:16.795+0000] {manager.py:738} INFO - Searching for files in /opt/airflow/dags
[2026-10-09T09:49:16.816+0000] {manager.py:741} INFO - There are 1 files in /opt/airflow/dags
[2026-10-09T09:49:29.230+0000] {manager.py:879} INFO - 
================================================================================
DAG File Processing Stats

File Path                          PID    Runtime      # DAGs    # Errors  Last Runtime    Last Run
---------------------------------  -----  ---------  --------  ----------  --------------  -------------------
/opt/airflow/dags/fx_rates_dag.py                           1           0  0.20s           2026-10-09T09:49:29
================================================================================
[2026-10-09T09:49:59.462+0000] {manager.py:879} INFO - 
================================================================================
DAG File Processing Stats

File Path                          PID    Runtime      # DAGs    # Errors  Last Runtime    Last Run
---------------------------------  -----  ---------  --------  ----------  --------------  -------------------
/opt/airflow/dags/fx_rates_dag.py                           1           0  0.11s           2026-10-09T09:49:59
================================================================================
[2026-10-09T09:50:29.785+0000] {manager.py:879} INFO - 
================================================================================
DAG File Processing Stats

File Path                          PID    Runtime      # DAGs    # Errors  Last Runtime    Last Run
---------------------------------  -----  ---------  --------  ----------  --------------  -------------------
/opt/airflow/dags/fx_rates_dag.py                           1           0  0.21s           2026-10-09T09:50:29
================================================================================
[2026-10-09T09:51:00.013+0000] {manager.py:879} INFO - 
================================================================================
DAG File Processing Stats

File Path                          PID    Runtime      # DAGs    # Errors  Last Runtime    Last Run
---------------------------------  -----  ---------  --------  ----------  --------------  -------------------
/opt/airflow/dags/fx_rates_dag.py                           1           0  0.11s           2026-10-09T09:51:00
================================================================================
[2026-10-09T09:51:30.340+0000] {manager.py:879} INFO - 
================================================================================
DAG File Processing Stats

File Path                          PID    Runtime      # DAGs    # Errors  Last Runtime    Last Run
---------------------------------  -----  ---------  --------  ----------  --------------  -------------------
/opt/airflow/dags/fx_rates_dag.py                           1           0  0.21s           2026-10-09T09:51:30
================================================================================
[2026-10-09T09:52:00.570+0000] {manager.py:879} INFO - 
================================================================================
DAG File Processing Stats

File Path                          PID    Runtime      # DAGs    # Errors  Last Runtime    Last Run
---------------------------------  -----  ---------  --------  ----------  --------------  -------------------
/opt/airflow/dags/fx_rates_dag.py                           1           0  0.11s           2026-10-09T09:52:00
================================================================================
[2026-10-09T09:52:30.797+0000] {manager.py:879} INFO - 
================================================================================
DAG File Processing Stats

File Path                          PID    Runtime      # DAGs    # Errors  Last Runtime    Last Run
---------------------------------  -----  ---------  --------  ----------  --------------  -------------------
/opt/airflow/dags/fx_rates_dag.py                           1           0  0.11s           2026-10-09T09:52:30
================================================================================
[2026-10-09T09:53:00.945+0000] {manager.py:879} INFO - 
================================================================================
DAG File Processing Stats

File Path                          PID    Runtime      # DAGs    # Errors  Last Runtime    Last Run
---------------------------------  -----  ---------  --------  ----------  --------------  -------------------
/opt/airflow/dags/fx_rates_dag.py                           1           0  0.11s           2026-10-09T09:53:00
================================================================================
[2026-10-09T09:53:31.175+0000] {manager.py:879} INFO - 
================================================================================
DAG File Processing Stats

File Path                          PID    Runtime      # DAGs    # Errors  Last Runtime    Last Run
---------------------------------  -----  ---------  --------  ----------  --------------  -------------------
/opt/airflow/dags/fx_rates_dag.py                           1           0  0.11s           2026-10-09T09:53:31
================================================================================
[2026-10-09T09:54:01.403+0000] {manager.py:879} INFO - 
================================================================================
DAG File Processing Stats

File Path                          PID    Runtime      # DAGs    # Errors  Last Runtime    Last Run
---------------------------------  -----  ---------  --------  ----------  --------------  -------------------
/opt/airflow/dags/fx_rates_dag.py                           1           0  0.11s           2026-10-09T09:54:01
================================================================================
[2026-10-09T09:54:17.169+0000] {manager.py:738} INFO - Searching for files in /opt/airflow/dags
[2026-10-09T09:54:17.191+0000] {manager.py:741} INFO - There are 1 files in /opt/airflow/dags
[2026-10-09T09:54:31.728+0000] {manager.py:879} INFO - 
================================================================================
DAG File Processing Stats

File Path                          PID    Runtime      # DAGs    # Errors  Last Runtime    Last Run
---------------------------------  -----  ---------  --------  ----------  --------------  -------------------
/opt/airflow/dags/fx_rates_dag.py                           1           0  0.21s           2026-10-09T09:54:31
================================================================================
[2026-10-09T09:55:01.954+0000] {manager.py:879} INFO - 
================================================================================
DAG File Processing Stats

File Path                          PID    Runtime      # DAGs    # Errors  Last Runtime    Last Run
---------------------------------  -----  ---------  --------  ----------  --------------  -------------------
/opt/airflow/dags/fx_rates_dag.py                           1           0  0.11s           2026-10-09T09:55:01
================================================================================
[2026-10-09T09:55:32.184+0000] {manager.py:879} INFO - 
================================================================================
DAG File Processing Stats

File Path                          PID    Runtime      # DAGs    # Errors  Last Runtime    Last Run
---------------------------------  -----  ---------  --------  ----------  --------------  -------------------
/opt/airflow/dags/fx_rates_dag.py                           1           0  0.11s           2026-10-09T09:55:32
================================================================================
[2026-10-09T09:56:02.414+0000] {manager.py:879} INFO - 
================================================================================
DAG File Processing Stats

File Path                          PID    Runtime      # DAGs    # Errors  Last Runtime    Last Run
---------------------------------  -----  ---------  --------  ----------  --------------  -------------------
/opt/airflow/dags/fx_rates_dag.py                           1           0  0.11s           2026-10-09T09:56:02
================================================================================
[2026-10-09T09:56:32.740+0000] {manager.py:879} INFO - 
================================================================================
DAG File Processing Stats

File Path                          PID    Runtime      # DAGs    # Errors  Last Runtime    Last Run
---------------------------------  -----  ---------  --------  ----------  --------------  -------------------
/opt/airflow/dags/fx_rates_dag.py                           1           0  0.21s           2026-10-09T09:56:32
================================================================================
[2026-10-09T09:57:03.063+0000] {manager.py:879} INFO - 
================================================================================
DAG File Processing Stats

File Path                          PID    Runtime      # DAGs    # Errors  Last Runtime    Last Run
---------------------------------  -----  ---------  --------  ----------  --------------  -------------------
/opt/airflow/dags/fx_rates_dag.py                           1           0  0.21s           2026-10-09T09:57:03
================================================================================
[2026-10-09T09:57:33.293+0000] {manager.py:879} INFO - 
================================================================================
DAG File Processing Stats

File Path                          PID    Runtime      # DAGs    # Errors  Last Runtime    Last Run
---------------------------------  -----  ---------  --------  ----------  --------------  -------------------
/opt/airflow/dags/fx_rates_dag.py                           1           0  0.11s           2026-10-09T09:57:33
================================================================================
[2026-10-09T09:58:03.721+0000] {manager.py:879} INFO - 
================================================================================
DAG File Processing Stats

File Path                          PID    Runtime      # DAGs    # Errors  Last Runtime    Last Run
---------------------------------  -----  ---------  --------  ----------  --------------  -------------------
/opt/airflow/dags/fx_rates_dag.py                           1           0  0.31s           2026-10-09T09:58:03
================================================================================
[2026-10-09T09:58:33.858+0000] {manager.py:879} INFO - 
================================================================================
DAG File Processing Stats

File Path                          PID    Runtime      # DAGs    # Errors  Last Runtime    Last Run
---------------------------------  -----  ---------  --------  ----------  --------------  -------------------
/opt/airflow/dags/fx_rates_dag.py                           1           0  0.11s           2026-10-09T09:58:33
================================================================================
[2026-10-09T09:59:04.187+0000] {manager.py:879} INFO - 
================================================================================
DAG File Processing Stats

File Path                          PID    Runtime      # DAGs    # Errors  Last Runtime    Last Run
---------------------------------  -----  ---------  --------  ----------  --------------  -------------------
/opt/airflow/dags/fx_rates_dag.py                           1           0  0.21s           2026-10-09T09:59:04
================================================================================
[2026-10-09T09:59:17.520+0000] {manager.py:738} INFO - Searching for files in /opt/airflow/dags
[2026-10-09T09:59:17.542+0000] {manager.py:741} INFO - There are 1 files in /opt/airflow/dags
[2026-10-09T09:59:34.419+0000] {manager.py:879} INFO - 
================================================================================
DAG File Processing Stats

File Path                          PID    Runtime      # DAGs    # Errors  Last Runtime    Last Run
---------------------------------  -----  ---------  --------  ----------  --------------  -------------------
/opt/airflow/dags/fx_rates_dag.py                           1           0  0.11s           2026-10-09T09:59:34
================================================================================
[2026-10-09T10:00:04.746+0000] {manager.py:879} INFO - 
================================================================================
DAG File Processing Stats

File Path                          PID    Runtime      # DAGs    # Errors  Last Runtime    Last Run
---------------------------------  -----  ---------  --------  ----------  --------------  -------------------
/opt/airflow/dags/fx_rates_dag.py                           1           0  0.21s           2026-10-09T10:00:04
================================================================================
[2026-10-09T10:00:35.072+0000] {manager.py:879} INFO - 
================================================================================
DAG File Processing Stats

File Path                          PID    Runtime      # DAGs    # Errors  Last Runtime    Last Run
---------------------------------  -----  ---------  --------  ----------  --------------  -------------------
/opt/airflow/dags/fx_rates_dag.py                           1           0  0.21s           2026-10-09T10:00:35
================================================================================
[2026-10-09T10:01:05.379+0000] {manager.py:879} INFO - 
================================================================================
DAG File Processing Stats

File Path                          PID    Runtime      # DAGs    # Errors  Last Runtime    Last Run
---------------------------------  -----  ---------  --------  ----------  --------------  -------------------
/opt/airflow/dags/fx_rates_dag.py                           1           0  0.10s           2026-10-09T10:01:05
================================================================================
[2026-10-09T10:01:35.659+0000] {manager.py:879} INFO - 
================================================================================
DAG File Processing Stats

File Path                          PID    Runtime      # DAGs    # Errors  Last Runtime    Last Run
---------------------------------  -----  ---------  --------  ----------  --------------  -------------------
/opt/airflow/dags/fx_rates_dag.py                           1           0  0.21s           2026-10-09T10:01:35
================================================================================
[2026-10-09T10:02:05.910+0000] {manager.py:879} INFO - 
================================================================================
DAG File Processing Stats

File Path                          PID    Runtime      # DAGs    # Errors  Last Runtime    Last Run
---------------------------------  -----  ---------  --------  ----------  --------------  -------------------
/opt/airflow/dags/fx_rates_dag.py                           1           0  0.11s           2026-10-09T10:02:05
================================================================================
[2026-10-09T10:02:36.133+0000] {manager.py:879} INFO - 
================================================================================
DAG File Processing Stats

File Path                          PID    Runtime      # DAGs    # Errors  Last Runtime    Last Run
---------------------------------  -----  ---------  --------  ----------  --------------  -------------------
/opt/airflow/dags/fx_rates_dag.py                           1           0  0.11s           2026-10-09T10:02:36
================================================================================
[2026-10-09T10:03:06.409+0000] {manager.py:879} INFO - 
================================================================================
DAG File Processing Stats

File Path                          PID    Runtime      # DAGs    # Errors  Last Runtime    Last Run
---------------------------------  -----  ---------  --------  ----------  --------------  -------------------
/opt/airflow/dags/fx_rates_dag.py                           1           0  0.21s           2026-10-09T10:03:06
================================================================================
[2026-10-09T10:03:36.638+0000] {manager.py:879} INFO - 
================================================================================
DAG File Processing Stats

File Path                          PID    Runtime      # DAGs    # Errors  Last Runtime    Last Run
---------------------------------  -----  ---------  --------  ----------  --------------  -------------------
/opt/airflow/dags/fx_rates_dag.py                           1           0  0.11s           2026-10-09T10:03:36
================================================================================
[2026-10-09T10:04:06.965+0000] {manager.py:879} INFO - 
================================================================================
DAG File Processing Stats

File Path                          PID    Runtime      # DAGs    # Errors  Last Runtime    Last Run
---------------------------------  -----  ---------  --------  ----------  --------------  -------------------
/opt/airflow/dags/fx_rates_dag.py                           1           0  0.21s           2026-10-09T10:04:06
================================================================================
[2026-10-09T10:04:17.675+0000] {manager.py:738} INFO - Searching for files in /opt/airflow/dags
[2026-10-09T10:04:17.696+0000] {manager.py:741} INFO - There are 1 files in /opt/airflow/dags
[2026-10-09T10:04:37.193+0000] {manager.py:879} INFO - 
================================================================================
DAG File Processing Stats

File Path                          PID    Runtime      # DAGs    # Errors  Last Runtime    Last Run
---------------------------------  -----  ---------  --------  ----------  --------------  -------------------
/opt/airflow/dags/fx_rates_dag.py                           1           0  0.11s           2026-10-09T10:04:37
================================================================================
[2026-10-09T10:05:07.420+0000] {manager.py:879} INFO - 
================================================================================
DAG File Processing Stats

File Path                          PID    Runtime      # DAGs    # Errors  Last Runtime    Last Run
---------------------------------  -----  ---------  --------  ----------  --------------  -------------------
/opt/airflow/dags/fx_rates_dag.py                           1           0  0.11s           2026-10-09T10:05:07
================================================================================
[2026-10-09T10:05:37.580+0000] {manager.py:879} INFO - 
================================================================================
DAG File Processing Stats

File Path                          PID    Runtime      # DAGs    # Errors  Last Runtime    Last Run
---------------------------------  -----  ---------  --------  ----------  --------------  -------------------
/opt/airflow/dags/fx_rates_dag.py                           1           0  0.11s           2026-10-09T10:05:37
================================================================================
[2026-10-09T10:06:07.810+0000] {manager.py:879} INFO - 
================================================================================
DAG File Processing Stats

File Path                          PID    Runtime      # DAGs    # Errors  Last Runtime    Last Run
---------------------------------  -----  ---------  --------  ----------  --------------  -------------------
/opt/airflow/dags/fx_rates_dag.py                           1           0  0.11s           2026-10-09T10:06:07
================================================================================
[2026-10-09T10:06:38.038+0000] {manager.py:879} INFO - 
================================================================================
DAG File Processing Stats

File Path                          PID    Runtime      # DAGs    # Errors  Last Runtime    Last Run
---------------------------------  -----  ---------  --------  ----------  --------------  -------------------
/opt/airflow/dags/fx_rates_dag.py                           1           0  0.11s           2026-10-09T10:06:38
================================================================================
[2026-10-09T10:07:08.365+0000] {manager.py:879} INFO - 
================================================================================
DAG File Processing Stats

File Path                          PID    Runtime      # DAGs    # Errors  Last Runtime    Last Run
---------------------------------  -----  ---------  --------  ----------  --------------  -------------------
/opt/airflow/dags/fx_rates_dag.py                           1           0  0.21s           2026-10-09T10:07:08
================================================================================
[2026-10-09T10:07:38.693+0000] {manager.py:879} INFO - 
================================================================================
DAG File Processing Stats

File Path                          PID    Runtime      # DAGs    # Errors  Last Runtime    Last Run
---------------------------------  -----  ---------  --------  ----------  --------------  -------------------
/opt/airflow/dags/fx_rates_dag.py                           1           0  0.21s           2026-10-09T10:07:38
================================================================================
[2026-10-09T10:08:09.018+0000] {manager.py:879} INFO - 
================================================================================
DAG File Processing Stats

File Path                          PID    Runtime      # DAGs    # Errors  Last Runtime    Last Run
---------------------------------  -----  ---------  --------  ----------  --------------  -------------------
/opt/airflow/dags/fx_rates_dag.py                           1           0  0.21s           2026-10-09T10:08:09
================================================================================
[2026-10-09T10:08:39.172+0000] {manager.py:879} INFO - 
================================================================================
DAG File Processing Stats

File Path                          PID    Runtime      # DAGs    # Errors  Last Runtime    Last Run
---------------------------------  -----  ---------  --------  ----------  --------------  -------------------
/opt/airflow/dags/fx_rates_dag.py                           1           0  0.11s           2026-10-09T10:08:39
================================================================================
[2026-10-09T10:09:09.398+0000] {manager.py:879} INFO - 
================================================================================
DAG File Processing Stats

File Path                          PID    Runtime      # DAGs    # Errors  Last Runtime    Last Run
---------------------------------  -----  ---------  --------  ----------  --------------  -------------------
/opt/airflow/dags/fx_rates_dag.py                           1           0  0.11s           2026-10-09T10:09:09
================================================================================
[2026-10-09T10:09:18.111+0000] {manager.py:738} INFO - Searching for files in /opt/airflow/dags
[2026-10-09T10:09:18.133+0000] {manager.py:741} INFO - There are 1 files in /opt/airflow/dags
[2026-10-09T10:09:39.628+0000] {manager.py:879} INFO - 
================================================================================
DAG File Processing Stats

File Path                          PID    Runtime      # DAGs    # Errors  Last Runtime    Last Run
---------------------------------  -----  ---------  --------  ----------  --------------  -------------------
/opt/airflow/dags/fx_rates_dag.py                           1           0  0.11s           2026-10-09T10:09:39
================================================================================
[2026-10-09T10:10:09.854+0000] {manager.py:879} INFO - 
================================================================================
DAG File Processing Stats

File Path                          PID    Runtime      # DAGs    # Errors  Last Runtime    Last Run
---------------------------------  -----  ---------  --------  ----------  --------------  -------------------
/opt/airflow/dags/fx_rates_dag.py                           1           0  0.11s           2026-10-09T10:10:09
================================================================================
[2026-10-09T10:10:40.084+0000] {manager.py:879} INFO - 
================================================================================
DAG File Processing Stats

File Path                          PID    Runtime      # DAGs    # Errors  Last Runtime    Last Run
---------------------------------  -----  ---------  --------  ----------  --------------  -------------------
/opt/airflow/dags/fx_rates_dag.py                           1           0  0.11s           2026-10-09T10:10:40
================================================================================
[2026-10-09T10:11:10.409+0000] {manager.py:879} INFO - 
================================================================================
DAG File Processing Stats

File Path                          PID    Runtime      # DAGs    # Errors  Last Runtime    Last Run
---------------------------------  -----  ---------  --------  ----------  --------------  -------------------
/opt/airflow/dags/fx_rates_dag.py                           1           0  0.21s           2026-10-09T10:11:10
================================================================================
[2026-10-09T10:11:40.641+0000] {manager.py:879} INFO - 
================================================================================
DAG File Processing Stats

File Path                          PID    Runtime      # DAGs    # Errors  Last Runtime    Last Run
---------------------------------  -----  ---------  --------  ----------  --------------  -------------------
/opt/airflow/dags/fx_rates_dag.py                           1           0  0.11s           2026-10-09T10:11:40
================================================================================
[2026-10-09T10:12:10.868+0000] {manager.py:879} INFO - 
================================================================================
DAG File Processing Stats

File Path                          PID    Runtime      # DAGs    # Errors  Last Runtime    Last Run
---------------------------------  -----  ---------  --------  ----------  --------------  -------------------
/opt/airflow/dags/fx_rates_dag.py                           1           0  0.10s           2026-10-09T10:12:10
================================================================================
[2026-10-09T10:12:41.093+0000] {manager.py:879} INFO - 
================================================================================
DAG File Processing Stats

File Path                          PID    Runtime      # DAGs    # Errors  Last Runtime    Last Run
---------------------------------  -----  ---------  --------  ----------  --------------  -------------------
/opt/airflow/dags/fx_rates_dag.py                           1           0  0.11s           2026-10-09T10:12:41
================================================================================
[2026-10-09T10:13:11.321+0000] {manager.py:879} INFO - 
================================================================================
DAG File Processing Stats

File Path                          PID    Runtime      # DAGs    # Errors  Last Runtime    Last Run
---------------------------------  -----  ---------  --------  ----------  --------------  -------------------
/opt/airflow/dags/fx_rates_dag.py                           1           0  0.10s           2026-10-09T10:13:11
================================================================================
[2026-10-09T10:13:41.523+0000] {manager.py:879} INFO - 
================================================================================
DAG File Processing Stats

File Path                          PID    Runtime      # DAGs    # Errors  Last Runtime    Last Run
---------------------------------  -----  ---------  --------  ----------  --------------  -------------------
/opt/airflow/dags/fx_rates_dag.py                           1           0  0.11s           2026-10-09T10:13:41
================================================================================
[2026-10-09T10:14:11.773+0000] {manager.py:879} INFO - 
================================================================================
DAG File Processing Stats

File Path                          PID    Runtime      # DAGs    # Errors  Last Runtime    Last Run
---------------------------------  -----  ---------  --------  ----------  --------------  -------------------
/opt/airflow/dags/fx_rates_dag.py                           1           0  0.11s           2026-10-09T10:14:11
================================================================================
[2026-10-09T10:14:18.118+0000] {manager.py:738} INFO - Searching for files in /opt/airflow/dags
[2026-10-09T10:14:18.140+0000] {manager.py:741} INFO - There are 1 files in /opt/airflow/dags
[2026-10-09T10:14:42.098+0000] {manager.py:879} INFO - 
================================================================================
DAG File Processing Stats

File Path                          PID    Runtime      # DAGs    # Errors  Last Runtime    Last Run
---------------------------------  -----  ---------  --------  ----------  --------------  -------------------
/opt/airflow/dags/fx_rates_dag.py                           1           0  0.21s           2026-10-09T10:14:42
================================================================================
[2026-10-09T10:15:12.424+0000] {manager.py:879} INFO - 
================================================================================
DAG File Processing Stats

File Path                          PID    Runtime      # DAGs    # Errors  Last Runtime    Last Run
---------------------------------  -----  ---------  --------  ----------  --------------  -------------------
/opt/airflow/dags/fx_rates_dag.py                           1           0  0.21s           2026-10-09T10:15:12
================================================================================
[2026-10-09T10:15:42.620+0000] {manager.py:879} INFO - 
================================================================================
DAG File Processing Stats

File Path                          PID    Runtime      # DAGs    # Errors  Last Runtime    Last Run
---------------------------------  -----  ---------  --------  ----------  --------------  -------------------
/opt/airflow/dags/fx_rates_dag.py                           1           0  0.10s           2026-10-09T10:15:42
================================================================================
[2026-10-09T10:16:12.852+0000] {manager.py:879} INFO - 
================================================================================
DAG File Processing Stats

File Path                          PID    Runtime      # DAGs    # Errors  Last Runtime    Last Run
---------------------------------  -----  ---------  --------  ----------  --------------  -------------------
/opt/airflow/dags/fx_rates_dag.py                           1           0  0.11s           2026-10-09T10:16:12
================================================================================
[2026-10-09T10:16:43.084+0000] {manager.py:879} INFO - 
================================================================================
DAG File Processing Stats

File Path                          PID    Runtime      # DAGs    # Errors  Last Runtime    Last Run
---------------------------------  -----  ---------  --------  ----------  --------------  -------------------
/opt/airflow/dags/fx_rates_dag.py                           1           0  0.11s           2026-10-09T10:16:43
================================================================================
[2026-10-09T10:17:13.315+0000] {manager.py:879} INFO - 
================================================================================
DAG File Processing Stats

File Path                          PID    Runtime      # DAGs    # Errors  Last Runtime    Last Run
---------------------------------  -----  ---------  --------  ----------  --------------  -------------------
/opt/airflow/dags/fx_rates_dag.py                           1           0  0.11s           2026-10-09T10:17:13
================================================================================
[2026-10-09T10:17:43.540+0000] {manager.py:879} INFO - 
================================================================================
DAG File Processing Stats

File Path                          PID    Runtime      # DAGs    # Errors  Last Runtime    Last Run
---------------------------------  -----  ---------  --------  ----------  --------------  -------------------
/opt/airflow/dags/fx_rates_dag.py                           1           0  0.10s           2026-10-09T10:17:43
================================================================================
[2026-10-09T10:18:13.769+0000] {manager.py:879} INFO - 
================================================================================
DAG File Processing Stats

File Path                          PID    Runtime      # DAGs    # Errors  Last Runtime    Last Run
---------------------------------  -----  ---------  --------  ----------  --------------  -------------------
/opt/airflow/dags/fx_rates_dag.py                           1           0  0.11s           2026-10-09T10:18:13
================================================================================
[2026-10-09T10:18:44.106+0000] {manager.py:879} INFO - 
================================================================================
DAG File Processing Stats

File Path                          PID    Runtime      # DAGs    # Errors  Last Runtime    Last Run
---------------------------------  -----  ---------  --------  ----------  --------------  -------------------
/opt/airflow/dags/fx_rates_dag.py                           1           0  0.21s           2026-10-09T10:18:44
================================================================================
[2026-10-09T10:19:14.333+0000] {manager.py:879} INFO - 
================================================================================
DAG File Processing Stats

File Path                          PID    Runtime      # DAGs    # Errors  Last Runtime    Last Run
---------------------------------  -----  ---------  --------  ----------  --------------  -------------------
/opt/airflow/dags/fx_rates_dag.py                           1           0  0.11s           2026-10-09T10:19:14
================================================================================
[2026-10-09T10:19:18.706+0000] {manager.py:738} INFO - Searching for files in /opt/airflow/dags
[2026-10-09T10:19:18.727+0000] {manager.py:741} INFO - There are 1 files in /opt/airflow/dags
[2026-10-09T10:19:44.560+0000] {manager.py:879} INFO - 
================================================================================
DAG File Processing Stats

File Path                          PID    Runtime      # DAGs    # Errors  Last Runtime    Last Run
---------------------------------  -----  ---------  --------  ----------  --------------  -------------------
/opt/airflow/dags/fx_rates_dag.py                           1           0  0.10s           2026-10-09T10:19:44
================================================================================
[2026-10-09T10:20:14.785+0000] {manager.py:879} INFO - 
================================================================================
DAG File Processing Stats

File Path                          PID    Runtime      # DAGs    # Errors  Last Runtime    Last Run
---------------------------------  -----  ---------  --------  ----------  --------------  -------------------
/opt/airflow/dags/fx_rates_dag.py                           1           0  0.10s           2026-10-09T10:20:14
================================================================================
[2026-10-09T10:20:44.978+0000] {manager.py:879} INFO - 
================================================================================
DAG File Processing Stats

File Path                          PID    Runtime      # DAGs    # Errors  Last Runtime    Last Run
---------------------------------  -----  ---------  --------  ----------  --------------  -------------------
/opt/airflow/dags/fx_rates_dag.py                           1           0  0.11s           2026-10-09T10:20:44
================================================================================
[2026-10-09T10:21:15.205+0000] {manager.py:879} INFO - 
================================================================================
DAG File Processing Stats

File Path                          PID    Runtime      # DAGs    # Errors  Last Runtime    Last Run
---------------------------------  -----  ---------  --------  ----------  --------------  -------------------
/opt/airflow/dags/fx_rates_dag.py                           1           0  0.10s           2026-10-09T10:21:15
================================================================================
[2026-10-09T10:21:45.430+0000] {manager.py:879} INFO - 
================================================================================
DAG File Processing Stats

File Path                          PID    Runtime      # DAGs    # Errors  Last Runtime    Last Run
---------------------------------  -----  ---------  --------  ----------  --------------  -------------------
/opt/airflow/dags/fx_rates_dag.py                           1           0  0.11s           2026-10-09T10:21:45
================================================================================
[2026-10-09T10:22:15.655+0000] {manager.py:879} INFO - 
================================================================================
DAG File Processing Stats

File Path                          PID    Runtime      # DAGs    # Errors  Last Runtime    Last Run
---------------------------------  -----  ---------  --------  ----------  --------------  -------------------
/opt/airflow/dags/fx_rates_dag.py                           1           0  0.10s           2026-10-09T10:22:15
================================================================================
[2026-10-09T10:22:45.868+0000] {manager.py:879} INFO - 
================================================================================
DAG File Processing Stats

File Path                          PID    Runtime      # DAGs    # Errors  Last Runtime    Last Run
---------------------------------  -----  ---------  --------  ----------  --------------  -------------------
/opt/airflow/dags/fx_rates_dag.py                           1           0  0.11s           2026-10-09T10:22:45
================================================================================
[2026-10-09T10:23:16.099+0000] {manager.py:879} INFO - 
================================================================================
DAG File Processing Stats

File Path                          PID    Runtime      # DAGs    # Errors  Last Runtime    Last Run
---------------------------------  -----  ---------  --------  ----------  --------------  -------------------
/opt/airflow/dags/fx_rates_dag.py                           1           0  0.11s           2026-10-09T10:23:16
================================================================================
[2026-10-09T10:23:46.327+0000] {manager.py:879} INFO - 
================================================================================
DAG File Processing Stats

File Path                          PID    Runtime      # DAGs    # Errors  Last Runtime    Last Run
---------------------------------  -----  ---------  --------  ----------  --------------  -------------------
/opt/airflow/dags/fx_rates_dag.py                           1           0  0.11s           2026-10-09T10:23:46
================================================================================
[2026-10-09T10:24:16.554+0000] {manager.py:879} INFO - 
================================================================================
DAG File Processing Stats

File Path                          PID    Runtime      # DAGs    # Errors  Last Runtime    Last Run
---------------------------------  -----  ---------  --------  ----------  --------------  -------------------
/opt/airflow/dags/fx_rates_dag.py                           1           0  0.11s           2026-10-09T10:24:16
================================================================================
[2026-10-09T10:24:19.043+0000] {manager.py:738} INFO - Searching for files in /opt/airflow/dags
[2026-10-09T10:24:19.070+0000] {manager.py:741} INFO - There are 1 files in /opt/airflow/dags
[2026-10-09T10:24:46.778+0000] {manager.py:879} INFO - 
================================================================================
DAG File Processing Stats

File Path                          PID    Runtime      # DAGs    # Errors  Last Runtime    Last Run
---------------------------------  -----  ---------  --------  ----------  --------------  -------------------
/opt/airflow/dags/fx_rates_dag.py                           1           0  0.11s           2026-10-09T10:24:46
================================================================================
[2026-10-09T10:25:17.002+0000] {manager.py:879} INFO - 
================================================================================
DAG File Processing Stats

File Path                          PID    Runtime      # DAGs    # Errors  Last Runtime    Last Run
---------------------------------  -----  ---------  --------  ----------  --------------  -------------------
/opt/airflow/dags/fx_rates_dag.py                           1           0  0.11s           2026-10-09T10:25:17
================================================================================
[2026-10-09T10:25:47.248+0000] {manager.py:879} INFO - 
================================================================================
DAG File Processing Stats

File Path                          PID    Runtime      # DAGs    # Errors  Last Runtime    Last Run
---------------------------------  -----  ---------  --------  ----------  --------------  -------------------
/opt/airflow/dags/fx_rates_dag.py                           1           0  0.11s           2026-10-09T10:25:47
================================================================================
[2026-10-09T10:26:17.474+0000] {manager.py:879} INFO - 
================================================================================
DAG File Processing Stats

File Path                          PID    Runtime      # DAGs    # Errors  Last Runtime    Last Run
---------------------------------  -----  ---------  --------  ----------  --------------  -------------------
/opt/airflow/dags/fx_rates_dag.py                           1           0  0.11s           2026-10-09T10:26:17
================================================================================
[2026-10-09T10:26:47.675+0000] {manager.py:879} INFO - 
================================================================================
DAG File Processing Stats

File Path                          PID    Runtime      # DAGs    # Errors  Last Runtime    Last Run
---------------------------------  -----  ---------  --------  ----------  --------------  -------------------
/opt/airflow/dags/fx_rates_dag.py                           1           0  0.11s           2026-10-09T10:26:47
================================================================================
[2026-10-09T10:27:17.904+0000] {manager.py:879} INFO - 
================================================================================
DAG File Processing Stats

File Path                          PID    Runtime      # DAGs    # Errors  Last Runtime    Last Run
---------------------------------  -----  ---------  --------  ----------  --------------  -------------------
/opt/airflow/dags/fx_rates_dag.py                           1           0  0.10s           2026-10-09T10:27:17
================================================================================
[2026-10-09T10:27:48.129+0000] {manager.py:879} INFO - 
================================================================================
DAG File Processing Stats

File Path                          PID    Runtime      # DAGs    # Errors  Last Runtime    Last Run
---------------------------------  -----  ---------  --------  ----------  --------------  -------------------
/opt/airflow/dags/fx_rates_dag.py                           1           0  0.10s           2026-10-09T10:27:48
================================================================================
[2026-10-09T10:28:18.355+0000] {manager.py:879} INFO - 
================================================================================
DAG File Processing Stats

File Path                          PID    Runtime      # DAGs    # Errors  Last Runtime    Last Run
---------------------------------  -----  ---------  --------  ----------  --------------  -------------------
/opt/airflow/dags/fx_rates_dag.py                           1           0  0.11s           2026-10-09T10:28:18
================================================================================
[2026-10-09T10:28:48.676+0000] {manager.py:879} INFO - 
================================================================================
DAG File Processing Stats

File Path                          PID    Runtime      # DAGs    # Errors  Last Runtime    Last Run
---------------------------------  -----  ---------  --------  ----------  --------------  -------------------
/opt/airflow/dags/fx_rates_dag.py                           1           0  0.20s           2026-10-09T10:28:48
================================================================================
[2026-10-09T10:29:18.901+0000] {manager.py:879} INFO - 
================================================================================
DAG File Processing Stats

File Path                          PID    Runtime      # DAGs    # Errors  Last Runtime    Last Run
---------------------------------  -----  ---------  --------  ----------  --------------  -------------------
/opt/airflow/dags/fx_rates_dag.py                           1           0  0.11s           2026-10-09T10:29:18
================================================================================
[2026-10-09T10:29:19.369+0000] {manager.py:738} INFO - Searching for files in /opt/airflow/dags
[2026-10-09T10:29:19.391+0000] {manager.py:741} INFO - There are 1 files in /opt/airflow/dags
[2026-10-09T10:29:49.129+0000] {manager.py:879} INFO - 
================================================================================
DAG File Processing Stats

File Path                          PID    Runtime      # DAGs    # Errors  Last Runtime    Last Run
---------------------------------  -----  ---------  --------  ----------  --------------  -------------------
/opt/airflow/dags/fx_rates_dag.py                           1           0  0.11s           2026-10-09T10:29:49
================================================================================
[2026-10-09T10:30:19.453+0000] {manager.py:879} INFO - 
================================================================================
DAG File Processing Stats

File Path                          PID    Runtime      # DAGs    # Errors  Last Runtime    Last Run
---------------------------------  -----  ---------  --------  ----------  --------------  -------------------
/opt/airflow/dags/fx_rates_dag.py                           1           0  0.21s           2026-10-09T10:30:19
================================================================================
[2026-10-09T10:30:49.679+0000] {manager.py:879} INFO - 
================================================================================
DAG File Processing Stats

File Path                          PID    Runtime      # DAGs    # Errors  Last Runtime    Last Run
---------------------------------  -----  ---------  --------  ----------  --------------  -------------------
/opt/airflow/dags/fx_rates_dag.py                           1           0  0.11s           2026-10-09T10:30:49
================================================================================
[2026-10-09T10:31:19.904+0000] {manager.py:879} INFO - 
================================================================================
DAG File Processing Stats

File Path                          PID    Runtime      # DAGs    # Errors  Last Runtime    Last Run
---------------------------------  -----  ---------  --------  ----------  --------------  -------------------
/opt/airflow/dags/fx_rates_dag.py                           1           0  0.10s           2026-10-09T10:31:19
================================================================================
[2026-10-09T10:31:50.129+0000] {manager.py:879} INFO - 
================================================================================
DAG File Processing Stats

File Path                          PID    Runtime      # DAGs    # Errors  Last Runtime    Last Run
---------------------------------  -----  ---------  --------  ----------  --------------  -------------------
/opt/airflow/dags/fx_rates_dag.py                           1           0  0.11s           2026-10-09T10:31:50
================================================================================
[2026-10-09T10:32:20.355+0000] {manager.py:879} INFO - 
================================================================================
DAG File Processing Stats

File Path                          PID    Runtime      # DAGs    # Errors  Last Runtime    Last Run
---------------------------------  -----  ---------  --------  ----------  --------------  -------------------
/opt/airflow/dags/fx_rates_dag.py                           1           0  0.11s           2026-10-09T10:32:20
================================================================================
[2026-10-09T10:32:50.680+0000] {manager.py:879} INFO - 
================================================================================
DAG File Processing Stats

File Path                          PID    Runtime      # DAGs    # Errors  Last Runtime    Last Run
---------------------------------  -----  ---------  --------  ----------  --------------  -------------------
/opt/airflow/dags/fx_rates_dag.py                           1           0  0.21s           2026-10-09T10:32:50
================================================================================
[2026-10-09T10:33:20.903+0000] {manager.py:879} INFO - 
================================================================================
DAG File Processing Stats

File Path                          PID    Runtime      # DAGs    # Errors  Last Runtime    Last Run
---------------------------------  -----  ---------  --------  ----------  --------------  -------------------
/opt/airflow/dags/fx_rates_dag.py                           1           0  0.21s           2026-10-09T10:33:20
================================================================================
[2026-10-09T10:33:51.128+0000] {manager.py:879} INFO - 
================================================================================
DAG File Processing Stats

File Path                          PID    Runtime      # DAGs    # Errors  Last Runtime    Last Run
---------------------------------  -----  ---------  --------  ----------  --------------  -------------------
/opt/airflow/dags/fx_rates_dag.py                           1           0  0.11s           2026-10-09T10:33:51
================================================================================
[2026-10-09T10:34:19.493+0000] {manager.py:738} INFO - Searching for files in /opt/airflow/dags
[2026-10-09T10:34:19.517+0000] {manager.py:741} INFO - There are 1 files in /opt/airflow/dags
[2026-10-09T10:34:21.330+0000] {manager.py:879} INFO - 
================================================================================
DAG File Processing Stats

File Path                          PID    Runtime      # DAGs    # Errors  Last Runtime    Last Run
---------------------------------  -----  ---------  --------  ----------  --------------  -------------------
/opt/airflow/dags/fx_rates_dag.py                           1           0  0.10s           2026-10-09T10:34:21
================================================================================
[2026-10-09T10:34:51.660+0000] {manager.py:879} INFO - 
================================================================================
DAG File Processing Stats

File Path                          PID    Runtime      # DAGs    # Errors  Last Runtime    Last Run
---------------------------------  -----  ---------  --------  ----------  --------------  -------------------
/opt/airflow/dags/fx_rates_dag.py                           1           0  0.21s           2026-10-09T10:34:51
================================================================================
[2026-10-09T10:35:21.887+0000] {manager.py:879} INFO - 
================================================================================
DAG File Processing Stats

File Path                          PID    Runtime      # DAGs    # Errors  Last Runtime    Last Run
---------------------------------  -----  ---------  --------  ----------  --------------  -------------------
/opt/airflow/dags/fx_rates_dag.py                           1           0  0.11s           2026-10-09T10:35:21
================================================================================
[2026-10-09T10:35:52.120+0000] {manager.py:879} INFO - 
================================================================================
DAG File Processing Stats

File Path                          PID    Runtime      # DAGs    # Errors  Last Runtime    Last Run
---------------------------------  -----  ---------  --------  ----------  --------------  -------------------
/opt/airflow/dags/fx_rates_dag.py                           1           0  0.11s           2026-10-09T10:35:52
================================================================================
[2026-10-09T10:36:22.351+0000] {manager.py:879} INFO - 
================================================================================
DAG File Processing Stats

File Path                          PID    Runtime      # DAGs    # Errors  Last Runtime    Last Run
---------------------------------  -----  ---------  --------  ----------  --------------  -------------------
/opt/airflow/dags/fx_rates_dag.py                           1           0  0.10s           2026-10-09T10:36:22
================================================================================
[2026-10-09T10:36:52.654+0000] {manager.py:879} INFO - 
================================================================================
DAG File Processing Stats

File Path                          PID    Runtime      # DAGs    # Errors  Last Runtime    Last Run
---------------------------------  -----  ---------  --------  ----------  --------------  -------------------
/opt/airflow/dags/fx_rates_dag.py                           1           0  0.21s           2026-10-09T10:36:52
================================================================================
[2026-10-09T10:37:23.012+0000] {manager.py:879} INFO - 
================================================================================
DAG File Processing Stats

File Path                          PID    Runtime      # DAGs    # Errors  Last Runtime    Last Run
---------------------------------  -----  ---------  --------  ----------  --------------  -------------------
/opt/airflow/dags/fx_rates_dag.py                           1           0  0.21s           2026-10-09T10:37:23
================================================================================
[2026-10-09T10:37:53.259+0000] {manager.py:879} INFO - 
================================================================================
DAG File Processing Stats

File Path                          PID    Runtime      # DAGs    # Errors  Last Runtime    Last Run
---------------------------------  -----  ---------  --------  ----------  --------------  -------------------
/opt/airflow/dags/fx_rates_dag.py                           1           0  0.10s           2026-10-09T10:37:53
================================================================================
[2026-10-09T10:38:23.585+0000] {manager.py:879} INFO - 
================================================================================
DAG File Processing Stats

File Path                          PID    Runtime      # DAGs    # Errors  Last Runtime    Last Run
---------------------------------  -----  ---------  --------  ----------  --------------  -------------------
/opt/airflow/dags/fx_rates_dag.py                           1           0  0.21s           2026-10-09T10:38:23
================================================================================
[2026-10-09T10:38:53.719+0000] {manager.py:879} INFO - 
================================================================================
DAG File Processing Stats

File Path                          PID    Runtime      # DAGs    # Errors  Last Runtime    Last Run
---------------------------------  -----  ---------  --------  ----------  --------------  -------------------
/opt/airflow/dags/fx_rates_dag.py                           1           0  0.11s           2026-10-09T10:38:53
================================================================================
[2026-10-09T10:39:19.812+0000] {manager.py:738} INFO - Searching for files in /opt/airflow/dags
[2026-10-09T10:39:19.833+0000] {manager.py:741} INFO - There are 1 files in /opt/airflow/dags
[2026-10-09T10:39:23.950+0000] {manager.py:879} INFO - 
================================================================================
DAG File Processing Stats

File Path                          PID    Runtime      # DAGs    # Errors  Last Runtime    Last Run
---------------------------------  -----  ---------  --------  ----------  --------------  -------------------
/opt/airflow/dags/fx_rates_dag.py                           1           0  0.11s           2026-10-09T10:39:23
================================================================================
[2026-10-09T10:39:54.288+0000] {manager.py:879} INFO - 
================================================================================
DAG File Processing Stats

File Path                          PID    Runtime      # DAGs    # Errors  Last Runtime    Last Run
---------------------------------  -----  ---------  --------  ----------  --------------  -------------------
/opt/airflow/dags/fx_rates_dag.py                           1           0  0.21s           2026-10-09T10:39:54
================================================================================
[2026-10-09T10:40:24.613+0000] {manager.py:879} INFO - 
================================================================================
DAG File Processing Stats

File Path                          PID    Runtime      # DAGs    # Errors  Last Runtime    Last Run
---------------------------------  -----  ---------  --------  ----------  --------------  -------------------
/opt/airflow/dags/fx_rates_dag.py                           1           0  0.21s           2026-10-09T10:40:24
================================================================================
[2026-10-09T10:40:54.838+0000] {manager.py:879} INFO - 
================================================================================
DAG File Processing Stats

File Path                          PID    Runtime      # DAGs    # Errors  Last Runtime    Last Run
---------------------------------  -----  ---------  --------  ----------  --------------  -------------------
/opt/airflow/dags/fx_rates_dag.py                           1           0  0.11s           2026-10-09T10:40:54
================================================================================
[2026-10-09T10:41:25.166+0000] {manager.py:879} INFO - 
================================================================================
DAG File Processing Stats

File Path                          PID    Runtime      # DAGs    # Errors  Last Runtime    Last Run
---------------------------------  -----  ---------  --------  ----------  --------------  -------------------
/opt/airflow/dags/fx_rates_dag.py                           1           0  0.21s           2026-10-09T10:41:25
================================================================================
[2026-10-09T10:41:55.391+0000] {manager.py:879} INFO - 
================================================================================
DAG File Processing Stats

File Path                          PID    Runtime      # DAGs    # Errors  Last Runtime    Last Run
---------------------------------  -----  ---------  --------  ----------  --------------  -------------------
/opt/airflow/dags/fx_rates_dag.py                           1           0  0.10s           2026-10-09T10:41:55
================================================================================
[2026-10-09T10:42:25.617+0000] {manager.py:879} INFO - 
================================================================================
DAG File Processing Stats

File Path                          PID    Runtime      # DAGs    # Errors  Last Runtime    Last Run
---------------------------------  -----  ---------  --------  ----------  --------------  -------------------
/opt/airflow/dags/fx_rates_dag.py                           1           0  0.11s           2026-10-09T10:42:25
================================================================================
[2026-10-09T10:42:55.841+0000] {manager.py:879} INFO - 
================================================================================
DAG File Processing Stats

File Path                          PID    Runtime      # DAGs    # Errors  Last Runtime    Last Run
---------------------------------  -----  ---------  --------  ----------  --------------  -------------------
/opt/airflow/dags/fx_rates_dag.py                           1           0  0.10s           2026-10-09T10:42:55
================================================================================
[2026-10-09T10:43:26.070+0000] {manager.py:879} INFO - 
================================================================================
DAG File Processing Stats

File Path                          PID    Runtime      # DAGs    # Errors  Last Runtime    Last Run
---------------------------------  -----  ---------  --------  ----------  --------------  -------------------
/opt/airflow/dags/fx_rates_dag.py                           1           0  0.11s           2026-10-09T10:43:26
================================================================================
[2026-10-09T10:43:56.302+0000] {manager.py:879} INFO - 
================================================================================
DAG File Processing Stats

File Path                          PID    Runtime      # DAGs    # Errors  Last Runtime    Last Run
---------------------------------  -----  ---------  --------  ----------  --------------  -------------------
/opt/airflow/dags/fx_rates_dag.py                           1           0  0.11s           2026-10-09T10:43:56
================================================================================
[2026-10-09T10:44:20.223+0000] {manager.py:738} INFO - Searching for files in /opt/airflow/dags
[2026-10-09T10:44:20.243+0000] {manager.py:741} INFO - There are 1 files in /opt/airflow/dags
[2026-10-09T10:44:26.527+0000] {manager.py:879} INFO - 
================================================================================
DAG File Processing Stats

File Path                          PID    Runtime      # DAGs    # Errors  Last Runtime    Last Run
---------------------------------  -----  ---------  --------  ----------  --------------  -------------------
/opt/airflow/dags/fx_rates_dag.py                           1           0  0.11s           2026-10-09T10:44:26
================================================================================
[2026-10-09T10:44:56.756+0000] {manager.py:879} INFO - 
================================================================================
DAG File Processing Stats

File Path                          PID    Runtime      # DAGs    # Errors  Last Runtime    Last Run
---------------------------------  -----  ---------  --------  ----------  --------------  -------------------
/opt/airflow/dags/fx_rates_dag.py                           1           0  0.11s           2026-10-09T10:44:56
================================================================================
[2026-10-09T10:45:27.080+0000] {manager.py:879} INFO - 
================================================================================
DAG File Processing Stats

File Path                          PID    Runtime      # DAGs    # Errors  Last Runtime    Last Run
---------------------------------  -----  ---------  --------  ----------  --------------  -------------------
/opt/airflow/dags/fx_rates_dag.py                           1           0  0.20s           2026-10-09T10:45:27
================================================================================
[2026-10-09T10:45:57.309+0000] {manager.py:879} INFO - 
================================================================================
DAG File Processing Stats

File Path                          PID    Runtime      # DAGs    # Errors  Last Runtime    Last Run
---------------------------------  -----  ---------  --------  ----------  --------------  -------------------
/opt/airflow/dags/fx_rates_dag.py                           1           0  0.11s           2026-10-09T10:45:57
================================================================================
[2026-10-09T10:46:27.538+0000] {manager.py:879} INFO - 
================================================================================
DAG File Processing Stats

File Path                          PID    Runtime      # DAGs    # Errors  Last Runtime    Last Run
---------------------------------  -----  ---------  --------  ----------  --------------  -------------------
/opt/airflow/dags/fx_rates_dag.py                           1           0  0.11s           2026-10-09T10:46:27
================================================================================
[2026-10-09T10:46:57.720+0000] {manager.py:879} INFO - 
================================================================================
DAG File Processing Stats

File Path                          PID    Runtime      # DAGs    # Errors  Last Runtime    Last Run
---------------------------------  -----  ---------  --------  ----------  --------------  -------------------
/opt/airflow/dags/fx_rates_dag.py                           1           0  0.10s           2026-10-09T10:46:57
================================================================================
[2026-10-09T10:47:27.954+0000] {manager.py:879} INFO - 
================================================================================
DAG File Processing Stats

File Path                          PID    Runtime      # DAGs    # Errors  Last Runtime    Last Run
---------------------------------  -----  ---------  --------  ----------  --------------  -------------------
/opt/airflow/dags/fx_rates_dag.py                           1           0  0.10s           2026-10-09T10:47:27
================================================================================
[2026-10-09T10:47:58.276+0000] {manager.py:879} INFO - 
================================================================================
DAG File Processing Stats

File Path                          PID    Runtime      # DAGs    # Errors  Last Runtime    Last Run
---------------------------------  -----  ---------  --------  ----------  --------------  -------------------
/opt/airflow/dags/fx_rates_dag.py                           1           0  0.21s           2026-10-09T10:47:58
================================================================================
[2026-10-09T10:48:28.503+0000] {manager.py:879} INFO - 
================================================================================
DAG File Processing Stats

File Path                          PID    Runtime      # DAGs    # Errors  Last Runtime    Last Run
---------------------------------  -----  ---------  --------  ----------  --------------  -------------------
/opt/airflow/dags/fx_rates_dag.py                           1           0  0.11s           2026-10-09T10:48:28
================================================================================
[2026-10-09T10:48:58.727+0000] {manager.py:879} INFO - 
================================================================================
DAG File Processing Stats

File Path                          PID    Runtime      # DAGs    # Errors  Last Runtime    Last Run
---------------------------------  -----  ---------  --------  ----------  --------------  -------------------
/opt/airflow/dags/fx_rates_dag.py                           1           0  0.11s           2026-10-09T10:48:58
================================================================================
[2026-10-09T10:49:20.539+0000] {manager.py:738} INFO - Searching for files in /opt/airflow/dags
[2026-10-09T10:49:20.560+0000] {manager.py:741} INFO - There are 1 files in /opt/airflow/dags
[2026-10-09T10:49:28.952+0000] {manager.py:879} INFO - 
================================================================================
DAG File Processing Stats

File Path                          PID    Runtime      # DAGs    # Errors  Last Runtime    Last Run
---------------------------------  -----  ---------  --------  ----------  --------------  -------------------
/opt/airflow/dags/fx_rates_dag.py                           1           0  0.10s           2026-10-09T10:49:28
================================================================================
[2026-10-09T10:49:59.179+0000] {manager.py:879} INFO - 
================================================================================
DAG File Processing Stats

File Path                          PID    Runtime      # DAGs    # Errors  Last Runtime    Last Run
---------------------------------  -----  ---------  --------  ----------  --------------  -------------------
/opt/airflow/dags/fx_rates_dag.py                           1           0  0.11s           2026-10-09T10:49:59
================================================================================
[2026-10-09T10:50:29.522+0000] {manager.py:879} INFO - 
================================================================================
DAG File Processing Stats

File Path                          PID    Runtime      # DAGs    # Errors  Last Runtime    Last Run
---------------------------------  -----  ---------  --------  ----------  --------------  -------------------
/opt/airflow/dags/fx_rates_dag.py                           1           0  0.21s           2026-10-09T10:50:29
================================================================================
[2026-10-09T10:50:59.773+0000] {manager.py:879} INFO - 
================================================================================
DAG File Processing Stats

File Path                          PID    Runtime      # DAGs    # Errors  Last Runtime    Last Run
---------------------------------  -----  ---------  --------  ----------  --------------  -------------------
/opt/airflow/dags/fx_rates_dag.py                           1           0  0.11s           2026-10-09T10:50:59
================================================================================
[2026-10-09T10:51:29.997+0000] {manager.py:879} INFO - 
================================================================================
DAG File Processing Stats

File Path                          PID    Runtime      # DAGs    # Errors  Last Runtime    Last Run
---------------------------------  -----  ---------  --------  ----------  --------------  -------------------
/opt/airflow/dags/fx_rates_dag.py                           1           0  0.11s           2026-10-09T10:51:29
================================================================================
[2026-10-09T10:52:00.222+0000] {manager.py:879} INFO - 
================================================================================
DAG File Processing Stats

File Path                          PID    Runtime      # DAGs    # Errors  Last Runtime    Last Run
---------------------------------  -----  ---------  --------  ----------  --------------  -------------------
/opt/airflow/dags/fx_rates_dag.py                           1           0  0.10s           2026-10-09T10:52:00
================================================================================
[2026-10-09T10:52:30.550+0000] {manager.py:879} INFO - 
================================================================================
DAG File Processing Stats

File Path                          PID    Runtime      # DAGs    # Errors  Last Runtime    Last Run
---------------------------------  -----  ---------  --------  ----------  --------------  -------------------
/opt/airflow/dags/fx_rates_dag.py                           1           0  0.21s           2026-10-09T10:52:30
================================================================================
[2026-10-09T10:53:00.777+0000] {manager.py:879} INFO - 
================================================================================
DAG File Processing Stats

File Path                          PID    Runtime      # DAGs    # Errors  Last Runtime    Last Run
---------------------------------  -----  ---------  --------  ----------  --------------  -------------------
/opt/airflow/dags/fx_rates_dag.py                           1           0  0.11s           2026-10-09T10:53:00
================================================================================
[2026-10-09T10:53:31.009+0000] {manager.py:879} INFO - 
================================================================================
DAG File Processing Stats

File Path                          PID    Runtime      # DAGs    # Errors  Last Runtime    Last Run
---------------------------------  -----  ---------  --------  ----------  --------------  -------------------
/opt/airflow/dags/fx_rates_dag.py                           1           0  0.11s           2026-10-09T10:53:31
================================================================================
[2026-10-09T10:54:01.333+0000] {manager.py:879} INFO - 
================================================================================
DAG File Processing Stats

File Path                          PID    Runtime      # DAGs    # Errors  Last Runtime    Last Run
---------------------------------  -----  ---------  --------  ----------  --------------  -------------------
/opt/airflow/dags/fx_rates_dag.py                           1           0  0.21s           2026-10-09T10:54:01
================================================================================
[2026-10-09T10:54:20.876+0000] {manager.py:738} INFO - Searching for files in /opt/airflow/dags
[2026-10-09T10:54:20.897+0000] {manager.py:741} INFO - There are 1 files in /opt/airflow/dags
[2026-10-09T10:54:31.558+0000] {manager.py:879} INFO - 
================================================================================
DAG File Processing Stats

File Path                          PID    Runtime      # DAGs    # Errors  Last Runtime    Last Run
---------------------------------  -----  ---------  --------  ----------  --------------  -------------------
/opt/airflow/dags/fx_rates_dag.py                           1           0  0.11s           2026-10-09T10:54:31
================================================================================
[2026-10-09T10:55:01.787+0000] {manager.py:879} INFO - 
================================================================================
DAG File Processing Stats

File Path                          PID    Runtime      # DAGs    # Errors  Last Runtime    Last Run
---------------------------------  -----  ---------  --------  ----------  --------------  -------------------
/opt/airflow/dags/fx_rates_dag.py                           1           0  0.11s           2026-10-09T10:55:01
================================================================================
[2026-10-09T10:55:32.014+0000] {manager.py:879} INFO - 
================================================================================
DAG File Processing Stats

File Path                          PID    Runtime      # DAGs    # Errors  Last Runtime    Last Run
---------------------------------  -----  ---------  --------  ----------  --------------  -------------------
/opt/airflow/dags/fx_rates_dag.py                           1           0  0.11s           2026-10-09T10:55:32
================================================================================
[2026-10-09T10:56:02.241+0000] {manager.py:879} INFO - 
================================================================================
DAG File Processing Stats

File Path                          PID    Runtime      # DAGs    # Errors  Last Runtime    Last Run
---------------------------------  -----  ---------  --------  ----------  --------------  -------------------
/opt/airflow/dags/fx_rates_dag.py                           1           0  0.11s           2026-10-09T10:56:02
================================================================================
[2026-10-09T10:56:32.469+0000] {manager.py:879} INFO - 
================================================================================
DAG File Processing Stats

File Path                          PID    Runtime      # DAGs    # Errors  Last Runtime    Last Run
---------------------------------  -----  ---------  --------  ----------  --------------  -------------------
/opt/airflow/dags/fx_rates_dag.py                           1           0  0.11s           2026-10-09T10:56:32
================================================================================
[2026-10-09T10:57:02.588+0000] {manager.py:879} INFO - 
================================================================================
DAG File Processing Stats

File Path                          PID    Runtime      # DAGs    # Errors  Last Runtime    Last Run
---------------------------------  -----  ---------  --------  ----------  --------------  -------------------
/opt/airflow/dags/fx_rates_dag.py                           1           0  0.10s           2026-10-09T10:57:02
================================================================================
[2026-10-09T10:57:32.818+0000] {manager.py:879} INFO - 
================================================================================
DAG File Processing Stats

File Path                          PID    Runtime      # DAGs    # Errors  Last Runtime    Last Run
---------------------------------  -----  ---------  --------  ----------  --------------  -------------------
/opt/airflow/dags/fx_rates_dag.py                           1           0  0.11s           2026-10-09T10:57:32
================================================================================
[2026-10-09T10:58:03.053+0000] {manager.py:879} INFO - 
================================================================================
DAG File Processing Stats

File Path                          PID    Runtime      # DAGs    # Errors  Last Runtime    Last Run
---------------------------------  -----  ---------  --------  ----------  --------------  -------------------
/opt/airflow/dags/fx_rates_dag.py                           1           0  0.11s           2026-10-09T10:58:03
================================================================================
[2026-10-09T10:58:33.381+0000] {manager.py:879} INFO - 
================================================================================
DAG File Processing Stats

File Path                          PID    Runtime      # DAGs    # Errors  Last Runtime    Last Run
---------------------------------  -----  ---------  --------  ----------  --------------  -------------------
/opt/airflow/dags/fx_rates_dag.py                           1           0  0.21s           2026-10-09T10:58:33
================================================================================
[2026-10-09T10:59:03.707+0000] {manager.py:879} INFO - 
================================================================================
DAG File Processing Stats

File Path                          PID    Runtime      # DAGs    # Errors  Last Runtime    Last Run
---------------------------------  -----  ---------  --------  ----------  --------------  -------------------
/opt/airflow/dags/fx_rates_dag.py                           1           0  0.21s           2026-10-09T10:59:03
================================================================================
[2026-10-09T10:59:20.877+0000] {manager.py:738} INFO - Searching for files in /opt/airflow/dags
[2026-10-09T10:59:20.899+0000] {manager.py:741} INFO - There are 1 files in /opt/airflow/dags
[2026-10-09T10:59:33.854+0000] {manager.py:879} INFO - 
================================================================================
DAG File Processing Stats

File Path                          PID    Runtime      # DAGs    # Errors  Last Runtime    Last Run
---------------------------------  -----  ---------  --------  ----------  --------------  -------------------
/opt/airflow/dags/fx_rates_dag.py                           1           0  0.11s           2026-10-09T10:59:33
================================================================================
[2026-10-09T11:00:04.181+0000] {manager.py:879} INFO - 
================================================================================
DAG File Processing Stats

File Path                          PID    Runtime      # DAGs    # Errors  Last Runtime    Last Run
---------------------------------  -----  ---------  --------  ----------  --------------  -------------------
/opt/airflow/dags/fx_rates_dag.py                           1           0  0.21s           2026-10-09T11:00:04
================================================================================
[2026-10-09T11:00:34.511+0000] {manager.py:879} INFO - 
================================================================================
DAG File Processing Stats

File Path                          PID    Runtime      # DAGs    # Errors  Last Runtime    Last Run
---------------------------------  -----  ---------  --------  ----------  --------------  -------------------
/opt/airflow/dags/fx_rates_dag.py                           1           0  0.21s           2026-10-09T11:00:34
================================================================================
[2026-10-09T11:01:04.744+0000] {manager.py:879} INFO - 
================================================================================
DAG File Processing Stats

File Path                          PID    Runtime      # DAGs    # Errors  Last Runtime    Last Run
---------------------------------  -----  ---------  --------  ----------  --------------  -------------------
/opt/airflow/dags/fx_rates_dag.py                           1           0  0.11s           2026-10-09T11:01:04
================================================================================
[2026-10-09T11:01:35.071+0000] {manager.py:879} INFO - 
================================================================================
DAG File Processing Stats

File Path                          PID    Runtime      # DAGs    # Errors  Last Runtime    Last Run
---------------------------------  -----  ---------  --------  ----------  --------------  -------------------
/opt/airflow/dags/fx_rates_dag.py                           1           0  0.21s           2026-10-09T11:01:35
================================================================================
[2026-10-09T11:02:05.305+0000] {manager.py:879} INFO - 
================================================================================
DAG File Processing Stats

File Path                          PID    Runtime      # DAGs    # Errors  Last Runtime    Last Run
---------------------------------  -----  ---------  --------  ----------  --------------  -------------------
/opt/airflow/dags/fx_rates_dag.py                           1           0  0.11s           2026-10-09T11:02:05
================================================================================
[2026-10-09T11:02:35.614+0000] {manager.py:879} INFO - 
================================================================================
DAG File Processing Stats

File Path                          PID    Runtime      # DAGs    # Errors  Last Runtime    Last Run
---------------------------------  -----  ---------  --------  ----------  --------------  -------------------
/opt/airflow/dags/fx_rates_dag.py                           1           0  0.21s           2026-10-09T11:02:35
================================================================================
[2026-10-09T11:03:05.963+0000] {manager.py:879} INFO - 
================================================================================
DAG File Processing Stats

File Path                          PID    Runtime      # DAGs    # Errors  Last Runtime    Last Run
---------------------------------  -----  ---------  --------  ----------  --------------  -------------------
/opt/airflow/dags/fx_rates_dag.py                           1           0  0.21s           2026-10-09T11:03:05
================================================================================
[2026-10-09T11:03:36.210+0000] {manager.py:879} INFO - 
================================================================================
DAG File Processing Stats

File Path                          PID    Runtime      # DAGs    # Errors  Last Runtime    Last Run
---------------------------------  -----  ---------  --------  ----------  --------------  -------------------
/opt/airflow/dags/fx_rates_dag.py                           1           0  0.11s           2026-10-09T11:03:36
================================================================================
[2026-10-09T11:04:06.536+0000] {manager.py:879} INFO - 
================================================================================
DAG File Processing Stats

File Path                          PID    Runtime      # DAGs    # Errors  Last Runtime    Last Run
---------------------------------  -----  ---------  --------  ----------  --------------  -------------------
/opt/airflow/dags/fx_rates_dag.py                           1           0  0.21s           2026-10-09T11:04:06
================================================================================
[2026-10-09T11:04:21.349+0000] {manager.py:738} INFO - Searching for files in /opt/airflow/dags
[2026-10-09T11:04:21.370+0000] {manager.py:741} INFO - There are 1 files in /opt/airflow/dags
[2026-10-09T11:04:36.763+0000] {manager.py:879} INFO - 
================================================================================
DAG File Processing Stats

File Path                          PID    Runtime      # DAGs    # Errors  Last Runtime    Last Run
---------------------------------  -----  ---------  --------  ----------  --------------  -------------------
/opt/airflow/dags/fx_rates_dag.py                           1           0  0.11s           2026-10-09T11:04:36
================================================================================
[2026-10-09T11:05:06.990+0000] {manager.py:879} INFO - 
================================================================================
DAG File Processing Stats

File Path                          PID    Runtime      # DAGs    # Errors  Last Runtime    Last Run
---------------------------------  -----  ---------  --------  ----------  --------------  -------------------
/opt/airflow/dags/fx_rates_dag.py                           1           0  0.11s           2026-10-09T11:05:06
================================================================================
[2026-10-09T11:05:37.318+0000] {manager.py:879} INFO - 
================================================================================
DAG File Processing Stats

File Path                          PID    Runtime      # DAGs    # Errors  Last Runtime    Last Run
---------------------------------  -----  ---------  --------  ----------  --------------  -------------------
/opt/airflow/dags/fx_rates_dag.py                           1           0  0.21s           2026-10-09T11:05:37
================================================================================
[2026-10-09T11:06:07.644+0000] {manager.py:879} INFO - 
================================================================================
DAG File Processing Stats

File Path                          PID    Runtime      # DAGs    # Errors  Last Runtime    Last Run
---------------------------------  -----  ---------  --------  ----------  --------------  -------------------
/opt/airflow/dags/fx_rates_dag.py                           1           0  0.21s           2026-10-09T11:06:07
================================================================================
[2026-10-09T11:06:37.872+0000] {manager.py:879} INFO - 
================================================================================
DAG File Processing Stats

File Path                          PID    Runtime      # DAGs    # Errors  Last Runtime    Last Run
---------------------------------  -----  ---------  --------  ----------  --------------  -------------------
/opt/airflow/dags/fx_rates_dag.py                           1           0  0.11s           2026-10-09T11:06:37
================================================================================
[2026-10-09T11:07:08.199+0000] {manager.py:879} INFO - 
================================================================================
DAG File Processing Stats

File Path                          PID    Runtime      # DAGs    # Errors  Last Runtime    Last Run
---------------------------------  -----  ---------  --------  ----------  --------------  -------------------
/opt/airflow/dags/fx_rates_dag.py                           1           0  0.20s           2026-10-09T11:07:08
================================================================================
[2026-10-09T11:07:38.426+0000] {manager.py:879} INFO - 
================================================================================
DAG File Processing Stats

File Path                          PID    Runtime      # DAGs    # Errors  Last Runtime    Last Run
---------------------------------  -----  ---------  --------  ----------  --------------  -------------------
/opt/airflow/dags/fx_rates_dag.py                           1           0  0.11s           2026-10-09T11:07:38
================================================================================
[2026-10-09T11:08:08.651+0000] {manager.py:879} INFO - 
================================================================================
DAG File Processing Stats

File Path                          PID    Runtime      # DAGs    # Errors  Last Runtime    Last Run
---------------------------------  -----  ---------  --------  ----------  --------------  -------------------
/opt/airflow/dags/fx_rates_dag.py                           1           0  0.11s           2026-10-09T11:08:08
================================================================================
[2026-10-09T11:08:38.977+0000] {manager.py:879} INFO - 
================================================================================
DAG File Processing Stats

File Path                          PID    Runtime      # DAGs    # Errors  Last Runtime    Last Run
---------------------------------  -----  ---------  --------  ----------  --------------  -------------------
/opt/airflow/dags/fx_rates_dag.py                           1           0  0.21s           2026-10-09T11:08:38
================================================================================
[2026-10-09T11:09:09.204+0000] {manager.py:879} INFO - 
================================================================================
DAG File Processing Stats

File Path                          PID    Runtime      # DAGs    # Errors  Last Runtime    Last Run
---------------------------------  -----  ---------  --------  ----------  --------------  -------------------
/opt/airflow/dags/fx_rates_dag.py                           1           0  0.11s           2026-10-09T11:09:09
================================================================================
[2026-10-09T11:09:21.376+0000] {manager.py:738} INFO - Searching for files in /opt/airflow/dags
[2026-10-09T11:09:21.397+0000] {manager.py:741} INFO - There are 1 files in /opt/airflow/dags
[2026-10-09T11:09:39.428+0000] {manager.py:879} INFO - 
================================================================================
DAG File Processing Stats

File Path                          PID    Runtime      # DAGs    # Errors  Last Runtime    Last Run
---------------------------------  -----  ---------  --------  ----------  --------------  -------------------
/opt/airflow/dags/fx_rates_dag.py                           1           0  0.10s           2026-10-09T11:09:39
================================================================================
[2026-10-09T11:10:09.754+0000] {manager.py:879} INFO - 
================================================================================
DAG File Processing Stats

File Path                          PID    Runtime      # DAGs    # Errors  Last Runtime    Last Run
---------------------------------  -----  ---------  --------  ----------  --------------  -------------------
/opt/airflow/dags/fx_rates_dag.py                           1           0  0.21s           2026-10-09T11:10:09
================================================================================
[2026-10-09T11:10:40.081+0000] {manager.py:879} INFO - 
================================================================================
DAG File Processing Stats

File Path                          PID    Runtime      # DAGs    # Errors  Last Runtime    Last Run
---------------------------------  -----  ---------  --------  ----------  --------------  -------------------
/opt/airflow/dags/fx_rates_dag.py                           1           0  0.21s           2026-10-09T11:10:40
================================================================================
[2026-10-09T11:11:10.411+0000] {manager.py:879} INFO - 
================================================================================
DAG File Processing Stats

File Path                          PID    Runtime      # DAGs    # Errors  Last Runtime    Last Run
---------------------------------  -----  ---------  --------  ----------  --------------  -------------------
/opt/airflow/dags/fx_rates_dag.py                           1           0  0.21s           2026-10-09T11:11:10
================================================================================
[2026-10-09T11:11:40.712+0000] {manager.py:879} INFO - 
================================================================================
DAG File Processing Stats

File Path                          PID    Runtime      # DAGs    # Errors  Last Runtime    Last Run
---------------------------------  -----  ---------  --------  ----------  --------------  -------------------
/opt/airflow/dags/fx_rates_dag.py                           1           0  0.21s           2026-10-09T11:11:40
================================================================================
[2026-10-09T11:12:10.942+0000] {manager.py:879} INFO - 
================================================================================
DAG File Processing Stats

File Path                          PID    Runtime      # DAGs    # Errors  Last Runtime    Last Run
---------------------------------  -----  ---------  --------  ----------  --------------  -------------------
/opt/airflow/dags/fx_rates_dag.py                           1           0  0.11s           2026-10-09T11:12:10
================================================================================
[2026-10-09T11:12:41.287+0000] {manager.py:879} INFO - 
================================================================================
DAG File Processing Stats

File Path                          PID    Runtime      # DAGs    # Errors  Last Runtime    Last Run
---------------------------------  -----  ---------  --------  ----------  --------------  -------------------
/opt/airflow/dags/fx_rates_dag.py                           1           0  0.20s           2026-10-09T11:12:41
================================================================================
[2026-10-09T11:13:11.612+0000] {manager.py:879} INFO - 
================================================================================
DAG File Processing Stats

File Path                          PID    Runtime      # DAGs    # Errors  Last Runtime    Last Run
---------------------------------  -----  ---------  --------  ----------  --------------  -------------------
/opt/airflow/dags/fx_rates_dag.py                           1           0  0.21s           2026-10-09T11:13:11
================================================================================
[2026-10-09T11:13:41.938+0000] {manager.py:879} INFO - 
================================================================================
DAG File Processing Stats

File Path                          PID    Runtime      # DAGs    # Errors  Last Runtime    Last Run
---------------------------------  -----  ---------  --------  ----------  --------------  -------------------
/opt/airflow/dags/fx_rates_dag.py                           1           0  0.21s           2026-10-09T11:13:41
================================================================================
[2026-10-09T11:14:12.262+0000] {manager.py:879} INFO - 
================================================================================
DAG File Processing Stats

File Path                          PID    Runtime      # DAGs    # Errors  Last Runtime    Last Run
---------------------------------  -----  ---------  --------  ----------  --------------  -------------------
/opt/airflow/dags/fx_rates_dag.py                           1           0  0.21s           2026-10-09T11:14:12
================================================================================
[2026-10-09T11:14:21.993+0000] {manager.py:738} INFO - Searching for files in /opt/airflow/dags
[2026-10-09T11:14:22.014+0000] {manager.py:741} INFO - There are 1 files in /opt/airflow/dags
[2026-10-09T11:14:42.537+0000] {manager.py:879} INFO - 
================================================================================
DAG File Processing Stats

File Path                          PID    Runtime      # DAGs    # Errors  Last Runtime    Last Run
---------------------------------  -----  ---------  --------  ----------  --------------  -------------------
/opt/airflow/dags/fx_rates_dag.py                           1           0  0.20s           2026-10-09T11:14:42
================================================================================
[2026-10-09T11:15:12.826+0000] {manager.py:879} INFO - 
================================================================================
DAG File Processing Stats

File Path                          PID    Runtime      # DAGs    # Errors  Last Runtime    Last Run
---------------------------------  -----  ---------  --------  ----------  --------------  -------------------
/opt/airflow/dags/fx_rates_dag.py                           1           0  0.21s           2026-10-09T11:15:12
================================================================================
[2026-10-09T11:15:43.152+0000] {manager.py:879} INFO - 
================================================================================
DAG File Processing Stats

File Path                          PID    Runtime      # DAGs    # Errors  Last Runtime    Last Run
---------------------------------  -----  ---------  --------  ----------  --------------  -------------------
/opt/airflow/dags/fx_rates_dag.py                           1           0  0.21s           2026-10-09T11:15:43
================================================================================
[2026-10-09T11:16:13.479+0000] {manager.py:879} INFO - 
================================================================================
DAG File Processing Stats

File Path                          PID    Runtime      # DAGs    # Errors  Last Runtime    Last Run
---------------------------------  -----  ---------  --------  ----------  --------------  -------------------
/opt/airflow/dags/fx_rates_dag.py                           1           0  0.21s           2026-10-09T11:16:13
================================================================================
[2026-10-09T11:16:43.706+0000] {manager.py:879} INFO - 
================================================================================
DAG File Processing Stats

File Path                          PID    Runtime      # DAGs    # Errors  Last Runtime    Last Run
---------------------------------  -----  ---------  --------  ----------  --------------  -------------------
/opt/airflow/dags/fx_rates_dag.py                           1           0  0.11s           2026-10-09T11:16:43
================================================================================
[2026-10-09T11:17:14.032+0000] {manager.py:879} INFO - 
================================================================================
DAG File Processing Stats

File Path                          PID    Runtime      # DAGs    # Errors  Last Runtime    Last Run
---------------------------------  -----  ---------  --------  ----------  --------------  -------------------
/opt/airflow/dags/fx_rates_dag.py                           1           0  0.21s           2026-10-09T11:17:14
================================================================================
[2026-10-09T11:17:44.355+0000] {manager.py:879} INFO - 
================================================================================
DAG File Processing Stats

File Path                          PID    Runtime      # DAGs    # Errors  Last Runtime    Last Run
---------------------------------  -----  ---------  --------  ----------  --------------  -------------------
/opt/airflow/dags/fx_rates_dag.py                           1           0  0.21s           2026-10-09T11:17:44
================================================================================
[2026-10-09T11:18:14.587+0000] {manager.py:879} INFO - 
================================================================================
DAG File Processing Stats

File Path                          PID    Runtime      # DAGs    # Errors  Last Runtime    Last Run
---------------------------------  -----  ---------  --------  ----------  --------------  -------------------
/opt/airflow/dags/fx_rates_dag.py                           1           0  0.11s           2026-10-09T11:18:14
================================================================================
[2026-10-09T11:18:44.911+0000] {manager.py:879} INFO - 
================================================================================
DAG File Processing Stats

File Path                          PID    Runtime      # DAGs    # Errors  Last Runtime    Last Run
---------------------------------  -----  ---------  --------  ----------  --------------  -------------------
/opt/airflow/dags/fx_rates_dag.py                           1           0  0.21s           2026-10-09T11:18:44
================================================================================
[2026-10-09T11:19:15.253+0000] {manager.py:879} INFO - 
================================================================================
DAG File Processing Stats

File Path                          PID    Runtime      # DAGs    # Errors  Last Runtime    Last Run
---------------------------------  -----  ---------  --------  ----------  --------------  -------------------
/opt/airflow/dags/fx_rates_dag.py                           1           0  0.20s           2026-10-09T11:19:15
================================================================================
[2026-10-09T11:19:22.312+0000] {manager.py:738} INFO - Searching for files in /opt/airflow/dags
[2026-10-09T11:19:22.333+0000] {manager.py:741} INFO - There are 1 files in /opt/airflow/dags
[2026-10-09T11:19:45.480+0000] {manager.py:879} INFO - 
================================================================================
DAG File Processing Stats

File Path                          PID    Runtime      # DAGs    # Errors  Last Runtime    Last Run
---------------------------------  -----  ---------  --------  ----------  --------------  -------------------
/opt/airflow/dags/fx_rates_dag.py                           1           0  0.11s           2026-10-09T11:19:45
================================================================================
[2026-10-09T11:20:15.805+0000] {manager.py:879} INFO - 
================================================================================
DAG File Processing Stats

File Path                          PID    Runtime      # DAGs    # Errors  Last Runtime    Last Run
---------------------------------  -----  ---------  --------  ----------  --------------  -------------------
/opt/airflow/dags/fx_rates_dag.py                           1           0  0.21s           2026-10-09T11:20:15
================================================================================
[2026-10-09T11:20:46.112+0000] {manager.py:879} INFO - 
================================================================================
DAG File Processing Stats

File Path                          PID    Runtime      # DAGs    # Errors  Last Runtime    Last Run
---------------------------------  -----  ---------  --------  ----------  --------------  -------------------
/opt/airflow/dags/fx_rates_dag.py                           1           0  0.21s           2026-10-09T11:20:46
================================================================================
[2026-10-09T11:21:16.420+0000] {manager.py:879} INFO - 
================================================================================
DAG File Processing Stats

File Path                          PID    Runtime      # DAGs    # Errors  Last Runtime    Last Run
---------------------------------  -----  ---------  --------  ----------  --------------  -------------------
/opt/airflow/dags/fx_rates_dag.py                           1           0  0.21s           2026-10-09T11:21:16
================================================================================
[2026-10-09T11:21:46.749+0000] {manager.py:879} INFO - 
================================================================================
DAG File Processing Stats

File Path                          PID    Runtime      # DAGs    # Errors  Last Runtime    Last Run
---------------------------------  -----  ---------  --------  ----------  --------------  -------------------
/opt/airflow/dags/fx_rates_dag.py                           1           0  0.21s           2026-10-09T11:21:46
================================================================================
[2026-10-09T11:22:17.075+0000] {manager.py:879} INFO - 
================================================================================
DAG File Processing Stats

File Path                          PID    Runtime      # DAGs    # Errors  Last Runtime    Last Run
---------------------------------  -----  ---------  --------  ----------  --------------  -------------------
/opt/airflow/dags/fx_rates_dag.py                           1           0  0.21s           2026-10-09T11:22:17
================================================================================
[2026-10-09T11:22:47.401+0000] {manager.py:879} INFO - 
================================================================================
DAG File Processing Stats

File Path                          PID    Runtime      # DAGs    # Errors  Last Runtime    Last Run
---------------------------------  -----  ---------  --------  ----------  --------------  -------------------
/opt/airflow/dags/fx_rates_dag.py                           1           0  0.20s           2026-10-09T11:22:47
================================================================================
[2026-10-09T11:23:17.726+0000] {manager.py:879} INFO - 
================================================================================
DAG File Processing Stats

File Path                          PID    Runtime      # DAGs    # Errors  Last Runtime    Last Run
---------------------------------  -----  ---------  --------  ----------  --------------  -------------------
/opt/airflow/dags/fx_rates_dag.py                           1           0  0.20s           2026-10-09T11:23:17
================================================================================
[2026-10-09T11:23:48.054+0000] {manager.py:879} INFO - 
================================================================================
DAG File Processing Stats

File Path                          PID    Runtime      # DAGs    # Errors  Last Runtime    Last Run
---------------------------------  -----  ---------  --------  ----------  --------------  -------------------
/opt/airflow/dags/fx_rates_dag.py                           1           0  0.20s           2026-10-09T11:23:48
================================================================================
[2026-10-09T11:24:18.279+0000] {manager.py:879} INFO - 
================================================================================
DAG File Processing Stats

File Path                          PID    Runtime      # DAGs    # Errors  Last Runtime    Last Run
---------------------------------  -----  ---------  --------  ----------  --------------  -------------------
/opt/airflow/dags/fx_rates_dag.py                           1           0  0.11s           2026-10-09T11:24:18
================================================================================
[2026-10-09T11:24:22.635+0000] {manager.py:738} INFO - Searching for files in /opt/airflow/dags
[2026-10-09T11:24:22.657+0000] {manager.py:741} INFO - There are 1 files in /opt/airflow/dags
[2026-10-09T11:24:48.505+0000] {manager.py:879} INFO - 
================================================================================
DAG File Processing Stats

File Path                          PID    Runtime      # DAGs    # Errors  Last Runtime    Last Run
---------------------------------  -----  ---------  --------  ----------  --------------  -------------------
/opt/airflow/dags/fx_rates_dag.py                           1           0  0.11s           2026-10-09T11:24:48
================================================================================
[2026-10-09T11:25:18.728+0000] {manager.py:879} INFO - 
================================================================================
DAG File Processing Stats

File Path                          PID    Runtime      # DAGs    # Errors  Last Runtime    Last Run
---------------------------------  -----  ---------  --------  ----------  --------------  -------------------
/opt/airflow/dags/fx_rates_dag.py                           1           0  0.10s           2026-10-09T11:25:18
================================================================================
[2026-10-09T11:25:49.055+0000] {manager.py:879} INFO - 
================================================================================
DAG File Processing Stats

File Path                          PID    Runtime      # DAGs    # Errors  Last Runtime    Last Run
---------------------------------  -----  ---------  --------  ----------  --------------  -------------------
/opt/airflow/dags/fx_rates_dag.py                           1           0  0.21s           2026-10-09T11:25:49
================================================================================
[2026-10-09T11:26:19.382+0000] {manager.py:879} INFO - 
================================================================================
DAG File Processing Stats

File Path                          PID    Runtime      # DAGs    # Errors  Last Runtime    Last Run
---------------------------------  -----  ---------  --------  ----------  --------------  -------------------
/opt/airflow/dags/fx_rates_dag.py                           1           0  0.21s           2026-10-09T11:26:19
================================================================================
[2026-10-09T11:26:49.707+0000] {manager.py:879} INFO - 
================================================================================
DAG File Processing Stats

File Path                          PID    Runtime      # DAGs    # Errors  Last Runtime    Last Run
---------------------------------  -----  ---------  --------  ----------  --------------  -------------------
/opt/airflow/dags/fx_rates_dag.py                           1           0  0.21s           2026-10-09T11:26:49
================================================================================
[2026-10-09T11:27:20.030+0000] {manager.py:879} INFO - 
================================================================================
DAG File Processing Stats

File Path                          PID    Runtime      # DAGs    # Errors  Last Runtime    Last Run
---------------------------------  -----  ---------  --------  ----------  --------------  -------------------
/opt/airflow/dags/fx_rates_dag.py                           1           0  0.21s           2026-10-09T11:27:20
================================================================================
[2026-10-09T11:27:50.282+0000] {manager.py:879} INFO - 
================================================================================
DAG File Processing Stats

File Path                          PID    Runtime      # DAGs    # Errors  Last Runtime    Last Run
---------------------------------  -----  ---------  --------  ----------  --------------  -------------------
/opt/airflow/dags/fx_rates_dag.py                           1           0  0.20s           2026-10-09T11:27:50
================================================================================
[2026-10-09T11:28:20.569+0000] {manager.py:879} INFO - 
================================================================================
DAG File Processing Stats

File Path                          PID    Runtime      # DAGs    # Errors  Last Runtime    Last Run
---------------------------------  -----  ---------  --------  ----------  --------------  -------------------
/opt/airflow/dags/fx_rates_dag.py                           1           0  0.21s           2026-10-09T11:28:20
================================================================================
[2026-10-09T11:28:50.893+0000] {manager.py:879} INFO - 
================================================================================
DAG File Processing Stats

File Path                          PID    Runtime      # DAGs    # Errors  Last Runtime    Last Run
---------------------------------  -----  ---------  --------  ----------  --------------  -------------------
/opt/airflow/dags/fx_rates_dag.py                           1           0  0.20s           2026-10-09T11:28:50
================================================================================
[2026-10-09T11:29:21.219+0000] {manager.py:879} INFO - 
================================================================================
DAG File Processing Stats

File Path                          PID    Runtime      # DAGs    # Errors  Last Runtime    Last Run
---------------------------------  -----  ---------  --------  ----------  --------------  -------------------
/opt/airflow/dags/fx_rates_dag.py                           1           0  0.21s           2026-10-09T11:29:21
================================================================================
[2026-10-09T11:29:22.953+0000] {manager.py:738} INFO - Searching for files in /opt/airflow/dags
[2026-10-09T11:29:22.975+0000] {manager.py:741} INFO - There are 1 files in /opt/airflow/dags
[2026-10-09T11:29:51.545+0000] {manager.py:879} INFO - 
================================================================================
DAG File Processing Stats

File Path                          PID    Runtime      # DAGs    # Errors  Last Runtime    Last Run
---------------------------------  -----  ---------  --------  ----------  --------------  -------------------
/opt/airflow/dags/fx_rates_dag.py                           1           0  0.21s           2026-10-09T11:29:51
================================================================================
[2026-10-09T11:30:21.772+0000] {manager.py:879} INFO - 
================================================================================
DAG File Processing Stats

File Path                          PID    Runtime      # DAGs    # Errors  Last Runtime    Last Run
---------------------------------  -----  ---------  --------  ----------  --------------  -------------------
/opt/airflow/dags/fx_rates_dag.py                           1           0  0.11s           2026-10-09T11:30:21
================================================================================
[2026-10-09T11:30:52.002+0000] {manager.py:879} INFO - 
================================================================================
DAG File Processing Stats

File Path                          PID    Runtime      # DAGs    # Errors  Last Runtime    Last Run
---------------------------------  -----  ---------  --------  ----------  --------------  -------------------
/opt/airflow/dags/fx_rates_dag.py                           1           0  0.11s           2026-10-09T11:30:52
================================================================================
[2026-10-09T11:31:22.308+0000] {manager.py:879} INFO - 
================================================================================
DAG File Processing Stats

File Path                          PID    Runtime      # DAGs    # Errors  Last Runtime    Last Run
---------------------------------  -----  ---------  --------  ----------  --------------  -------------------
/opt/airflow/dags/fx_rates_dag.py                           1           0  0.21s           2026-10-09T11:31:22
================================================================================
[2026-10-09T11:31:52.596+0000] {manager.py:879} INFO - 
================================================================================
DAG File Processing Stats

File Path                          PID    Runtime      # DAGs    # Errors  Last Runtime    Last Run
---------------------------------  -----  ---------  --------  ----------  --------------  -------------------
/opt/airflow/dags/fx_rates_dag.py                           1           0  0.21s           2026-10-09T11:31:52
================================================================================
[2026-10-09T11:32:22.824+0000] {manager.py:879} INFO - 
================================================================================
DAG File Processing Stats

File Path                          PID    Runtime      # DAGs    # Errors  Last Runtime    Last Run
---------------------------------  -----  ---------  --------  ----------  --------------  -------------------
/opt/airflow/dags/fx_rates_dag.py                           1           0  0.11s           2026-10-09T11:32:22
================================================================================
[2026-10-09T11:32:53.155+0000] {manager.py:879} INFO - 
================================================================================
DAG File Processing Stats

File Path                          PID    Runtime      # DAGs    # Errors  Last Runtime    Last Run
---------------------------------  -----  ---------  --------  ----------  --------------  -------------------
/opt/airflow/dags/fx_rates_dag.py                           1           0  0.21s           2026-10-09T11:32:53
================================================================================
[2026-10-09T11:33:23.435+0000] {manager.py:879} INFO - 
================================================================================
DAG File Processing Stats

File Path                          PID    Runtime      # DAGs    # Errors  Last Runtime    Last Run
---------------------------------  -----  ---------  --------  ----------  --------------  -------------------
/opt/airflow/dags/fx_rates_dag.py                           1           0  0.21s           2026-10-09T11:33:23
================================================================================
[2026-10-09T11:33:53.775+0000] {manager.py:879} INFO - 
================================================================================
DAG File Processing Stats

File Path                          PID    Runtime      # DAGs    # Errors  Last Runtime    Last Run
---------------------------------  -----  ---------  --------  ----------  --------------  -------------------
/opt/airflow/dags/fx_rates_dag.py                           1           0  0.21s           2026-10-09T11:33:53
================================================================================
[2026-10-09T11:34:23.124+0000] {manager.py:738} INFO - Searching for files in /opt/airflow/dags
[2026-10-09T11:34:23.145+0000] {manager.py:741} INFO - There are 1 files in /opt/airflow/dags
[2026-10-09T11:34:23.999+0000] {manager.py:879} INFO - 
================================================================================
DAG File Processing Stats

File Path                          PID    Runtime      # DAGs    # Errors  Last Runtime    Last Run
---------------------------------  -----  ---------  --------  ----------  --------------  -------------------
/opt/airflow/dags/fx_rates_dag.py                           1           0  0.11s           2026-10-09T11:34:23
================================================================================
[2026-10-09T11:34:54.315+0000] {manager.py:879} INFO - 
================================================================================
DAG File Processing Stats

File Path                          PID    Runtime      # DAGs    # Errors  Last Runtime    Last Run
---------------------------------  -----  ---------  --------  ----------  --------------  -------------------
/opt/airflow/dags/fx_rates_dag.py                           1           0  0.21s           2026-10-09T11:34:54
================================================================================
[2026-10-09T11:35:24.667+0000] {manager.py:879} INFO - 
================================================================================
DAG File Processing Stats

File Path                          PID    Runtime      # DAGs    # Errors  Last Runtime    Last Run
---------------------------------  -----  ---------  --------  ----------  --------------  -------------------
/opt/airflow/dags/fx_rates_dag.py                           1           0  0.21s           2026-10-09T11:35:24
================================================================================
[2026-10-09T11:35:54.914+0000] {manager.py:879} INFO - 
================================================================================
DAG File Processing Stats

File Path                          PID    Runtime      # DAGs    # Errors  Last Runtime    Last Run
---------------------------------  -----  ---------  --------  ----------  --------------  -------------------
/opt/airflow/dags/fx_rates_dag.py                           1           0  0.10s           2026-10-09T11:35:54
================================================================================
[2026-10-09T11:36:25.237+0000] {manager.py:879} INFO - 
================================================================================
DAG File Processing Stats

File Path                          PID    Runtime      # DAGs    # Errors  Last Runtime    Last Run
---------------------------------  -----  ---------  --------  ----------  --------------  -------------------
/opt/airflow/dags/fx_rates_dag.py                           1           0  0.20s           2026-10-09T11:36:25
================================================================================
[2026-10-09T11:36:55.460+0000] {manager.py:879} INFO - 
================================================================================
DAG File Processing Stats

File Path                          PID    Runtime      # DAGs    # Errors  Last Runtime    Last Run
---------------------------------  -----  ---------  --------  ----------  --------------  -------------------
/opt/airflow/dags/fx_rates_dag.py                           1           0  0.10s           2026-10-09T11:36:55
================================================================================
[2026-10-09T11:37:25.682+0000] {manager.py:879} INFO - 
================================================================================
DAG File Processing Stats

File Path                          PID    Runtime      # DAGs    # Errors  Last Runtime    Last Run
---------------------------------  -----  ---------  --------  ----------  --------------  -------------------
/opt/airflow/dags/fx_rates_dag.py                           1           0  0.10s           2026-10-09T11:37:25
================================================================================
[2026-10-09T11:37:56.007+0000] {manager.py:879} INFO - 
================================================================================
DAG File Processing Stats

File Path                          PID    Runtime      # DAGs    # Errors  Last Runtime    Last Run
---------------------------------  -----  ---------  --------  ----------  --------------  -------------------
/opt/airflow/dags/fx_rates_dag.py                           1           0  0.20s           2026-10-09T11:37:56
================================================================================
[2026-10-09T11:38:26.233+0000] {manager.py:879} INFO - 
================================================================================
DAG File Processing Stats

File Path                          PID    Runtime      # DAGs    # Errors  Last Runtime    Last Run
---------------------------------  -----  ---------  --------  ----------  --------------  -------------------
/opt/airflow/dags/fx_rates_dag.py                           1           0  0.10s           2026-10-09T11:38:26
================================================================================
[2026-10-09T11:38:56.460+0000] {manager.py:879} INFO - 
================================================================================
DAG File Processing Stats

File Path                          PID    Runtime      # DAGs    # Errors  Last Runtime    Last Run
---------------------------------  -----  ---------  --------  ----------  --------------  -------------------
/opt/airflow/dags/fx_rates_dag.py                           1           0  0.11s           2026-10-09T11:38:56
================================================================================
[2026-10-09T11:39:23.263+0000] {manager.py:738} INFO - Searching for files in /opt/airflow/dags
[2026-10-09T11:39:23.284+0000] {manager.py:741} INFO - There are 1 files in /opt/airflow/dags
[2026-10-09T11:39:26.684+0000] {manager.py:879} INFO - 
================================================================================
DAG File Processing Stats

File Path                          PID    Runtime      # DAGs    # Errors  Last Runtime    Last Run
---------------------------------  -----  ---------  --------  ----------  --------------  -------------------
/opt/airflow/dags/fx_rates_dag.py                           1           0  0.10s           2026-10-09T11:39:26
================================================================================
[2026-10-09T11:39:56.893+0000] {manager.py:879} INFO - 
================================================================================
DAG File Processing Stats

File Path                          PID    Runtime      # DAGs    # Errors  Last Runtime    Last Run
---------------------------------  -----  ---------  --------  ----------  --------------  -------------------
/opt/airflow/dags/fx_rates_dag.py                           1           0  0.10s           2026-10-09T11:39:56
================================================================================
[2026-10-09T11:40:27.119+0000] {manager.py:879} INFO - 
================================================================================
DAG File Processing Stats

File Path                          PID    Runtime      # DAGs    # Errors  Last Runtime    Last Run
---------------------------------  -----  ---------  --------  ----------  --------------  -------------------
/opt/airflow/dags/fx_rates_dag.py                           1           0  0.11s           2026-10-09T11:40:27
================================================================================
[2026-10-09T11:40:57.346+0000] {manager.py:879} INFO - 
================================================================================
DAG File Processing Stats

File Path                          PID    Runtime      # DAGs    # Errors  Last Runtime    Last Run
---------------------------------  -----  ---------  --------  ----------  --------------  -------------------
/opt/airflow/dags/fx_rates_dag.py                           1           0  0.11s           2026-10-09T11:40:57
================================================================================
[2026-10-09T11:41:27.670+0000] {manager.py:879} INFO - 
================================================================================
DAG File Processing Stats

File Path                          PID    Runtime      # DAGs    # Errors  Last Runtime    Last Run
---------------------------------  -----  ---------  --------  ----------  --------------  -------------------
/opt/airflow/dags/fx_rates_dag.py                           1           0  0.21s           2026-10-09T11:41:27
================================================================================
[2026-10-09T11:41:57.804+0000] {manager.py:879} INFO - 
================================================================================
DAG File Processing Stats

File Path                          PID    Runtime      # DAGs    # Errors  Last Runtime    Last Run
---------------------------------  -----  ---------  --------  ----------  --------------  -------------------
/opt/airflow/dags/fx_rates_dag.py                           1           0  0.11s           2026-10-09T11:41:57
================================================================================
[2026-10-09T11:42:28.041+0000] {manager.py:879} INFO - 
================================================================================
DAG File Processing Stats

File Path                          PID    Runtime      # DAGs    # Errors  Last Runtime    Last Run
---------------------------------  -----  ---------  --------  ----------  --------------  -------------------
/opt/airflow/dags/fx_rates_dag.py                           1           0  0.11s           2026-10-09T11:42:28
================================================================================
[2026-10-09T11:42:58.380+0000] {manager.py:879} INFO - 
================================================================================
DAG File Processing Stats

File Path                          PID    Runtime      # DAGs    # Errors  Last Runtime    Last Run
---------------------------------  -----  ---------  --------  ----------  --------------  -------------------
/opt/airflow/dags/fx_rates_dag.py                           1           0  0.21s           2026-10-09T11:42:58
================================================================================
[2026-10-09T11:43:28.722+0000] {manager.py:879} INFO - 
================================================================================
DAG File Processing Stats

File Path                          PID    Runtime      # DAGs    # Errors  Last Runtime    Last Run
---------------------------------  -----  ---------  --------  ----------  --------------  -------------------
/opt/airflow/dags/fx_rates_dag.py                           1           0  0.21s           2026-10-09T11:43:28
================================================================================
[2026-10-09T11:43:59.055+0000] {manager.py:879} INFO - 
================================================================================
DAG File Processing Stats

File Path                          PID    Runtime      # DAGs    # Errors  Last Runtime    Last Run
---------------------------------  -----  ---------  --------  ----------  --------------  -------------------
/opt/airflow/dags/fx_rates_dag.py                           1           0  0.21s           2026-10-09T11:43:59
================================================================================
[2026-10-09T11:44:23.801+0000] {manager.py:738} INFO - Searching for files in /opt/airflow/dags
[2026-10-09T11:44:23.823+0000] {manager.py:741} INFO - There are 1 files in /opt/airflow/dags
[2026-10-09T11:44:29.387+0000] {manager.py:879} INFO - 
================================================================================
DAG File Processing Stats

File Path                          PID    Runtime      # DAGs    # Errors  Last Runtime    Last Run
---------------------------------  -----  ---------  --------  ----------  --------------  -------------------
/opt/airflow/dags/fx_rates_dag.py                           1           0  0.21s           2026-10-09T11:44:29
================================================================================
[2026-10-09T11:44:59.722+0000] {manager.py:879} INFO - 
================================================================================
DAG File Processing Stats

File Path                          PID    Runtime      # DAGs    # Errors  Last Runtime    Last Run
---------------------------------  -----  ---------  --------  ----------  --------------  -------------------
/opt/airflow/dags/fx_rates_dag.py                           1           0  0.21s           2026-10-09T11:44:59
================================================================================
[2026-10-09T11:45:30.052+0000] {manager.py:879} INFO - 
================================================================================
DAG File Processing Stats

File Path                          PID    Runtime      # DAGs    # Errors  Last Runtime    Last Run
---------------------------------  -----  ---------  --------  ----------  --------------  -------------------
/opt/airflow/dags/fx_rates_dag.py                           1           0  0.21s           2026-10-09T11:45:30
================================================================================
[2026-10-09T11:46:00.356+0000] {manager.py:879} INFO - 
================================================================================
DAG File Processing Stats

File Path                          PID    Runtime      # DAGs    # Errors  Last Runtime    Last Run
---------------------------------  -----  ---------  --------  ----------  --------------  -------------------
/opt/airflow/dags/fx_rates_dag.py                           1           0  0.21s           2026-10-09T11:46:00
================================================================================
[2026-10-09T11:46:30.691+0000] {manager.py:879} INFO - 
================================================================================
DAG File Processing Stats

File Path                          PID    Runtime      # DAGs    # Errors  Last Runtime    Last Run
---------------------------------  -----  ---------  --------  ----------  --------------  -------------------
/opt/airflow/dags/fx_rates_dag.py                           1           0  0.21s           2026-10-09T11:46:30
================================================================================
[2026-10-09T11:47:01.023+0000] {manager.py:879} INFO - 
================================================================================
DAG File Processing Stats

File Path                          PID    Runtime      # DAGs    # Errors  Last Runtime    Last Run
---------------------------------  -----  ---------  --------  ----------  --------------  -------------------
/opt/airflow/dags/fx_rates_dag.py                           1           0  0.21s           2026-10-09T11:47:01
================================================================================
[2026-10-09T11:47:31.359+0000] {manager.py:879} INFO - 
================================================================================
DAG File Processing Stats

File Path                          PID    Runtime      # DAGs    # Errors  Last Runtime    Last Run
---------------------------------  -----  ---------  --------  ----------  --------------  -------------------
/opt/airflow/dags/fx_rates_dag.py                           1           0  0.21s           2026-10-09T11:47:31
================================================================================
[2026-10-09T11:48:01.689+0000] {manager.py:879} INFO - 
================================================================================
DAG File Processing Stats

File Path                          PID    Runtime      # DAGs    # Errors  Last Runtime    Last Run
---------------------------------  -----  ---------  --------  ----------  --------------  -------------------
/opt/airflow/dags/fx_rates_dag.py                           1           0  0.21s           2026-10-09T11:48:01
================================================================================
[2026-10-09T11:48:32.020+0000] {manager.py:879} INFO - 
================================================================================
DAG File Processing Stats

File Path                          PID    Runtime      # DAGs    # Errors  Last Runtime    Last Run
---------------------------------  -----  ---------  --------  ----------  --------------  -------------------
/opt/airflow/dags/fx_rates_dag.py                           1           0  0.21s           2026-10-09T11:48:32
================================================================================
[2026-10-09T11:49:02.331+0000] {manager.py:879} INFO - 
================================================================================
DAG File Processing Stats

File Path                          PID    Runtime      # DAGs    # Errors  Last Runtime    Last Run
---------------------------------  -----  ---------  --------  ----------  --------------  -------------------
/opt/airflow/dags/fx_rates_dag.py                           1           0  0.21s           2026-10-09T11:49:02
================================================================================
[2026-10-09T11:49:24.320+0000] {manager.py:738} INFO - Searching for files in /opt/airflow/dags
[2026-10-09T11:49:24.343+0000] {manager.py:741} INFO - There are 1 files in /opt/airflow/dags
[2026-10-09T11:49:32.687+0000] {manager.py:879} INFO - 
================================================================================
DAG File Processing Stats

File Path                          PID    Runtime      # DAGs    # Errors  Last Runtime    Last Run
---------------------------------  -----  ---------  --------  ----------  --------------  -------------------
/opt/airflow/dags/fx_rates_dag.py                           1           0  0.21s           2026-10-09T11:49:32
================================================================================
[2026-10-09T11:50:03.040+0000] {manager.py:879} INFO - 
================================================================================
DAG File Processing Stats

File Path                          PID    Runtime      # DAGs    # Errors  Last Runtime    Last Run
---------------------------------  -----  ---------  --------  ----------  --------------  -------------------
/opt/airflow/dags/fx_rates_dag.py                           1           0  0.21s           2026-10-09T11:50:03
================================================================================
[2026-10-09T11:50:33.380+0000] {manager.py:879} INFO - 
================================================================================
DAG File Processing Stats

File Path                          PID    Runtime      # DAGs    # Errors  Last Runtime    Last Run
---------------------------------  -----  ---------  --------  ----------  --------------  -------------------
/opt/airflow/dags/fx_rates_dag.py                           1           0  0.21s           2026-10-09T11:50:33
================================================================================
[2026-10-09T11:51:03.711+0000] {manager.py:879} INFO - 
================================================================================
DAG File Processing Stats

File Path                          PID    Runtime      # DAGs    # Errors  Last Runtime    Last Run
---------------------------------  -----  ---------  --------  ----------  --------------  -------------------
/opt/airflow/dags/fx_rates_dag.py                           1           0  0.20s           2026-10-09T11:51:03
================================================================================
[2026-10-09T11:51:34.042+0000] {manager.py:879} INFO - 
================================================================================
DAG File Processing Stats

File Path                          PID    Runtime      # DAGs    # Errors  Last Runtime    Last Run
---------------------------------  -----  ---------  --------  ----------  --------------  -------------------
/opt/airflow/dags/fx_rates_dag.py                           1           0  0.21s           2026-10-09T11:51:34
================================================================================
[2026-10-09T11:52:04.345+0000] {manager.py:879} INFO - 
================================================================================
DAG File Processing Stats

File Path                          PID    Runtime      # DAGs    # Errors  Last Runtime    Last Run
---------------------------------  -----  ---------  --------  ----------  --------------  -------------------
/opt/airflow/dags/fx_rates_dag.py                           1           0  0.21s           2026-10-09T11:52:04
================================================================================
[2026-10-09T11:52:34.663+0000] {manager.py:879} INFO - 
================================================================================
DAG File Processing Stats

File Path                          PID    Runtime      # DAGs    # Errors  Last Runtime    Last Run
---------------------------------  -----  ---------  --------  ----------  --------------  -------------------
/opt/airflow/dags/fx_rates_dag.py                           1           0  0.21s           2026-10-09T11:52:34
================================================================================
[2026-10-09T11:53:04.901+0000] {manager.py:879} INFO - 
================================================================================
DAG File Processing Stats

File Path                          PID    Runtime      # DAGs    # Errors  Last Runtime    Last Run
---------------------------------  -----  ---------  --------  ----------  --------------  -------------------
/opt/airflow/dags/fx_rates_dag.py                           1           0  0.11s           2026-10-09T11:53:04
================================================================================
[2026-10-09T11:53:35.135+0000] {manager.py:879} INFO - 
================================================================================
DAG File Processing Stats

File Path                          PID    Runtime      # DAGs    # Errors  Last Runtime    Last Run
---------------------------------  -----  ---------  --------  ----------  --------------  -------------------
/opt/airflow/dags/fx_rates_dag.py                           1           0  0.11s           2026-10-09T11:53:35
================================================================================
[2026-10-09T11:54:05.467+0000] {manager.py:879} INFO - 
================================================================================
DAG File Processing Stats

File Path                          PID    Runtime      # DAGs    # Errors  Last Runtime    Last Run
---------------------------------  -----  ---------  --------  ----------  --------------  -------------------
/opt/airflow/dags/fx_rates_dag.py                           1           0  0.21s           2026-10-09T11:54:05
================================================================================
[2026-10-09T11:54:24.513+0000] {manager.py:738} INFO - Searching for files in /opt/airflow/dags
[2026-10-09T11:54:24.538+0000] {manager.py:741} INFO - There are 1 files in /opt/airflow/dags
[2026-10-09T11:54:35.757+0000] {manager.py:879} INFO - 
================================================================================
DAG File Processing Stats

File Path                          PID    Runtime      # DAGs    # Errors  Last Runtime    Last Run
---------------------------------  -----  ---------  --------  ----------  --------------  -------------------
/opt/airflow/dags/fx_rates_dag.py                           1           0  0.21s           2026-10-09T11:54:35
================================================================================
[2026-10-09T11:55:06.097+0000] {manager.py:879} INFO - 
================================================================================
DAG File Processing Stats

File Path                          PID    Runtime      # DAGs    # Errors  Last Runtime    Last Run
---------------------------------  -----  ---------  --------  ----------  --------------  -------------------
/opt/airflow/dags/fx_rates_dag.py                           1           0  0.21s           2026-10-09T11:55:06
================================================================================
[2026-10-09T11:55:36.431+0000] {manager.py:879} INFO - 
================================================================================
DAG File Processing Stats

File Path                          PID    Runtime      # DAGs    # Errors  Last Runtime    Last Run
---------------------------------  -----  ---------  --------  ----------  --------------  -------------------
/opt/airflow/dags/fx_rates_dag.py                           1           0  0.21s           2026-10-09T11:55:36
================================================================================
[2026-10-09T11:56:06.768+0000] {manager.py:879} INFO - 
================================================================================
DAG File Processing Stats

File Path                          PID    Runtime      # DAGs    # Errors  Last Runtime    Last Run
---------------------------------  -----  ---------  --------  ----------  --------------  -------------------
/opt/airflow/dags/fx_rates_dag.py                           1           0  0.21s           2026-10-09T11:56:06
================================================================================
[2026-10-09T11:56:37.104+0000] {manager.py:879} INFO - 
================================================================================
DAG File Processing Stats

File Path                          PID    Runtime      # DAGs    # Errors  Last Runtime    Last Run
---------------------------------  -----  ---------  --------  ----------  --------------  -------------------
/opt/airflow/dags/fx_rates_dag.py                           1           0  0.21s           2026-10-09T11:56:37
================================================================================
[2026-10-09T11:57:07.440+0000] {manager.py:879} INFO - 
================================================================================
DAG File Processing Stats

File Path                          PID    Runtime      # DAGs    # Errors  Last Runtime    Last Run
---------------------------------  -----  ---------  --------  ----------  --------------  -------------------
/opt/airflow/dags/fx_rates_dag.py                           1           0  0.21s           2026-10-09T11:57:07
================================================================================
[2026-10-09T11:57:37.776+0000] {manager.py:879} INFO - 
================================================================================
DAG File Processing Stats

File Path                          PID    Runtime      # DAGs    # Errors  Last Runtime    Last Run
---------------------------------  -----  ---------  --------  ----------  --------------  -------------------
/opt/airflow/dags/fx_rates_dag.py                           1           0  0.21s           2026-10-09T11:57:37
================================================================================
[2026-10-09T11:58:08.110+0000] {manager.py:879} INFO - 
================================================================================
DAG File Processing Stats

File Path                          PID    Runtime      # DAGs    # Errors  Last Runtime    Last Run
---------------------------------  -----  ---------  --------  ----------  --------------  -------------------
/opt/airflow/dags/fx_rates_dag.py                           1           0  0.21s           2026-10-09T11:58:08
================================================================================
[2026-10-09T11:58:38.422+0000] {manager.py:879} INFO - 
================================================================================
DAG File Processing Stats

File Path                          PID    Runtime      # DAGs    # Errors  Last Runtime    Last Run
---------------------------------  -----  ---------  --------  ----------  --------------  -------------------
/opt/airflow/dags/fx_rates_dag.py                           1           0  0.21s           2026-10-09T11:58:38
================================================================================
[2026-10-09T11:59:08.664+0000] {manager.py:879} INFO - 
================================================================================
DAG File Processing Stats

File Path                          PID    Runtime      # DAGs    # Errors  Last Runtime    Last Run
---------------------------------  -----  ---------  --------  ----------  --------------  -------------------
/opt/airflow/dags/fx_rates_dag.py                           1           0  0.11s           2026-10-09T11:59:08
================================================================================
[2026-10-09T11:59:24.788+0000] {manager.py:738} INFO - Searching for files in /opt/airflow/dags
[2026-10-09T11:59:24.811+0000] {manager.py:741} INFO - There are 1 files in /opt/airflow/dags
[2026-10-09T11:59:39.000+0000] {manager.py:879} INFO - 
================================================================================
DAG File Processing Stats

File Path                          PID    Runtime      # DAGs    # Errors  Last Runtime    Last Run
---------------------------------  -----  ---------  --------  ----------  --------------  -------------------
/opt/airflow/dags/fx_rates_dag.py                           1           0  0.21s           2026-10-09T11:59:38
================================================================================
[2026-10-09T12:00:09.338+0000] {manager.py:879} INFO - 
================================================================================
DAG File Processing Stats

File Path                          PID    Runtime      # DAGs    # Errors  Last Runtime    Last Run
---------------------------------  -----  ---------  --------  ----------  --------------  -------------------
/opt/airflow/dags/fx_rates_dag.py                           1           0  0.21s           2026-10-09T12:00:09
================================================================================
[2026-10-09T12:00:39.675+0000] {manager.py:879} INFO - 
================================================================================
DAG File Processing Stats

File Path                          PID    Runtime      # DAGs    # Errors  Last Runtime    Last Run
---------------------------------  -----  ---------  --------  ----------  --------------  -------------------
/opt/airflow/dags/fx_rates_dag.py                           1           0  0.21s           2026-10-09T12:00:39
================================================================================
[2026-10-09T12:01:09.934+0000] {manager.py:879} INFO - 
================================================================================
DAG File Processing Stats

File Path                          PID    Runtime      # DAGs    # Errors  Last Runtime    Last Run
---------------------------------  -----  ---------  --------  ----------  --------------  -------------------
/opt/airflow/dags/fx_rates_dag.py                           1           0  0.21s           2026-10-09T12:01:09
================================================================================
[2026-10-09T12:01:40.244+0000] {manager.py:879} INFO - 
================================================================================
DAG File Processing Stats

File Path                          PID    Runtime      # DAGs    # Errors  Last Runtime    Last Run
---------------------------------  -----  ---------  --------  ----------  --------------  -------------------
/opt/airflow/dags/fx_rates_dag.py                           1           0  0.21s           2026-10-09T12:01:40
================================================================================
[2026-10-09T12:02:10.577+0000] {manager.py:879} INFO - 
================================================================================
DAG File Processing Stats

File Path                          PID    Runtime      # DAGs    # Errors  Last Runtime    Last Run
---------------------------------  -----  ---------  --------  ----------  --------------  -------------------
/opt/airflow/dags/fx_rates_dag.py                           1           0  0.20s           2026-10-09T12:02:10
================================================================================
[2026-10-09T12:02:40.914+0000] {manager.py:879} INFO - 
================================================================================
DAG File Processing Stats

File Path                          PID    Runtime      # DAGs    # Errors  Last Runtime    Last Run
---------------------------------  -----  ---------  --------  ----------  --------------  -------------------
/opt/airflow/dags/fx_rates_dag.py                           1           0  0.21s           2026-10-09T12:02:40
================================================================================
[2026-10-09T12:03:11.159+0000] {manager.py:879} INFO - 
================================================================================
DAG File Processing Stats

File Path                          PID    Runtime      # DAGs    # Errors  Last Runtime    Last Run
---------------------------------  -----  ---------  --------  ----------  --------------  -------------------
/opt/airflow/dags/fx_rates_dag.py                           1           0  0.11s           2026-10-09T12:03:11
================================================================================
[2026-10-09T12:03:41.490+0000] {manager.py:879} INFO - 
================================================================================
DAG File Processing Stats

File Path                          PID    Runtime      # DAGs    # Errors  Last Runtime    Last Run
---------------------------------  -----  ---------  --------  ----------  --------------  -------------------
/opt/airflow/dags/fx_rates_dag.py                           1           0  0.21s           2026-10-09T12:03:41
================================================================================
[2026-10-09T12:04:11.824+0000] {manager.py:879} INFO - 
================================================================================
DAG File Processing Stats

File Path                          PID    Runtime      # DAGs    # Errors  Last Runtime    Last Run
---------------------------------  -----  ---------  --------  ----------  --------------  -------------------
/opt/airflow/dags/fx_rates_dag.py                           1           0  0.21s           2026-10-09T12:04:11
================================================================================
[2026-10-09T12:04:25.337+0000] {manager.py:738} INFO - Searching for files in /opt/airflow/dags
[2026-10-09T12:04:25.359+0000] {manager.py:741} INFO - There are 1 files in /opt/airflow/dags
[2026-10-09T12:04:42.162+0000] {manager.py:879} INFO - 
================================================================================
DAG File Processing Stats

File Path                          PID    Runtime      # DAGs    # Errors  Last Runtime    Last Run
---------------------------------  -----  ---------  --------  ----------  --------------  -------------------
/opt/airflow/dags/fx_rates_dag.py                           1           0  0.21s           2026-10-09T12:04:42
================================================================================
[2026-10-09T12:05:12.469+0000] {manager.py:879} INFO - 
================================================================================
DAG File Processing Stats

File Path                          PID    Runtime      # DAGs    # Errors  Last Runtime    Last Run
---------------------------------  -----  ---------  --------  ----------  --------------  -------------------
/opt/airflow/dags/fx_rates_dag.py                           1           0  0.21s           2026-10-09T12:05:12
================================================================================
[2026-10-09T12:05:42.803+0000] {manager.py:879} INFO - 
================================================================================
DAG File Processing Stats

File Path                          PID    Runtime      # DAGs    # Errors  Last Runtime    Last Run
---------------------------------  -----  ---------  --------  ----------  --------------  -------------------
/opt/airflow/dags/fx_rates_dag.py                           1           0  0.21s           2026-10-09T12:05:42
================================================================================
[2026-10-09T12:06:13.141+0000] {manager.py:879} INFO - 
================================================================================
DAG File Processing Stats

File Path                          PID    Runtime      # DAGs    # Errors  Last Runtime    Last Run
---------------------------------  -----  ---------  --------  ----------  --------------  -------------------
/opt/airflow/dags/fx_rates_dag.py                           1           0  0.21s           2026-10-09T12:06:13
================================================================================
[2026-10-09T12:06:43.474+0000] {manager.py:879} INFO - 
================================================================================
DAG File Processing Stats

File Path                          PID    Runtime      # DAGs    # Errors  Last Runtime    Last Run
---------------------------------  -----  ---------  --------  ----------  --------------  -------------------
/opt/airflow/dags/fx_rates_dag.py                           1           0  0.21s           2026-10-09T12:06:43
================================================================================
[2026-10-09T12:07:13.807+0000] {manager.py:879} INFO - 
================================================================================
DAG File Processing Stats

File Path                          PID    Runtime      # DAGs    # Errors  Last Runtime    Last Run
---------------------------------  -----  ---------  --------  ----------  --------------  -------------------
/opt/airflow/dags/fx_rates_dag.py                           1           0  0.20s           2026-10-09T12:07:13
================================================================================
[2026-10-09T12:07:44.158+0000] {manager.py:879} INFO - 
================================================================================
DAG File Processing Stats

File Path                          PID    Runtime      # DAGs    # Errors  Last Runtime    Last Run
---------------------------------  -----  ---------  --------  ----------  --------------  -------------------
/opt/airflow/dags/fx_rates_dag.py                           1           0  0.21s           2026-10-09T12:07:44
================================================================================
[2026-10-09T12:08:14.492+0000] {manager.py:879} INFO - 
================================================================================
DAG File Processing Stats

File Path                          PID    Runtime      # DAGs    # Errors  Last Runtime    Last Run
---------------------------------  -----  ---------  --------  ----------  --------------  -------------------
/opt/airflow/dags/fx_rates_dag.py                           1           0  0.21s           2026-10-09T12:08:14
================================================================================
[2026-10-09T12:08:44.806+0000] {manager.py:879} INFO - 
================================================================================
DAG File Processing Stats

File Path                          PID    Runtime      # DAGs    # Errors  Last Runtime    Last Run
---------------------------------  -----  ---------  --------  ----------  --------------  -------------------
/opt/airflow/dags/fx_rates_dag.py                           1           0  0.21s           2026-10-09T12:08:44
================================================================================
[2026-10-09T12:09:15.104+0000] {manager.py:879} INFO - 
================================================================================
DAG File Processing Stats

File Path                          PID    Runtime      # DAGs    # Errors  Last Runtime    Last Run
---------------------------------  -----  ---------  --------  ----------  --------------  -------------------
/opt/airflow/dags/fx_rates_dag.py                           1           0  0.21s           2026-10-09T12:09:15
================================================================================
[2026-10-09T12:09:25.692+0000] {manager.py:738} INFO - Searching for files in /opt/airflow/dags
[2026-10-09T12:09:25.715+0000] {manager.py:741} INFO - There are 1 files in /opt/airflow/dags
[2026-10-09T12:09:45.440+0000] {manager.py:879} INFO - 
================================================================================
DAG File Processing Stats

File Path                          PID    Runtime      # DAGs    # Errors  Last Runtime    Last Run
---------------------------------  -----  ---------  --------  ----------  --------------  -------------------
/opt/airflow/dags/fx_rates_dag.py                           1           0  0.21s           2026-10-09T12:09:45
================================================================================
[2026-10-09T12:10:15.675+0000] {manager.py:879} INFO - 
================================================================================
DAG File Processing Stats

File Path                          PID    Runtime      # DAGs    # Errors  Last Runtime    Last Run
---------------------------------  -----  ---------  --------  ----------  --------------  -------------------
/opt/airflow/dags/fx_rates_dag.py                           1           0  0.11s           2026-10-09T12:10:15
================================================================================
[2026-10-09T12:10:45.899+0000] {manager.py:879} INFO - 
================================================================================
DAG File Processing Stats

File Path                          PID    Runtime      # DAGs    # Errors  Last Runtime    Last Run
---------------------------------  -----  ---------  --------  ----------  --------------  -------------------
/opt/airflow/dags/fx_rates_dag.py                           1           0  0.11s           2026-10-09T12:10:45
================================================================================
[2026-10-09T12:11:16.224+0000] {manager.py:879} INFO - 
================================================================================
DAG File Processing Stats

File Path                          PID    Runtime      # DAGs    # Errors  Last Runtime    Last Run
---------------------------------  -----  ---------  --------  ----------  --------------  -------------------
/opt/airflow/dags/fx_rates_dag.py                           1           0  0.21s           2026-10-09T12:11:16
================================================================================
[2026-10-09T12:11:46.450+0000] {manager.py:879} INFO - 
================================================================================
DAG File Processing Stats

File Path                          PID    Runtime      # DAGs    # Errors  Last Runtime    Last Run
---------------------------------  -----  ---------  --------  ----------  --------------  -------------------
/opt/airflow/dags/fx_rates_dag.py                           1           0  0.11s           2026-10-09T12:11:46
================================================================================
[2026-10-09T12:12:16.682+0000] {manager.py:879} INFO - 
================================================================================
DAG File Processing Stats

File Path                          PID    Runtime      # DAGs    # Errors  Last Runtime    Last Run
---------------------------------  -----  ---------  --------  ----------  --------------  -------------------
/opt/airflow/dags/fx_rates_dag.py                           1           0  0.11s           2026-10-09T12:12:16
================================================================================
[2026-10-09T12:12:46.799+0000] {manager.py:879} INFO - 
================================================================================
DAG File Processing Stats

File Path                          PID    Runtime      # DAGs    # Errors  Last Runtime    Last Run
---------------------------------  -----  ---------  --------  ----------  --------------  -------------------
/opt/airflow/dags/fx_rates_dag.py                           1           0  0.31s           2026-10-09T12:12:34
================================================================================
[2026-10-09T12:13:16.917+0000] {manager.py:879} INFO - 
================================================================================
DAG File Processing Stats

File Path                          PID    Runtime      # DAGs    # Errors  Last Runtime    Last Run
---------------------------------  -----  ---------  --------  ----------  --------------  -------------------
/opt/airflow/dags/fx_rates_dag.py                           1           0  0.11s           2026-10-09T12:13:05
================================================================================
[2026-10-09T12:13:47.036+0000] {manager.py:879} INFO - 
================================================================================
DAG File Processing Stats

File Path                          PID    Runtime      # DAGs    # Errors  Last Runtime    Last Run
---------------------------------  -----  ---------  --------  ----------  --------------  -------------------
/opt/airflow/dags/fx_rates_dag.py                           1           0  0.22s           2026-10-09T12:13:35
================================================================================
[2026-10-09T12:14:17.151+0000] {manager.py:879} INFO - 
================================================================================
DAG File Processing Stats

File Path                          PID    Runtime      # DAGs    # Errors  Last Runtime    Last Run
---------------------------------  -----  ---------  --------  ----------  --------------  -------------------
/opt/airflow/dags/fx_rates_dag.py                           1           0  0.21s           2026-10-09T12:14:06
================================================================================
[2026-10-09T12:14:26.042+0000] {manager.py:738} INFO - Searching for files in /opt/airflow/dags
[2026-10-09T12:14:26.064+0000] {manager.py:741} INFO - There are 1 files in /opt/airflow/dags
[2026-10-09T12:14:47.265+0000] {manager.py:879} INFO - 
================================================================================
DAG File Processing Stats

File Path                          PID    Runtime      # DAGs    # Errors  Last Runtime    Last Run
---------------------------------  -----  ---------  --------  ----------  --------------  -------------------
/opt/airflow/dags/fx_rates_dag.py                           1           0  0.21s           2026-10-09T12:14:36
================================================================================
[2026-10-09T12:15:17.385+0000] {manager.py:879} INFO - 
================================================================================
DAG File Processing Stats

File Path                          PID    Runtime      # DAGs    # Errors  Last Runtime    Last Run
---------------------------------  -----  ---------  --------  ----------  --------------  -------------------
/opt/airflow/dags/fx_rates_dag.py                           1           0  0.21s           2026-10-09T12:15:07
================================================================================
[2026-10-09T12:15:47.492+0000] {manager.py:879} INFO - 
================================================================================
DAG File Processing Stats

File Path                          PID    Runtime      # DAGs    # Errors  Last Runtime    Last Run
---------------------------------  -----  ---------  --------  ----------  --------------  -------------------
/opt/airflow/dags/fx_rates_dag.py                           1           0  0.21s           2026-10-09T12:15:37
================================================================================
[2026-10-09T12:16:17.609+0000] {manager.py:879} INFO - 
================================================================================
DAG File Processing Stats

File Path                          PID    Runtime      # DAGs    # Errors  Last Runtime    Last Run
---------------------------------  -----  ---------  --------  ----------  --------------  -------------------
/opt/airflow/dags/fx_rates_dag.py                           1           0  0.21s           2026-10-09T12:16:08
================================================================================
[2026-10-09T12:16:47.725+0000] {manager.py:879} INFO - 
================================================================================
DAG File Processing Stats

File Path                          PID    Runtime      # DAGs    # Errors  Last Runtime    Last Run
---------------------------------  -----  ---------  --------  ----------  --------------  -------------------
/opt/airflow/dags/fx_rates_dag.py                           1           0  0.11s           2026-10-09T12:16:38
================================================================================
[2026-10-09T12:17:17.832+0000] {manager.py:879} INFO - 
================================================================================
DAG File Processing Stats

File Path                          PID    Runtime      # DAGs    # Errors  Last Runtime    Last Run
---------------------------------  -----  ---------  --------  ----------  --------------  -------------------
/opt/airflow/dags/fx_rates_dag.py                           1           0  0.10s           2026-10-09T12:17:08
================================================================================
[2026-10-09T12:17:47.949+0000] {manager.py:879} INFO - 
================================================================================
DAG File Processing Stats

File Path                          PID    Runtime      # DAGs    # Errors  Last Runtime    Last Run
---------------------------------  -----  ---------  --------  ----------  --------------  -------------------
/opt/airflow/dags/fx_rates_dag.py                           1           0  0.10s           2026-10-09T12:17:39
================================================================================
[2026-10-09T12:18:18.023+0000] {manager.py:879} INFO - 
================================================================================
DAG File Processing Stats

File Path                          PID    Runtime      # DAGs    # Errors  Last Runtime    Last Run
---------------------------------  -----  ---------  --------  ----------  --------------  -------------------
/opt/airflow/dags/fx_rates_dag.py                           1           0  0.11s           2026-10-09T12:18:09
================================================================================
[2026-10-09T12:18:48.138+0000] {manager.py:879} INFO - 
================================================================================
DAG File Processing Stats

File Path                          PID    Runtime      # DAGs    # Errors  Last Runtime    Last Run
---------------------------------  -----  ---------  --------  ----------  --------------  -------------------
/opt/airflow/dags/fx_rates_dag.py                           1           0  0.21s           2026-10-09T12:18:39
================================================================================
[2026-10-09T12:19:18.252+0000] {manager.py:879} INFO - 
================================================================================
DAG File Processing Stats

File Path                          PID    Runtime      # DAGs    # Errors  Last Runtime    Last Run
---------------------------------  -----  ---------  --------  ----------  --------------  -------------------
/opt/airflow/dags/fx_rates_dag.py                           1           0  0.11s           2026-10-09T12:19:09
================================================================================
[2026-10-09T12:19:26.396+0000] {manager.py:738} INFO - Searching for files in /opt/airflow/dags
[2026-10-09T12:19:26.418+0000] {manager.py:741} INFO - There are 1 files in /opt/airflow/dags
[2026-10-09T12:19:48.365+0000] {manager.py:879} INFO - 
================================================================================
DAG File Processing Stats

File Path                          PID    Runtime      # DAGs    # Errors  Last Runtime    Last Run
---------------------------------  -----  ---------  --------  ----------  --------------  -------------------
/opt/airflow/dags/fx_rates_dag.py                           1           0  0.11s           2026-10-09T12:19:40
================================================================================
[2026-10-09T12:20:18.479+0000] {manager.py:879} INFO - 
================================================================================
DAG File Processing Stats

File Path                          PID    Runtime      # DAGs    # Errors  Last Runtime    Last Run
---------------------------------  -----  ---------  --------  ----------  --------------  -------------------
/opt/airflow/dags/fx_rates_dag.py                           1           0  0.10s           2026-10-09T12:20:10
================================================================================
[2026-10-09T12:20:48.593+0000] {manager.py:879} INFO - 
================================================================================
DAG File Processing Stats

File Path                          PID    Runtime      # DAGs    # Errors  Last Runtime    Last Run
---------------------------------  -----  ---------  --------  ----------  --------------  -------------------
/opt/airflow/dags/fx_rates_dag.py                           1           0  0.21s           2026-10-09T12:20:40
================================================================================
[2026-10-09T12:21:18.708+0000] {manager.py:879} INFO - 
================================================================================
DAG File Processing Stats

File Path                          PID    Runtime      # DAGs    # Errors  Last Runtime    Last Run
---------------------------------  -----  ---------  --------  ----------  --------------  -------------------
/opt/airflow/dags/fx_rates_dag.py                           1           0  0.11s           2026-10-09T12:21:11
================================================================================
[2026-10-09T12:21:48.826+0000] {manager.py:879} INFO - 
================================================================================
DAG File Processing Stats

File Path                          PID    Runtime      # DAGs    # Errors  Last Runtime    Last Run
---------------------------------  -----  ---------  --------  ----------  --------------  -------------------
/opt/airflow/dags/fx_rates_dag.py                           1           0  0.20s           2026-10-09T12:21:41
================================================================================
[2026-10-09T12:22:18.940+0000] {manager.py:879} INFO - 
================================================================================
DAG File Processing Stats

File Path                          PID    Runtime      # DAGs    # Errors  Last Runtime    Last Run
---------------------------------  -----  ---------  --------  ----------  --------------  -------------------
/opt/airflow/dags/fx_rates_dag.py                           1           0  0.21s           2026-10-09T12:22:11
================================================================================
[2026-10-09T12:22:49.052+0000] {manager.py:879} INFO - 
================================================================================
DAG File Processing Stats

File Path                          PID    Runtime      # DAGs    # Errors  Last Runtime    Last Run
---------------------------------  -----  ---------  --------  ----------  --------------  -------------------
/opt/airflow/dags/fx_rates_dag.py                           1           0  0.21s           2026-10-09T12:22:44
================================================================================
[2026-10-09T12:23:19.224+0000] {manager.py:879} INFO - 
================================================================================
DAG File Processing Stats

File Path                          PID    Runtime      # DAGs    # Errors  Last Runtime    Last Run
---------------------------------  -----  ---------  --------  ----------  --------------  -------------------
/opt/airflow/dags/fx_rates_dag.py                           1           0  0.11s           2026-10-09T12:23:14
================================================================================
[2026-10-09T12:23:49.384+0000] {manager.py:879} INFO - 
================================================================================
DAG File Processing Stats

File Path                          PID    Runtime      # DAGs    # Errors  Last Runtime    Last Run
---------------------------------  -----  ---------  --------  ----------  --------------  -------------------
/opt/airflow/dags/fx_rates_dag.py                           1           0  0.20s           2026-10-09T12:23:45
================================================================================
[2026-10-09T12:24:19.481+0000] {manager.py:879} INFO - 
================================================================================
DAG File Processing Stats

File Path                          PID    Runtime      # DAGs    # Errors  Last Runtime    Last Run
---------------------------------  -----  ---------  --------  ----------  --------------  -------------------
/opt/airflow/dags/fx_rates_dag.py                           1           0  0.11s           2026-10-09T12:24:15
================================================================================
[2026-10-09T12:24:26.778+0000] {manager.py:738} INFO - Searching for files in /opt/airflow/dags
[2026-10-09T12:24:26.798+0000] {manager.py:741} INFO - There are 1 files in /opt/airflow/dags
[2026-10-09T12:24:49.654+0000] {manager.py:879} INFO - 
================================================================================
DAG File Processing Stats

File Path                          PID    Runtime      # DAGs    # Errors  Last Runtime    Last Run
---------------------------------  -----  ---------  --------  ----------  --------------  -------------------
/opt/airflow/dags/fx_rates_dag.py                           1           0  0.11s           2026-10-09T12:24:45
================================================================================
[2026-10-09T12:25:19.813+0000] {manager.py:879} INFO - 
================================================================================
DAG File Processing Stats

File Path                          PID    Runtime      # DAGs    # Errors  Last Runtime    Last Run
---------------------------------  -----  ---------  --------  ----------  --------------  -------------------
/opt/airflow/dags/fx_rates_dag.py                           1           0  0.21s           2026-10-09T12:25:16
================================================================================
[2026-10-09T12:25:49.969+0000] {manager.py:879} INFO - 
================================================================================
DAG File Processing Stats

File Path                          PID    Runtime      # DAGs    # Errors  Last Runtime    Last Run
---------------------------------  -----  ---------  --------  ----------  --------------  -------------------
/opt/airflow/dags/fx_rates_dag.py                           1           0  0.11s           2026-10-09T12:25:46
================================================================================
[2026-10-09T12:26:20.067+0000] {manager.py:879} INFO - 
================================================================================
DAG File Processing Stats

File Path                          PID    Runtime      # DAGs    # Errors  Last Runtime    Last Run
---------------------------------  -----  ---------  --------  ----------  --------------  -------------------
/opt/airflow/dags/fx_rates_dag.py                           1           0  0.11s           2026-10-09T12:26:16
================================================================================
[2026-10-09T12:26:50.242+0000] {manager.py:879} INFO - 
================================================================================
DAG File Processing Stats

File Path                          PID    Runtime      # DAGs    # Errors  Last Runtime    Last Run
---------------------------------  -----  ---------  --------  ----------  --------------  -------------------
/opt/airflow/dags/fx_rates_dag.py                           1           0  0.21s           2026-10-09T12:26:47
================================================================================
[2026-10-09T12:27:20.400+0000] {manager.py:879} INFO - 
================================================================================
DAG File Processing Stats

File Path                          PID    Runtime      # DAGs    # Errors  Last Runtime    Last Run
---------------------------------  -----  ---------  --------  ----------  --------------  -------------------
/opt/airflow/dags/fx_rates_dag.py                           1           0  0.11s           2026-10-09T12:27:17
================================================================================
[2026-10-09T12:27:50.557+0000] {manager.py:879} INFO - 
================================================================================
DAG File Processing Stats

File Path                          PID    Runtime      # DAGs    # Errors  Last Runtime    Last Run
---------------------------------  -----  ---------  --------  ----------  --------------  -------------------
/opt/airflow/dags/fx_rates_dag.py                           1           0  0.21s           2026-10-09T12:27:48
================================================================================
[2026-10-09T12:28:20.671+0000] {manager.py:879} INFO - 
================================================================================
DAG File Processing Stats

File Path                          PID    Runtime      # DAGs    # Errors  Last Runtime    Last Run
---------------------------------  -----  ---------  --------  ----------  --------------  -------------------
/opt/airflow/dags/fx_rates_dag.py                           1           0  0.11s           2026-10-09T12:28:18
================================================================================
[2026-10-09T12:28:50.788+0000] {manager.py:879} INFO - 
================================================================================
DAG File Processing Stats

File Path                          PID    Runtime      # DAGs    # Errors  Last Runtime    Last Run
---------------------------------  -----  ---------  --------  ----------  --------------  -------------------
/opt/airflow/dags/fx_rates_dag.py                           1           0  0.21s           2026-10-09T12:28:49
================================================================================
[2026-10-09T12:29:21.003+0000] {manager.py:879} INFO - 
================================================================================
DAG File Processing Stats

File Path                          PID    Runtime      # DAGs    # Errors  Last Runtime    Last Run
---------------------------------  -----  ---------  --------  ----------  --------------  -------------------
/opt/airflow/dags/fx_rates_dag.py                           1           0  0.10s           2026-10-09T12:29:19
================================================================================
[2026-10-09T12:29:26.816+0000] {manager.py:738} INFO - Searching for files in /opt/airflow/dags
[2026-10-09T12:29:26.839+0000] {manager.py:741} INFO - There are 1 files in /opt/airflow/dags
[2026-10-09T12:29:51.119+0000] {manager.py:879} INFO - 
================================================================================
DAG File Processing Stats

File Path                          PID    Runtime      # DAGs    # Errors  Last Runtime    Last Run
---------------------------------  -----  ---------  --------  ----------  --------------  -------------------
/opt/airflow/dags/fx_rates_dag.py                           1           0  0.21s           2026-10-09T12:29:49
================================================================================
[2026-10-09T12:30:21.234+0000] {manager.py:879} INFO - 
================================================================================
DAG File Processing Stats

File Path                          PID    Runtime      # DAGs    # Errors  Last Runtime    Last Run
---------------------------------  -----  ---------  --------  ----------  --------------  -------------------
/opt/airflow/dags/fx_rates_dag.py                           1           0  0.21s           2026-10-09T12:30:20
================================================================================
[2026-10-09T12:30:51.352+0000] {manager.py:879} INFO - 
================================================================================
DAG File Processing Stats

File Path                          PID    Runtime      # DAGs    # Errors  Last Runtime    Last Run
---------------------------------  -----  ---------  --------  ----------  --------------  -------------------
/opt/airflow/dags/fx_rates_dag.py                           1           0  0.11s           2026-10-09T12:30:50
================================================================================
[2026-10-09T12:31:21.471+0000] {manager.py:879} INFO - 
================================================================================
DAG File Processing Stats

File Path                          PID    Runtime      # DAGs    # Errors  Last Runtime    Last Run
---------------------------------  -----  ---------  --------  ----------  --------------  -------------------
/opt/airflow/dags/fx_rates_dag.py                           1           0  0.21s           2026-10-09T12:31:21
================================================================================
[2026-10-09T12:31:51.661+0000] {manager.py:879} INFO - 
================================================================================
DAG File Processing Stats

File Path                          PID    Runtime      # DAGs    # Errors  Last Runtime    Last Run
---------------------------------  -----  ---------  --------  ----------  --------------  -------------------
/opt/airflow/dags/fx_rates_dag.py                           1           0  0.21s           2026-10-09T12:31:51
================================================================================
[2026-10-09T12:32:21.951+0000] {manager.py:879} INFO - 
================================================================================
DAG File Processing Stats

File Path                          PID    Runtime      # DAGs    # Errors  Last Runtime    Last Run
---------------------------------  -----  ---------  --------  ----------  --------------  -------------------
/opt/airflow/dags/fx_rates_dag.py                           1           0  0.20s           2026-10-09T12:32:21
================================================================================
[2026-10-09T12:32:52.278+0000] {manager.py:879} INFO - 
================================================================================
DAG File Processing Stats

File Path                          PID    Runtime      # DAGs    # Errors  Last Runtime    Last Run
---------------------------------  -----  ---------  --------  ----------  --------------  -------------------
/opt/airflow/dags/fx_rates_dag.py                           1           0  0.21s           2026-10-09T12:32:52
================================================================================
[2026-10-09T12:33:22.607+0000] {manager.py:879} INFO - 
================================================================================
DAG File Processing Stats

File Path                          PID    Runtime      # DAGs    # Errors  Last Runtime    Last Run
---------------------------------  -----  ---------  --------  ----------  --------------  -------------------
/opt/airflow/dags/fx_rates_dag.py                           1           0  0.21s           2026-10-09T12:33:22
================================================================================
[2026-10-09T12:33:52.834+0000] {manager.py:879} INFO - 
================================================================================
DAG File Processing Stats

File Path                          PID    Runtime      # DAGs    # Errors  Last Runtime    Last Run
---------------------------------  -----  ---------  --------  ----------  --------------  -------------------
/opt/airflow/dags/fx_rates_dag.py                           1           0  0.11s           2026-10-09T12:33:52
================================================================================
[2026-10-09T12:34:23.059+0000] {manager.py:879} INFO - 
================================================================================
DAG File Processing Stats

File Path                          PID    Runtime      # DAGs    # Errors  Last Runtime    Last Run
---------------------------------  -----  ---------  --------  ----------  --------------  -------------------
/opt/airflow/dags/fx_rates_dag.py                           1           0  0.11s           2026-10-09T12:34:23
================================================================================
[2026-10-09T12:34:27.275+0000] {manager.py:738} INFO - Searching for files in /opt/airflow/dags
[2026-10-09T12:34:27.296+0000] {manager.py:741} INFO - There are 1 files in /opt/airflow/dags
[2026-10-09T12:34:53.272+0000] {manager.py:879} INFO - 
================================================================================
DAG File Processing Stats

File Path                          PID    Runtime      # DAGs    # Errors  Last Runtime    Last Run
---------------------------------  -----  ---------  --------  ----------  --------------  -------------------
/opt/airflow/dags/fx_rates_dag.py                           1           0  0.21s           2026-10-09T12:34:53
================================================================================
[2026-10-09T12:35:23.523+0000] {manager.py:879} INFO - 
================================================================================
DAG File Processing Stats

File Path                          PID    Runtime      # DAGs    # Errors  Last Runtime    Last Run
---------------------------------  -----  ---------  --------  ----------  --------------  -------------------
/opt/airflow/dags/fx_rates_dag.py                           1           0  0.11s           2026-10-09T12:35:23
================================================================================
[2026-10-09T12:35:53.755+0000] {manager.py:879} INFO - 
================================================================================
DAG File Processing Stats

File Path                          PID    Runtime      # DAGs    # Errors  Last Runtime    Last Run
---------------------------------  -----  ---------  --------  ----------  --------------  -------------------
/opt/airflow/dags/fx_rates_dag.py                           1           0  0.11s           2026-10-09T12:35:53
================================================================================
[2026-10-09T12:36:24.080+0000] {manager.py:879} INFO - 
================================================================================
DAG File Processing Stats

File Path                          PID    Runtime      # DAGs    # Errors  Last Runtime    Last Run
---------------------------------  -----  ---------  --------  ----------  --------------  -------------------
/opt/airflow/dags/fx_rates_dag.py                           1           0  0.21s           2026-10-09T12:36:24
================================================================================
[2026-10-09T12:36:54.302+0000] {manager.py:879} INFO - 
================================================================================
DAG File Processing Stats

File Path                          PID    Runtime      # DAGs    # Errors  Last Runtime    Last Run
---------------------------------  -----  ---------  --------  ----------  --------------  -------------------
/opt/airflow/dags/fx_rates_dag.py                           1           0  0.11s           2026-10-09T12:36:54
================================================================================
[2026-10-09T12:37:24.529+0000] {manager.py:879} INFO - 
================================================================================
DAG File Processing Stats

File Path                          PID    Runtime      # DAGs    # Errors  Last Runtime    Last Run
---------------------------------  -----  ---------  --------  ----------  --------------  -------------------
/opt/airflow/dags/fx_rates_dag.py                           1           0  0.11s           2026-10-09T12:37:24
================================================================================
[2026-10-09T12:37:54.753+0000] {manager.py:879} INFO - 
================================================================================
DAG File Processing Stats

File Path                          PID    Runtime      # DAGs    # Errors  Last Runtime    Last Run
---------------------------------  -----  ---------  --------  ----------  --------------  -------------------
/opt/airflow/dags/fx_rates_dag.py                           1           0  0.10s           2026-10-09T12:37:54
================================================================================
[2026-10-09T12:38:24.935+0000] {manager.py:879} INFO - 
================================================================================
DAG File Processing Stats

File Path                          PID    Runtime      # DAGs    # Errors  Last Runtime    Last Run
---------------------------------  -----  ---------  --------  ----------  --------------  -------------------
/opt/airflow/dags/fx_rates_dag.py                           1           0  0.11s           2026-10-09T12:38:24
================================================================================
[2026-10-09T12:38:55.261+0000] {manager.py:879} INFO - 
================================================================================
DAG File Processing Stats

File Path                          PID    Runtime      # DAGs    # Errors  Last Runtime    Last Run
---------------------------------  -----  ---------  --------  ----------  --------------  -------------------
/opt/airflow/dags/fx_rates_dag.py                           1           0  0.21s           2026-10-09T12:38:55
================================================================================
[2026-10-09T12:39:25.485+0000] {manager.py:879} INFO - 
================================================================================
DAG File Processing Stats

File Path                          PID    Runtime      # DAGs    # Errors  Last Runtime    Last Run
---------------------------------  -----  ---------  --------  ----------  --------------  -------------------
/opt/airflow/dags/fx_rates_dag.py                           1           0  0.10s           2026-10-09T12:39:25
================================================================================
[2026-10-09T12:39:27.352+0000] {manager.py:738} INFO - Searching for files in /opt/airflow/dags
[2026-10-09T12:39:27.373+0000] {manager.py:741} INFO - There are 1 files in /opt/airflow/dags
[2026-10-09T12:39:55.707+0000] {manager.py:879} INFO - 
================================================================================
DAG File Processing Stats

File Path                          PID    Runtime      # DAGs    # Errors  Last Runtime    Last Run
---------------------------------  -----  ---------  --------  ----------  --------------  -------------------
/opt/airflow/dags/fx_rates_dag.py                           1           0  0.10s           2026-10-09T12:39:55
================================================================================
[2026-10-09T12:40:26.029+0000] {manager.py:879} INFO - 
================================================================================
DAG File Processing Stats

File Path                          PID    Runtime      # DAGs    # Errors  Last Runtime    Last Run
---------------------------------  -----  ---------  --------  ----------  --------------  -------------------
/opt/airflow/dags/fx_rates_dag.py                           1           0  0.20s           2026-10-09T12:40:26
================================================================================
[2026-10-09T13:02:12.884+0000] {manager.py:469} INFO - Processing files using up to 1 processes at a time 
[2026-10-09T13:02:12.885+0000] {manager.py:470} INFO - Process each file at most once every 30 seconds
[2026-10-09T13:02:12.886+0000] {manager.py:471} INFO - Checking for new files in /opt/airflow/dags every 300 seconds
[2026-10-09T13:02:12.887+0000] {manager.py:738} INFO - Searching for files in /opt/airflow/dags
[2026-10-09T13:02:12.908+0000] {manager.py:741} INFO - There are 1 files in /opt/airflow/dags
[2026-10-09T13:02:13.314+0000] {manager.py:879} INFO - 
================================================================================
DAG File Processing Stats

File Path                          PID    Runtime      # DAGs    # Errors  Last Runtime    Last Run
---------------------------------  -----  ---------  --------  ----------  --------------  -------------------
/opt/airflow/dags/fx_rates_dag.py                           1           0  0.31s           2026-10-09T13:02:13
================================================================================
[2026-10-09T13:02:44.596+0000] {manager.py:879} INFO - 
================================================================================
DAG File Processing Stats

File Path                          PID    Runtime      # DAGs    # Errors  Last Runtime    Last Run
---------------------------------  -----  ---------  --------  ----------  --------------  -------------------
/opt/airflow/dags/fx_rates_dag.py                           1           0  0.21s           2026-10-09T13:02:44
================================================================================
[2026-10-09T13:03:15.177+0000] {manager.py:879} INFO - 
================================================================================
DAG File Processing Stats

File Path                          PID    Runtime      # DAGs    # Errors  Last Runtime    Last Run
---------------------------------  -----  ---------  --------  ----------  --------------  -------------------
/opt/airflow/dags/fx_rates_dag.py                           1           0  0.21s           2026-10-09T13:03:15
================================================================================
[2026-10-09T13:03:45.761+0000] {manager.py:879} INFO - 
================================================================================
DAG File Processing Stats

File Path                          PID    Runtime      # DAGs    # Errors  Last Runtime    Last Run
---------------------------------  -----  ---------  --------  ----------  --------------  -------------------
/opt/airflow/dags/fx_rates_dag.py                           1           0  0.20s           2026-10-09T13:03:45
================================================================================
[2026-10-09T13:04:16.350+0000] {manager.py:879} INFO - 
================================================================================
DAG File Processing Stats

File Path                          PID    Runtime      # DAGs    # Errors  Last Runtime    Last Run
---------------------------------  -----  ---------  --------  ----------  --------------  -------------------
/opt/airflow/dags/fx_rates_dag.py                           1           0  0.21s           2026-10-09T13:04:16
================================================================================
[2026-10-09T13:04:46.918+0000] {manager.py:879} INFO - 
================================================================================
DAG File Processing Stats

File Path                          PID    Runtime      # DAGs    # Errors  Last Runtime    Last Run
---------------------------------  -----  ---------  --------  ----------  --------------  -------------------
/opt/airflow/dags/fx_rates_dag.py                           1           0  0.20s           2026-10-09T13:04:46
================================================================================
[2026-10-09T13:05:02.556+0000] {manager.py:469} INFO - Processing files using up to 1 processes at a time 
[2026-10-09T13:05:02.557+0000] {manager.py:470} INFO - Process each file at most once every 30 seconds
[2026-10-09T13:05:02.558+0000] {manager.py:471} INFO - Checking for new files in /opt/airflow/dags every 300 seconds
[2026-10-09T13:05:02.559+0000] {manager.py:738} INFO - Searching for files in /opt/airflow/dags
[2026-10-09T13:05:02.579+0000] {manager.py:741} INFO - There are 1 files in /opt/airflow/dags
[2026-10-09T13:05:02.856+0000] {manager.py:879} INFO - 
================================================================================
DAG File Processing Stats

File Path                          PID    Runtime      # DAGs    # Errors  Last Runtime    Last Run
---------------------------------  -----  ---------  --------  ----------  --------------  -------------------
/opt/airflow/dags/fx_rates_dag.py                           1           0  0.21s           2026-10-09T13:05:02
================================================================================
[2026-10-09T13:05:33.255+0000] {manager.py:879} INFO - 
================================================================================
DAG File Processing Stats

File Path                          PID    Runtime      # DAGs    # Errors  Last Runtime    Last Run
---------------------------------  -----  ---------  --------  ----------  --------------  -------------------
/opt/airflow/dags/fx_rates_dag.py                           1           0  0.21s           2026-10-09T13:05:33
================================================================================
[2026-10-09T13:06:04.035+0000] {manager.py:879} INFO - 
================================================================================
DAG File Processing Stats

File Path                          PID    Runtime      # DAGs    # Errors  Last Runtime    Last Run
---------------------------------  -----  ---------  --------  ----------  --------------  -------------------
/opt/airflow/dags/fx_rates_dag.py                           1           0  0.21s           2026-10-09T13:06:04
================================================================================
[2026-10-09T13:06:34.369+0000] {manager.py:879} INFO - 
================================================================================
DAG File Processing Stats

File Path                          PID    Runtime      # DAGs    # Errors  Last Runtime    Last Run
---------------------------------  -----  ---------  --------  ----------  --------------  -------------------
/opt/airflow/dags/fx_rates_dag.py                           1           0  0.21s           2026-10-09T13:06:34
================================================================================
[2026-10-09T13:07:05.387+0000] {manager.py:879} INFO - 
================================================================================
DAG File Processing Stats

File Path                          PID    Runtime      # DAGs    # Errors  Last Runtime    Last Run
---------------------------------  -----  ---------  --------  ----------  --------------  -------------------
/opt/airflow/dags/fx_rates_dag.py                           1           0  0.20s           2026-10-09T13:07:05
================================================================================
[2026-10-09T13:07:36.644+0000] {manager.py:879} INFO - 
================================================================================
DAG File Processing Stats

File Path                          PID    Runtime      # DAGs    # Errors  Last Runtime    Last Run
---------------------------------  -----  ---------  --------  ----------  --------------  -------------------
/opt/airflow/dags/fx_rates_dag.py                           1           0  0.21s           2026-10-09T13:07:36
================================================================================
[2026-10-09T13:08:07.908+0000] {manager.py:879} INFO - 
================================================================================
DAG File Processing Stats

File Path                          PID    Runtime      # DAGs    # Errors  Last Runtime    Last Run
---------------------------------  -----  ---------  --------  ----------  --------------  -------------------
/opt/airflow/dags/fx_rates_dag.py                           1           0  0.20s           2026-10-09T13:08:07
================================================================================
[2026-10-09T13:08:38.794+0000] {manager.py:879} INFO - 
================================================================================
DAG File Processing Stats

File Path                          PID    Runtime      # DAGs    # Errors  Last Runtime    Last Run
---------------------------------  -----  ---------  --------  ----------  --------------  -------------------
/opt/airflow/dags/fx_rates_dag.py                           1           0  0.31s           2026-10-09T13:08:38
================================================================================
[2026-10-09T13:09:09.383+0000] {manager.py:879} INFO - 
================================================================================
DAG File Processing Stats

File Path                          PID    Runtime      # DAGs    # Errors  Last Runtime    Last Run
---------------------------------  -----  ---------  --------  ----------  --------------  -------------------
/opt/airflow/dags/fx_rates_dag.py                           1           0  0.21s           2026-10-09T13:09:09
================================================================================
[2026-10-09T13:09:40.179+0000] {manager.py:879} INFO - 
================================================================================
DAG File Processing Stats

File Path                          PID    Runtime      # DAGs    # Errors  Last Runtime    Last Run
---------------------------------  -----  ---------  --------  ----------  --------------  -------------------
/opt/airflow/dags/fx_rates_dag.py                           1           0  0.21s           2026-10-09T13:09:40
================================================================================
[2026-10-09T13:10:02.853+0000] {manager.py:738} INFO - Searching for files in /opt/airflow/dags
[2026-10-09T13:10:02.874+0000] {manager.py:741} INFO - There are 1 files in /opt/airflow/dags
[2026-10-09T13:10:10.859+0000] {manager.py:879} INFO - 
================================================================================
DAG File Processing Stats

File Path                          PID    Runtime      # DAGs    # Errors  Last Runtime    Last Run
---------------------------------  -----  ---------  --------  ----------  --------------  -------------------
/opt/airflow/dags/fx_rates_dag.py                           1           0  0.20s           2026-10-09T13:10:10
================================================================================
[2026-10-09T13:10:41.079+0000] {manager.py:879} INFO - 
================================================================================
DAG File Processing Stats

File Path                          PID    Runtime      # DAGs    # Errors  Last Runtime    Last Run
---------------------------------  -----  ---------  --------  ----------  --------------  -------------------
/opt/airflow/dags/fx_rates_dag.py                           1           0  0.21s           2026-10-09T13:10:41
================================================================================
[2026-10-09T13:11:11.475+0000] {manager.py:879} INFO - 
================================================================================
DAG File Processing Stats

File Path                          PID    Runtime      # DAGs    # Errors  Last Runtime    Last Run
---------------------------------  -----  ---------  --------  ----------  --------------  -------------------
/opt/airflow/dags/fx_rates_dag.py                           1           0  0.21s           2026-10-09T13:11:11
================================================================================
[2026-10-09T13:11:42.042+0000] {manager.py:879} INFO - 
================================================================================
DAG File Processing Stats

File Path                          PID    Runtime      # DAGs    # Errors  Last Runtime    Last Run
---------------------------------  -----  ---------  --------  ----------  --------------  -------------------
/opt/airflow/dags/fx_rates_dag.py                           1           0  0.21s           2026-10-09T13:11:42
================================================================================
[2026-10-09T13:12:12.617+0000] {manager.py:879} INFO - 
================================================================================
DAG File Processing Stats

File Path                          PID    Runtime      # DAGs    # Errors  Last Runtime    Last Run
---------------------------------  -----  ---------  --------  ----------  --------------  -------------------
/opt/airflow/dags/fx_rates_dag.py                           1           0  0.21s           2026-10-09T13:12:12
================================================================================
[2026-10-09T13:12:43.233+0000] {manager.py:879} INFO - 
================================================================================
DAG File Processing Stats

File Path                          PID    Runtime      # DAGs    # Errors  Last Runtime    Last Run
---------------------------------  -----  ---------  --------  ----------  --------------  -------------------
/opt/airflow/dags/fx_rates_dag.py                           1           0  0.20s           2026-10-09T13:12:43
================================================================================
[2026-10-09T13:13:13.707+0000] {manager.py:879} INFO - 
================================================================================
DAG File Processing Stats

File Path                          PID    Runtime      # DAGs    # Errors  Last Runtime    Last Run
---------------------------------  -----  ---------  --------  ----------  --------------  -------------------
/opt/airflow/dags/fx_rates_dag.py                           1           0  0.20s           2026-10-09T13:13:13
================================================================================
[2026-10-09T13:13:44.277+0000] {manager.py:879} INFO - 
================================================================================
DAG File Processing Stats

File Path                          PID    Runtime      # DAGs    # Errors  Last Runtime    Last Run
---------------------------------  -----  ---------  --------  ----------  --------------  -------------------
/opt/airflow/dags/fx_rates_dag.py                           1           0  0.20s           2026-10-09T13:13:44
================================================================================
[2026-10-09T13:13:56.519+0000] {manager.py:469} INFO - Processing files using up to 1 processes at a time 
[2026-10-09T13:13:56.520+0000] {manager.py:470} INFO - Process each file at most once every 30 seconds
[2026-10-09T13:13:56.520+0000] {manager.py:471} INFO - Checking for new files in /opt/airflow/dags every 300 seconds
[2026-10-09T13:13:56.521+0000] {manager.py:738} INFO - Searching for files in /opt/airflow/dags
[2026-10-09T13:13:56.543+0000] {manager.py:741} INFO - There are 1 files in /opt/airflow/dags
[2026-10-09T13:13:56.819+0000] {manager.py:879} INFO - 
================================================================================
DAG File Processing Stats

File Path                          PID    Runtime      # DAGs    # Errors  Last Runtime    Last Run
---------------------------------  -----  ---------  --------  ----------  --------------  -------------------
/opt/airflow/dags/fx_rates_dag.py                           1           0  0.21s           2026-10-09T13:13:56
================================================================================
[2026-10-09T13:14:29.511+0000] {manager.py:879} INFO - 
================================================================================
DAG File Processing Stats

File Path                          PID    Runtime      # DAGs    # Errors  Last Runtime    Last Run
---------------------------------  -----  ---------  --------  ----------  --------------  -------------------
/opt/airflow/dags/fx_rates_dag.py                           1           0  0.21s           2026-10-09T13:14:29
================================================================================
[2026-10-09T13:14:59.811+0000] {manager.py:879} INFO - 
================================================================================
DAG File Processing Stats

File Path                          PID    Runtime      # DAGs    # Errors  Last Runtime    Last Run
---------------------------------  -----  ---------  --------  ----------  --------------  -------------------
/opt/airflow/dags/fx_rates_dag.py                           1           0  0.21s           2026-10-09T13:14:59
================================================================================
[2026-10-09T13:15:30.309+0000] {manager.py:879} INFO - 
================================================================================
DAG File Processing Stats

File Path                          PID    Runtime      # DAGs    # Errors  Last Runtime    Last Run
---------------------------------  -----  ---------  --------  ----------  --------------  -------------------
/opt/airflow/dags/fx_rates_dag.py                           1           0  0.21s           2026-10-09T13:15:30
================================================================================
[2026-10-09T13:16:00.806+0000] {manager.py:879} INFO - 
================================================================================
DAG File Processing Stats

File Path                          PID    Runtime      # DAGs    # Errors  Last Runtime    Last Run
---------------------------------  -----  ---------  --------  ----------  --------------  -------------------
/opt/airflow/dags/fx_rates_dag.py                           1           0  0.21s           2026-10-09T13:16:00
================================================================================
[2026-10-09T13:16:31.274+0000] {manager.py:879} INFO - 
================================================================================
DAG File Processing Stats

File Path                          PID    Runtime      # DAGs    # Errors  Last Runtime    Last Run
---------------------------------  -----  ---------  --------  ----------  --------------  -------------------
/opt/airflow/dags/fx_rates_dag.py                           1           0  0.20s           2026-10-09T13:16:31
================================================================================
[2026-10-09T13:17:01.705+0000] {manager.py:879} INFO - 
================================================================================
DAG File Processing Stats

File Path                          PID    Runtime      # DAGs    # Errors  Last Runtime    Last Run
---------------------------------  -----  ---------  --------  ----------  --------------  -------------------
/opt/airflow/dags/fx_rates_dag.py                           1           0  0.41s           2026-10-09T13:17:01
================================================================================
[2026-10-09T13:17:32.762+0000] {manager.py:879} INFO - 
================================================================================
DAG File Processing Stats

File Path                          PID    Runtime      # DAGs    # Errors  Last Runtime    Last Run
---------------------------------  -----  ---------  --------  ----------  --------------  -------------------
/opt/airflow/dags/fx_rates_dag.py                           1           0  0.21s           2026-10-09T13:17:32
================================================================================
[2026-10-09T13:18:03.161+0000] {manager.py:879} INFO - 
================================================================================
DAG File Processing Stats

File Path                          PID    Runtime      # DAGs    # Errors  Last Runtime    Last Run
---------------------------------  -----  ---------  --------  ----------  --------------  -------------------
/opt/airflow/dags/fx_rates_dag.py                           1           0  0.21s           2026-10-09T13:18:03
================================================================================
[2026-10-09T13:18:33.670+0000] {manager.py:879} INFO - 
================================================================================
DAG File Processing Stats

File Path                          PID    Runtime      # DAGs    # Errors  Last Runtime    Last Run
---------------------------------  -----  ---------  --------  ----------  --------------  -------------------
/opt/airflow/dags/fx_rates_dag.py                           1           0  0.21s           2026-10-09T13:18:33
================================================================================
[2026-10-09T13:18:56.946+0000] {manager.py:738} INFO - Searching for files in /opt/airflow/dags
[2026-10-09T13:18:56.972+0000] {manager.py:741} INFO - There are 1 files in /opt/airflow/dags
[2026-10-09T13:19:04.524+0000] {manager.py:879} INFO - 
================================================================================
DAG File Processing Stats

File Path                          PID    Runtime      # DAGs    # Errors  Last Runtime    Last Run
---------------------------------  -----  ---------  --------  ----------  --------------  -------------------
/opt/airflow/dags/fx_rates_dag.py                           1           0  0.21s           2026-10-09T13:19:04
================================================================================
[2026-10-09T13:19:13.038+0000] {manager.py:469} INFO - Processing files using up to 1 processes at a time 
[2026-10-09T13:19:13.039+0000] {manager.py:470} INFO - Process each file at most once every 30 seconds
[2026-10-09T13:19:13.040+0000] {manager.py:471} INFO - Checking for new files in /opt/airflow/dags every 300 seconds
[2026-10-09T13:19:13.040+0000] {manager.py:738} INFO - Searching for files in /opt/airflow/dags
[2026-10-09T13:19:13.062+0000] {manager.py:741} INFO - There are 1 files in /opt/airflow/dags
[2026-10-09T13:19:13.236+0000] {manager.py:879} INFO - 
================================================================================
DAG File Processing Stats

File Path                          PID    Runtime      # DAGs    # Errors  Last Runtime    Last Run
---------------------------------  -----  ---------  --------  ----------  --------------  -------------------
/opt/airflow/dags/fx_rates_dag.py                           1           0  0.11s           2026-10-09T13:19:13
================================================================================
[2026-10-09T13:19:44.134+0000] {manager.py:879} INFO - 
================================================================================
DAG File Processing Stats

File Path                          PID    Runtime      # DAGs    # Errors  Last Runtime    Last Run
---------------------------------  -----  ---------  --------  ----------  --------------  -------------------
/opt/airflow/dags/fx_rates_dag.py                           1           0  0.21s           2026-10-09T13:19:44
================================================================================
[2026-10-09T13:20:14.680+0000] {manager.py:879} INFO - 
================================================================================
DAG File Processing Stats

File Path                          PID    Runtime      # DAGs    # Errors  Last Runtime    Last Run
---------------------------------  -----  ---------  --------  ----------  --------------  -------------------
/opt/airflow/dags/fx_rates_dag.py                           1           0  0.21s           2026-10-09T13:20:14
================================================================================
[2026-10-09T13:20:45.198+0000] {manager.py:879} INFO - 
================================================================================
DAG File Processing Stats

File Path                          PID    Runtime      # DAGs    # Errors  Last Runtime    Last Run
---------------------------------  -----  ---------  --------  ----------  --------------  -------------------
/opt/airflow/dags/fx_rates_dag.py                           1           0  0.21s           2026-10-09T13:20:45
================================================================================
[2026-10-09T13:21:15.496+0000] {manager.py:879} INFO - 
================================================================================
DAG File Processing Stats

File Path                          PID    Runtime      # DAGs    # Errors  Last Runtime    Last Run
---------------------------------  -----  ---------  --------  ----------  --------------  -------------------
/opt/airflow/dags/fx_rates_dag.py                           1           0  0.21s           2026-10-09T13:21:15
================================================================================
[2026-10-09T13:21:37.201+0000] {manager.py:469} INFO - Processing files using up to 1 processes at a time 
[2026-10-09T13:21:37.202+0000] {manager.py:470} INFO - Process each file at most once every 30 seconds
[2026-10-09T13:21:37.202+0000] {manager.py:471} INFO - Checking for new files in /opt/airflow/dags every 300 seconds
[2026-10-09T13:21:37.203+0000] {manager.py:738} INFO - Searching for files in /opt/airflow/dags
[2026-10-09T13:21:37.225+0000] {manager.py:741} INFO - There are 1 files in /opt/airflow/dags
[2026-10-09T13:21:37.403+0000] {manager.py:879} INFO - 
================================================================================
DAG File Processing Stats

File Path                          PID    Runtime      # DAGs    # Errors  Last Runtime    Last Run
---------------------------------  -----  ---------  --------  ----------  --------------  -------------------
/opt/airflow/dags/fx_rates_dag.py                           1           0  0.11s           2026-10-09T13:21:37
================================================================================
[2026-10-09T13:22:08.079+0000] {manager.py:879} INFO - 
================================================================================
DAG File Processing Stats

File Path                          PID    Runtime      # DAGs    # Errors  Last Runtime    Last Run
---------------------------------  -----  ---------  --------  ----------  --------------  -------------------
/opt/airflow/dags/fx_rates_dag.py                           1           0  0.21s           2026-10-09T13:22:08
================================================================================
[2026-10-09T13:22:38.901+0000] {manager.py:879} INFO - 
================================================================================
DAG File Processing Stats

File Path                          PID    Runtime      # DAGs    # Errors  Last Runtime    Last Run
---------------------------------  -----  ---------  --------  ----------  --------------  -------------------
/opt/airflow/dags/fx_rates_dag.py                           1           0  0.21s           2026-10-09T13:22:38
================================================================================
[2026-10-09T13:23:10.193+0000] {manager.py:879} INFO - 
================================================================================
DAG File Processing Stats

File Path                          PID    Runtime      # DAGs    # Errors  Last Runtime    Last Run
---------------------------------  -----  ---------  --------  ----------  --------------  -------------------
/opt/airflow/dags/fx_rates_dag.py                           1           0  0.21s           2026-10-09T13:23:10
================================================================================
[2026-10-09T13:23:40.435+0000] {manager.py:879} INFO - 
================================================================================
DAG File Processing Stats

File Path                          PID    Runtime      # DAGs    # Errors  Last Runtime    Last Run
---------------------------------  -----  ---------  --------  ----------  --------------  -------------------
/opt/airflow/dags/fx_rates_dag.py                           1           0  0.21s           2026-10-09T13:23:40
================================================================================
[2026-10-09T13:24:10.664+0000] {manager.py:879} INFO - 
================================================================================
DAG File Processing Stats

File Path                          PID    Runtime      # DAGs    # Errors  Last Runtime    Last Run
---------------------------------  -----  ---------  --------  ----------  --------------  -------------------
/opt/airflow/dags/fx_rates_dag.py                           1           0  0.21s           2026-10-09T13:24:10
================================================================================
[2026-10-09T13:24:41.932+0000] {manager.py:879} INFO - 
================================================================================
DAG File Processing Stats

File Path                          PID    Runtime      # DAGs    # Errors  Last Runtime    Last Run
---------------------------------  -----  ---------  --------  ----------  --------------  -------------------
/opt/airflow/dags/fx_rates_dag.py                           1           0  0.21s           2026-10-09T13:24:41
================================================================================
[2026-10-09T13:25:13.140+0000] {manager.py:879} INFO - 
================================================================================
DAG File Processing Stats

File Path                          PID    Runtime      # DAGs    # Errors  Last Runtime    Last Run
---------------------------------  -----  ---------  --------  ----------  --------------  -------------------
/opt/airflow/dags/fx_rates_dag.py                           1           0  0.20s           2026-10-09T13:25:13
================================================================================
