[2026-10-09T09:24:15.665+0000] {processor.py:161} INFO - Started process (PID=97) to work on /opt/airflow/dags/fx_rates_dag.py
[2026-10-09T09:24:15.665+0000] {processor.py:830} INFO - Processing file /opt/airflow/dags/fx_rates_dag.py for tasks to queue
[2026-10-09T09:24:15.666+0000] {logging_mixin.py:188} INFO - [2026-10-09T09:24:15.666+0000] {dagbag.py:538} INFO - Filling up the DagBag from /opt/airflow/dags/fx_rates_dag.py
[2026-10-09T09:24:15.681+0000] {processor.py:840} INFO - DAG(s) 'fx_rates_dag' retrieved from /opt/airflow/dags/fx_rates_dag.py
[2026-10-09T09:24:15.787+0000] {logging_mixin.py:188} INFO - [2026-10-09T09:24:15.786+0000] {override.py:1769} INFO - Created Permission View: can read on DAG:fx_rates_dag
[2026-10-09T09:24:15.809+0000] {logging_mixin.py:188} INFO - [2026-10-09T09:24:15.809+0000] {override.py:1769} INFO - Created Permission View: can edit on DAG:fx_rates_dag
[2026-10-09T09:24:15.829+0000] {logging_mixin.py:188} INFO - [2026-10-09T09:24:15.829+0000] {override.py:1769} INFO - Created Permission View: can delete on DAG:fx_rates_dag
[2026-10-09T09:24:15.830+0000] {logging_mixin.py:188} INFO - [2026-10-09T09:24:15.830+0000] {dag.py:3036} INFO - Sync 1 DAGs
[2026-10-09T09:24:15.838+0000] {logging_mixin.py:188} INFO - [2026-10-09T09:24:15.838+0000] {dag.py:3058} INFO - Creating ORM DAG for fx_rates_dag
[2026-10-09T09:24:15.846+0000] {logging_mixin.py:188} INFO - [2026-10-09T09:24:15.846+0000] {dag.py:3823} INFO - Setting next_dagrun for fx_rates_dag to 2026-10-07 12:00:00+00:00, run_after=2026-10-08 12:00:00+00:00
[2026-10-09T09:24:15.884+0000] {processor.py:183} INFO - Processing /opt/airflow/dags/fx_rates_dag.py took 0.220 seconds
[2026-10-09T09:24:45.993+0000] {processor.py:161} INFO - Started process (PID=121) to work on /opt/airflow/dags/fx_rates_dag.py
[2026-10-09T09:24:45.994+0000] {processor.py:830} INFO - Processing file /opt/airflow/dags/fx_rates_dag.py for tasks to queue
[2026-10-09T09:24:45.995+0000] {logging_mixin.py:188} INFO - [2026-10-09T09:24:45.995+0000] {dagbag.py:538} INFO - Filling up the DagBag from /opt/airflow/dags/fx_rates_dag.py
[2026-10-09T09:24:46.016+0000] {processor.py:840} INFO - DAG(s) 'fx_rates_dag' retrieved from /opt/airflow/dags/fx_rates_dag.py
[2026-10-09T09:24:46.038+0000] {logging_mixin.py:188} INFO - [2026-10-09T09:24:46.037+0000] {dag.py:3036} INFO - Sync 1 DAGs
[2026-10-09T09:24:46.055+0000] {logging_mixin.py:188} INFO - [2026-10-09T09:24:46.054+0000] {dag.py:3823} INFO - Setting next_dagrun for fx_rates_dag to 2026-10-07 12:00:00+00:00, run_after=2026-10-08 12:00:00+00:00
[2026-10-09T09:24:46.093+0000] {processor.py:183} INFO - Processing /opt/airflow/dags/fx_rates_dag.py took 0.104 seconds
[2026-10-09T09:25:16.676+0000] {processor.py:161} INFO - Started process (PID=168) to work on /opt/airflow/dags/fx_rates_dag.py
[2026-10-09T09:25:16.677+0000] {processor.py:830} INFO - Processing file /opt/airflow/dags/fx_rates_dag.py for tasks to queue
[2026-10-09T09:25:16.677+0000] {logging_mixin.py:188} INFO - [2026-10-09T09:25:16.677+0000] {dagbag.py:538} INFO - Filling up the DagBag from /opt/airflow/dags/fx_rates_dag.py
[2026-10-09T09:25:16.693+0000] {processor.py:840} INFO - DAG(s) 'fx_rates_dag' retrieved from /opt/airflow/dags/fx_rates_dag.py
[2026-10-09T09:25:16.708+0000] {logging_mixin.py:188} INFO - [2026-10-09T09:25:16.708+0000] {dag.py:3036} INFO - Sync 1 DAGs
[2026-10-09T09:25:16.722+0000] {logging_mixin.py:188} INFO - [2026-10-09T09:25:16.722+0000] {dag.py:3823} INFO - Setting next_dagrun for fx_rates_dag to 2026-10-07 12:00:00+00:00, run_after=2026-10-08 12:00:00+00:00
[2026-10-09T09:25:16.758+0000] {processor.py:183} INFO - Processing /opt/airflow/dags/fx_rates_dag.py took 0.084 seconds
[2026-10-09T09:25:47.140+0000] {processor.py:161} INFO - Started process (PID=206) to work on /opt/airflow/dags/fx_rates_dag.py
[2026-10-09T09:25:47.141+0000] {processor.py:830} INFO - Processing file /opt/airflow/dags/fx_rates_dag.py for tasks to queue
[2026-10-09T09:25:47.142+0000] {logging_mixin.py:188} INFO - [2026-10-09T09:25:47.142+0000] {dagbag.py:538} INFO - Filling up the DagBag from /opt/airflow/dags/fx_rates_dag.py
[2026-10-09T09:25:47.157+0000] {processor.py:840} INFO - DAG(s) 'fx_rates_dag' retrieved from /opt/airflow/dags/fx_rates_dag.py
[2026-10-09T09:25:47.173+0000] {logging_mixin.py:188} INFO - [2026-10-09T09:25:47.173+0000] {dag.py:3036} INFO - Sync 1 DAGs
[2026-10-09T09:25:47.187+0000] {logging_mixin.py:188} INFO - [2026-10-09T09:25:47.187+0000] {dag.py:3823} INFO - Setting next_dagrun for fx_rates_dag to 2026-10-08 12:00:00+00:00, run_after=2026-10-09 12:00:00+00:00
[2026-10-09T09:25:47.224+0000] {processor.py:183} INFO - Processing /opt/airflow/dags/fx_rates_dag.py took 0.087 seconds
[2026-10-09T09:26:17.316+0000] {processor.py:161} INFO - Started process (PID=207) to work on /opt/airflow/dags/fx_rates_dag.py
[2026-10-09T09:26:17.317+0000] {processor.py:830} INFO - Processing file /opt/airflow/dags/fx_rates_dag.py for tasks to queue
[2026-10-09T09:26:17.318+0000] {logging_mixin.py:188} INFO - [2026-10-09T09:26:17.317+0000] {dagbag.py:538} INFO - Filling up the DagBag from /opt/airflow/dags/fx_rates_dag.py
[2026-10-09T09:26:17.333+0000] {processor.py:840} INFO - DAG(s) 'fx_rates_dag' retrieved from /opt/airflow/dags/fx_rates_dag.py
[2026-10-09T09:26:17.349+0000] {logging_mixin.py:188} INFO - [2026-10-09T09:26:17.348+0000] {dag.py:3036} INFO - Sync 1 DAGs
[2026-10-09T09:26:17.363+0000] {logging_mixin.py:188} INFO - [2026-10-09T09:26:17.363+0000] {dag.py:3823} INFO - Setting next_dagrun for fx_rates_dag to 2026-10-08 12:00:00+00:00, run_after=2026-10-09 12:00:00+00:00
[2026-10-09T09:26:17.399+0000] {processor.py:183} INFO - Processing /opt/airflow/dags/fx_rates_dag.py took 0.085 seconds
[2026-10-09T09:26:47.494+0000] {processor.py:161} INFO - Started process (PID=208) to work on /opt/airflow/dags/fx_rates_dag.py
[2026-10-09T09:26:47.495+0000] {processor.py:830} INFO - Processing file /opt/airflow/dags/fx_rates_dag.py for tasks to queue
[2026-10-09T09:26:47.496+0000] {logging_mixin.py:188} INFO - [2026-10-09T09:26:47.495+0000] {dagbag.py:538} INFO - Filling up the DagBag from /opt/airflow/dags/fx_rates_dag.py
[2026-10-09T09:26:47.513+0000] {processor.py:840} INFO - DAG(s) 'fx_rates_dag' retrieved from /opt/airflow/dags/fx_rates_dag.py
[2026-10-09T09:26:47.530+0000] {logging_mixin.py:188} INFO - [2026-10-09T09:26:47.530+0000] {dag.py:3036} INFO - Sync 1 DAGs
[2026-10-09T09:26:47.545+0000] {logging_mixin.py:188} INFO - [2026-10-09T09:26:47.545+0000] {dag.py:3823} INFO - Setting next_dagrun for fx_rates_dag to 2026-10-08 12:00:00+00:00, run_after=2026-10-09 12:00:00+00:00
[2026-10-09T09:26:47.583+0000] {processor.py:183} INFO - Processing /opt/airflow/dags/fx_rates_dag.py took 0.092 seconds
[2026-10-09T09:27:18.227+0000] {processor.py:161} INFO - Started process (PID=209) to work on /opt/airflow/dags/fx_rates_dag.py
[2026-10-09T09:27:18.228+0000] {processor.py:830} INFO - Processing file /opt/airflow/dags/fx_rates_dag.py for tasks to queue
[2026-10-09T09:27:18.229+0000] {logging_mixin.py:188} INFO - [2026-10-09T09:27:18.229+0000] {dagbag.py:538} INFO - Filling up the DagBag from /opt/airflow/dags/fx_rates_dag.py
[2026-10-09T09:27:18.245+0000] {processor.py:840} INFO - DAG(s) 'fx_rates_dag' retrieved from /opt/airflow/dags/fx_rates_dag.py
[2026-10-09T09:27:18.272+0000] {logging_mixin.py:188} INFO - [2026-10-09T09:27:18.272+0000] {dag.py:3036} INFO - Sync 1 DAGs
[2026-10-09T09:27:18.288+0000] {logging_mixin.py:188} INFO - [2026-10-09T09:27:18.288+0000] {dag.py:3823} INFO - Setting next_dagrun for fx_rates_dag to 2026-10-08 12:00:00+00:00, run_after=2026-10-09 12:00:00+00:00
[2026-10-09T09:27:18.327+0000] {processor.py:183} INFO - Processing /opt/airflow/dags/fx_rates_dag.py took 0.101 seconds
[2026-10-09T09:27:48.553+0000] {processor.py:161} INFO - Started process (PID=210) to work on /opt/airflow/dags/fx_rates_dag.py
[2026-10-09T09:27:48.554+0000] {processor.py:830} INFO - Processing file /opt/airflow/dags/fx_rates_dag.py for tasks to queue
[2026-10-09T09:27:48.555+0000] {logging_mixin.py:188} INFO - [2026-10-09T09:27:48.555+0000] {dagbag.py:538} INFO - Filling up the DagBag from /opt/airflow/dags/fx_rates_dag.py
[2026-10-09T09:27:48.572+0000] {processor.py:840} INFO - DAG(s) 'fx_rates_dag' retrieved from /opt/airflow/dags/fx_rates_dag.py
[2026-10-09T09:27:48.592+0000] {logging_mixin.py:188} INFO - [2026-10-09T09:27:48.592+0000] {dag.py:3036} INFO - Sync 1 DAGs
[2026-10-09T09:27:48.607+0000] {logging_mixin.py:188} INFO - [2026-10-09T09:27:48.607+0000] {dag.py:3823} INFO - Setting next_dagrun for fx_rates_dag to 2026-10-08 12:00:00+00:00, run_after=2026-10-09 12:00:00+00:00
[2026-10-09T09:27:48.644+0000] {processor.py:183} INFO - Processing /opt/airflow/dags/fx_rates_dag.py took 0.094 seconds
[2026-10-09T09:28:18.876+0000] {processor.py:161} INFO - Started process (PID=211) to work on /opt/airflow/dags/fx_rates_dag.py
[2026-10-09T09:28:18.876+0000] {processor.py:830} INFO - Processing file /opt/airflow/dags/fx_rates_dag.py for tasks to queue
[2026-10-09T09:28:18.877+0000] {logging_mixin.py:188} INFO - [2026-10-09T09:28:18.877+0000] {dagbag.py:538} INFO - Filling up the DagBag from /opt/airflow/dags/fx_rates_dag.py
[2026-10-09T09:28:18.893+0000] {processor.py:840} INFO - DAG(s) 'fx_rates_dag' retrieved from /opt/airflow/dags/fx_rates_dag.py
[2026-10-09T09:28:18.909+0000] {logging_mixin.py:188} INFO - [2026-10-09T09:28:18.908+0000] {dag.py:3036} INFO - Sync 1 DAGs
[2026-10-09T09:28:18.923+0000] {logging_mixin.py:188} INFO - [2026-10-09T09:28:18.923+0000] {dag.py:3823} INFO - Setting next_dagrun for fx_rates_dag to 2026-10-08 12:00:00+00:00, run_after=2026-10-09 12:00:00+00:00
[2026-10-09T09:28:18.960+0000] {processor.py:183} INFO - Processing /opt/airflow/dags/fx_rates_dag.py took 0.086 seconds
[2026-10-09T09:28:49.101+0000] {processor.py:161} INFO - Started process (PID=212) to work on /opt/airflow/dags/fx_rates_dag.py
[2026-10-09T09:28:49.102+0000] {processor.py:830} INFO - Processing file /opt/airflow/dags/fx_rates_dag.py for tasks to queue
[2026-10-09T09:28:49.103+0000] {logging_mixin.py:188} INFO - [2026-10-09T09:28:49.103+0000] {dagbag.py:538} INFO - Filling up the DagBag from /opt/airflow/dags/fx_rates_dag.py
[2026-10-09T09:28:49.121+0000] {processor.py:840} INFO - DAG(s) 'fx_rates_dag' retrieved from /opt/airflow/dags/fx_rates_dag.py
[2026-10-09T09:28:49.139+0000] {logging_mixin.py:188} INFO - [2026-10-09T09:28:49.139+0000] {dag.py:3036} INFO - Sync 1 DAGs
[2026-10-09T09:28:49.154+0000] {logging_mixin.py:188} INFO - [2026-10-09T09:28:49.154+0000] {dag.py:3823} INFO - Setting next_dagrun for fx_rates_dag to 2026-10-08 12:00:00+00:00, run_after=2026-10-09 12:00:00+00:00
[2026-10-09T09:28:49.192+0000] {processor.py:183} INFO - Processing /opt/airflow/dags/fx_rates_dag.py took 0.093 seconds
[2026-10-09T09:29:19.410+0000] {processor.py:161} INFO - Started process (PID=213) to work on /opt/airflow/dags/fx_rates_dag.py
[2026-10-09T09:29:19.411+0000] {processor.py:830} INFO - Processing file /opt/airflow/dags/fx_rates_dag.py for tasks to queue
[2026-10-09T09:29:19.412+0000] {logging_mixin.py:188} INFO - [2026-10-09T09:29:19.412+0000] {dagbag.py:538} INFO - Filling up the DagBag from /opt/airflow/dags/fx_rates_dag.py
[2026-10-09T09:29:19.428+0000] {processor.py:840} INFO - DAG(s) 'fx_rates_dag' retrieved from /opt/airflow/dags/fx_rates_dag.py
[2026-10-09T09:29:19.443+0000] {logging_mixin.py:188} INFO - [2026-10-09T09:29:19.443+0000] {dag.py:3036} INFO - Sync 1 DAGs
[2026-10-09T09:29:19.457+0000] {logging_mixin.py:188} INFO - [2026-10-09T09:29:19.457+0000] {dag.py:3823} INFO - Setting next_dagrun for fx_rates_dag to 2026-10-08 12:00:00+00:00, run_after=2026-10-09 12:00:00+00:00
[2026-10-09T09:29:19.492+0000] {processor.py:183} INFO - Processing /opt/airflow/dags/fx_rates_dag.py took 0.083 seconds
[2026-10-09T09:29:49.578+0000] {processor.py:161} INFO - Started process (PID=214) to work on /opt/airflow/dags/fx_rates_dag.py
[2026-10-09T09:29:49.579+0000] {processor.py:830} INFO - Processing file /opt/airflow/dags/fx_rates_dag.py for tasks to queue
[2026-10-09T09:29:49.580+0000] {logging_mixin.py:188} INFO - [2026-10-09T09:29:49.580+0000] {dagbag.py:538} INFO - Filling up the DagBag from /opt/airflow/dags/fx_rates_dag.py
[2026-10-09T09:29:49.597+0000] {processor.py:840} INFO - DAG(s) 'fx_rates_dag' retrieved from /opt/airflow/dags/fx_rates_dag.py
[2026-10-09T09:29:49.616+0000] {logging_mixin.py:188} INFO - [2026-10-09T09:29:49.616+0000] {dag.py:3036} INFO - Sync 1 DAGs
[2026-10-09T09:29:49.631+0000] {logging_mixin.py:188} INFO - [2026-10-09T09:29:49.631+0000] {dag.py:3823} INFO - Setting next_dagrun for fx_rates_dag to 2026-10-08 12:00:00+00:00, run_after=2026-10-09 12:00:00+00:00
[2026-10-09T09:29:49.668+0000] {processor.py:183} INFO - Processing /opt/airflow/dags/fx_rates_dag.py took 0.093 seconds
[2026-10-09T09:30:19.901+0000] {processor.py:161} INFO - Started process (PID=215) to work on /opt/airflow/dags/fx_rates_dag.py
[2026-10-09T09:30:19.902+0000] {processor.py:830} INFO - Processing file /opt/airflow/dags/fx_rates_dag.py for tasks to queue
[2026-10-09T09:30:19.903+0000] {logging_mixin.py:188} INFO - [2026-10-09T09:30:19.902+0000] {dagbag.py:538} INFO - Filling up the DagBag from /opt/airflow/dags/fx_rates_dag.py
[2026-10-09T09:30:19.919+0000] {processor.py:840} INFO - DAG(s) 'fx_rates_dag' retrieved from /opt/airflow/dags/fx_rates_dag.py
[2026-10-09T09:30:19.936+0000] {logging_mixin.py:188} INFO - [2026-10-09T09:30:19.936+0000] {dag.py:3036} INFO - Sync 1 DAGs
[2026-10-09T09:30:19.951+0000] {logging_mixin.py:188} INFO - [2026-10-09T09:30:19.951+0000] {dag.py:3823} INFO - Setting next_dagrun for fx_rates_dag to 2026-10-08 12:00:00+00:00, run_after=2026-10-09 12:00:00+00:00
[2026-10-09T09:30:19.993+0000] {processor.py:183} INFO - Processing /opt/airflow/dags/fx_rates_dag.py took 0.094 seconds
[2026-10-09T09:30:50.222+0000] {processor.py:161} INFO - Started process (PID=216) to work on /opt/airflow/dags/fx_rates_dag.py
[2026-10-09T09:30:50.223+0000] {processor.py:830} INFO - Processing file /opt/airflow/dags/fx_rates_dag.py for tasks to queue
[2026-10-09T09:30:50.224+0000] {logging_mixin.py:188} INFO - [2026-10-09T09:30:50.224+0000] {dagbag.py:538} INFO - Filling up the DagBag from /opt/airflow/dags/fx_rates_dag.py
[2026-10-09T09:30:50.239+0000] {processor.py:840} INFO - DAG(s) 'fx_rates_dag' retrieved from /opt/airflow/dags/fx_rates_dag.py
[2026-10-09T09:30:50.255+0000] {logging_mixin.py:188} INFO - [2026-10-09T09:30:50.255+0000] {dag.py:3036} INFO - Sync 1 DAGs
[2026-10-09T09:30:50.270+0000] {logging_mixin.py:188} INFO - [2026-10-09T09:30:50.270+0000] {dag.py:3823} INFO - Setting next_dagrun for fx_rates_dag to 2026-10-08 12:00:00+00:00, run_after=2026-10-09 12:00:00+00:00
[2026-10-09T09:30:50.308+0000] {processor.py:183} INFO - Processing /opt/airflow/dags/fx_rates_dag.py took 0.088 seconds
[2026-10-09T09:31:20.449+0000] {processor.py:161} INFO - Started process (PID=217) to work on /opt/airflow/dags/fx_rates_dag.py
[2026-10-09T09:31:20.451+0000] {processor.py:830} INFO - Processing file /opt/airflow/dags/fx_rates_dag.py for tasks to queue
[2026-10-09T09:31:20.451+0000] {logging_mixin.py:188} INFO - [2026-10-09T09:31:20.451+0000] {dagbag.py:538} INFO - Filling up the DagBag from /opt/airflow/dags/fx_rates_dag.py
[2026-10-09T09:31:20.467+0000] {processor.py:840} INFO - DAG(s) 'fx_rates_dag' retrieved from /opt/airflow/dags/fx_rates_dag.py
[2026-10-09T09:31:20.482+0000] {logging_mixin.py:188} INFO - [2026-10-09T09:31:20.482+0000] {dag.py:3036} INFO - Sync 1 DAGs
[2026-10-09T09:31:20.496+0000] {logging_mixin.py:188} INFO - [2026-10-09T09:31:20.495+0000] {dag.py:3823} INFO - Setting next_dagrun for fx_rates_dag to 2026-10-08 12:00:00+00:00, run_after=2026-10-09 12:00:00+00:00
[2026-10-09T09:31:20.531+0000] {processor.py:183} INFO - Processing /opt/airflow/dags/fx_rates_dag.py took 0.083 seconds
[2026-10-09T09:31:50.672+0000] {processor.py:161} INFO - Started process (PID=218) to work on /opt/airflow/dags/fx_rates_dag.py
[2026-10-09T09:31:50.673+0000] {processor.py:830} INFO - Processing file /opt/airflow/dags/fx_rates_dag.py for tasks to queue
[2026-10-09T09:31:50.674+0000] {logging_mixin.py:188} INFO - [2026-10-09T09:31:50.674+0000] {dagbag.py:538} INFO - Filling up the DagBag from /opt/airflow/dags/fx_rates_dag.py
[2026-10-09T09:31:50.689+0000] {processor.py:840} INFO - DAG(s) 'fx_rates_dag' retrieved from /opt/airflow/dags/fx_rates_dag.py
[2026-10-09T09:31:50.705+0000] {logging_mixin.py:188} INFO - [2026-10-09T09:31:50.705+0000] {dag.py:3036} INFO - Sync 1 DAGs
[2026-10-09T09:31:50.719+0000] {logging_mixin.py:188} INFO - [2026-10-09T09:31:50.719+0000] {dag.py:3823} INFO - Setting next_dagrun for fx_rates_dag to 2026-10-08 12:00:00+00:00, run_after=2026-10-09 12:00:00+00:00
[2026-10-09T09:31:50.756+0000] {processor.py:183} INFO - Processing /opt/airflow/dags/fx_rates_dag.py took 0.085 seconds
[2026-10-09T09:32:20.900+0000] {processor.py:161} INFO - Started process (PID=219) to work on /opt/airflow/dags/fx_rates_dag.py
[2026-10-09T09:32:20.901+0000] {processor.py:830} INFO - Processing file /opt/airflow/dags/fx_rates_dag.py for tasks to queue
[2026-10-09T09:32:20.902+0000] {logging_mixin.py:188} INFO - [2026-10-09T09:32:20.902+0000] {dagbag.py:538} INFO - Filling up the DagBag from /opt/airflow/dags/fx_rates_dag.py
[2026-10-09T09:32:20.917+0000] {processor.py:840} INFO - DAG(s) 'fx_rates_dag' retrieved from /opt/airflow/dags/fx_rates_dag.py
[2026-10-09T09:32:20.933+0000] {logging_mixin.py:188} INFO - [2026-10-09T09:32:20.933+0000] {dag.py:3036} INFO - Sync 1 DAGs
[2026-10-09T09:32:20.947+0000] {logging_mixin.py:188} INFO - [2026-10-09T09:32:20.947+0000] {dag.py:3823} INFO - Setting next_dagrun for fx_rates_dag to 2026-10-08 12:00:00+00:00, run_after=2026-10-09 12:00:00+00:00
[2026-10-09T09:32:20.983+0000] {processor.py:183} INFO - Processing /opt/airflow/dags/fx_rates_dag.py took 0.085 seconds
[2026-10-09T09:32:51.124+0000] {processor.py:161} INFO - Started process (PID=220) to work on /opt/airflow/dags/fx_rates_dag.py
[2026-10-09T09:32:51.125+0000] {processor.py:830} INFO - Processing file /opt/airflow/dags/fx_rates_dag.py for tasks to queue
[2026-10-09T09:32:51.126+0000] {logging_mixin.py:188} INFO - [2026-10-09T09:32:51.126+0000] {dagbag.py:538} INFO - Filling up the DagBag from /opt/airflow/dags/fx_rates_dag.py
[2026-10-09T09:32:51.142+0000] {processor.py:840} INFO - DAG(s) 'fx_rates_dag' retrieved from /opt/airflow/dags/fx_rates_dag.py
[2026-10-09T09:32:51.159+0000] {logging_mixin.py:188} INFO - [2026-10-09T09:32:51.159+0000] {dag.py:3036} INFO - Sync 1 DAGs
[2026-10-09T09:32:51.174+0000] {logging_mixin.py:188} INFO - [2026-10-09T09:32:51.174+0000] {dag.py:3823} INFO - Setting next_dagrun for fx_rates_dag to 2026-10-08 12:00:00+00:00, run_after=2026-10-09 12:00:00+00:00
[2026-10-09T09:32:51.213+0000] {processor.py:183} INFO - Processing /opt/airflow/dags/fx_rates_dag.py took 0.091 seconds
[2026-10-09T09:33:21.355+0000] {processor.py:161} INFO - Started process (PID=221) to work on /opt/airflow/dags/fx_rates_dag.py
[2026-10-09T09:33:21.355+0000] {processor.py:830} INFO - Processing file /opt/airflow/dags/fx_rates_dag.py for tasks to queue
[2026-10-09T09:33:21.356+0000] {logging_mixin.py:188} INFO - [2026-10-09T09:33:21.356+0000] {dagbag.py:538} INFO - Filling up the DagBag from /opt/airflow/dags/fx_rates_dag.py
[2026-10-09T09:33:21.372+0000] {processor.py:840} INFO - DAG(s) 'fx_rates_dag' retrieved from /opt/airflow/dags/fx_rates_dag.py
[2026-10-09T09:33:21.387+0000] {logging_mixin.py:188} INFO - [2026-10-09T09:33:21.387+0000] {dag.py:3036} INFO - Sync 1 DAGs
[2026-10-09T09:33:21.401+0000] {logging_mixin.py:188} INFO - [2026-10-09T09:33:21.401+0000] {dag.py:3823} INFO - Setting next_dagrun for fx_rates_dag to 2026-10-08 12:00:00+00:00, run_after=2026-10-09 12:00:00+00:00
[2026-10-09T09:33:21.439+0000] {processor.py:183} INFO - Processing /opt/airflow/dags/fx_rates_dag.py took 0.086 seconds
[2026-10-09T09:33:51.526+0000] {processor.py:161} INFO - Started process (PID=222) to work on /opt/airflow/dags/fx_rates_dag.py
[2026-10-09T09:33:51.527+0000] {processor.py:830} INFO - Processing file /opt/airflow/dags/fx_rates_dag.py for tasks to queue
[2026-10-09T09:33:51.528+0000] {logging_mixin.py:188} INFO - [2026-10-09T09:33:51.528+0000] {dagbag.py:538} INFO - Filling up the DagBag from /opt/airflow/dags/fx_rates_dag.py
[2026-10-09T09:33:51.543+0000] {processor.py:840} INFO - DAG(s) 'fx_rates_dag' retrieved from /opt/airflow/dags/fx_rates_dag.py
[2026-10-09T09:33:51.559+0000] {logging_mixin.py:188} INFO - [2026-10-09T09:33:51.559+0000] {dag.py:3036} INFO - Sync 1 DAGs
[2026-10-09T09:33:51.573+0000] {logging_mixin.py:188} INFO - [2026-10-09T09:33:51.573+0000] {dag.py:3823} INFO - Setting next_dagrun for fx_rates_dag to 2026-10-08 12:00:00+00:00, run_after=2026-10-09 12:00:00+00:00
[2026-10-09T09:33:51.616+0000] {processor.py:183} INFO - Processing /opt/airflow/dags/fx_rates_dag.py took 0.091 seconds
[2026-10-09T09:34:21.759+0000] {processor.py:161} INFO - Started process (PID=223) to work on /opt/airflow/dags/fx_rates_dag.py
[2026-10-09T09:34:21.760+0000] {processor.py:830} INFO - Processing file /opt/airflow/dags/fx_rates_dag.py for tasks to queue
[2026-10-09T09:34:21.761+0000] {logging_mixin.py:188} INFO - [2026-10-09T09:34:21.761+0000] {dagbag.py:538} INFO - Filling up the DagBag from /opt/airflow/dags/fx_rates_dag.py
[2026-10-09T09:34:21.776+0000] {processor.py:840} INFO - DAG(s) 'fx_rates_dag' retrieved from /opt/airflow/dags/fx_rates_dag.py
[2026-10-09T09:34:21.792+0000] {logging_mixin.py:188} INFO - [2026-10-09T09:34:21.792+0000] {dag.py:3036} INFO - Sync 1 DAGs
[2026-10-09T09:34:21.806+0000] {logging_mixin.py:188} INFO - [2026-10-09T09:34:21.806+0000] {dag.py:3823} INFO - Setting next_dagrun for fx_rates_dag to 2026-10-08 12:00:00+00:00, run_after=2026-10-09 12:00:00+00:00
[2026-10-09T09:34:21.843+0000] {processor.py:183} INFO - Processing /opt/airflow/dags/fx_rates_dag.py took 0.086 seconds
[2026-10-09T09:34:51.993+0000] {processor.py:161} INFO - Started process (PID=224) to work on /opt/airflow/dags/fx_rates_dag.py
[2026-10-09T09:34:51.993+0000] {processor.py:830} INFO - Processing file /opt/airflow/dags/fx_rates_dag.py for tasks to queue
[2026-10-09T09:34:51.994+0000] {logging_mixin.py:188} INFO - [2026-10-09T09:34:51.994+0000] {dagbag.py:538} INFO - Filling up the DagBag from /opt/airflow/dags/fx_rates_dag.py
[2026-10-09T09:34:52.017+0000] {processor.py:840} INFO - DAG(s) 'fx_rates_dag' retrieved from /opt/airflow/dags/fx_rates_dag.py
[2026-10-09T09:34:52.039+0000] {logging_mixin.py:188} INFO - [2026-10-09T09:34:52.039+0000] {dag.py:3036} INFO - Sync 1 DAGs
[2026-10-09T09:34:52.055+0000] {logging_mixin.py:188} INFO - [2026-10-09T09:34:52.055+0000] {dag.py:3823} INFO - Setting next_dagrun for fx_rates_dag to 2026-10-08 12:00:00+00:00, run_after=2026-10-09 12:00:00+00:00
[2026-10-09T09:34:52.094+0000] {processor.py:183} INFO - Processing /opt/airflow/dags/fx_rates_dag.py took 0.104 seconds
[2026-10-09T09:35:22.320+0000] {processor.py:161} INFO - Started process (PID=225) to work on /opt/airflow/dags/fx_rates_dag.py
[2026-10-09T09:35:22.321+0000] {processor.py:830} INFO - Processing file /opt/airflow/dags/fx_rates_dag.py for tasks to queue
[2026-10-09T09:35:22.322+0000] {logging_mixin.py:188} INFO - [2026-10-09T09:35:22.322+0000] {dagbag.py:538} INFO - Filling up the DagBag from /opt/airflow/dags/fx_rates_dag.py
[2026-10-09T09:35:22.337+0000] {processor.py:840} INFO - DAG(s) 'fx_rates_dag' retrieved from /opt/airflow/dags/fx_rates_dag.py
[2026-10-09T09:35:22.355+0000] {logging_mixin.py:188} INFO - [2026-10-09T09:35:22.355+0000] {dag.py:3036} INFO - Sync 1 DAGs
[2026-10-09T09:35:22.371+0000] {logging_mixin.py:188} INFO - [2026-10-09T09:35:22.371+0000] {dag.py:3823} INFO - Setting next_dagrun for fx_rates_dag to 2026-10-08 12:00:00+00:00, run_after=2026-10-09 12:00:00+00:00
[2026-10-09T09:35:22.409+0000] {processor.py:183} INFO - Processing /opt/airflow/dags/fx_rates_dag.py took 0.090 seconds
[2026-10-09T09:35:52.550+0000] {processor.py:161} INFO - Started process (PID=226) to work on /opt/airflow/dags/fx_rates_dag.py
[2026-10-09T09:35:52.551+0000] {processor.py:830} INFO - Processing file /opt/airflow/dags/fx_rates_dag.py for tasks to queue
[2026-10-09T09:35:52.552+0000] {logging_mixin.py:188} INFO - [2026-10-09T09:35:52.552+0000] {dagbag.py:538} INFO - Filling up the DagBag from /opt/airflow/dags/fx_rates_dag.py
[2026-10-09T09:35:52.568+0000] {processor.py:840} INFO - DAG(s) 'fx_rates_dag' retrieved from /opt/airflow/dags/fx_rates_dag.py
[2026-10-09T09:35:52.583+0000] {logging_mixin.py:188} INFO - [2026-10-09T09:35:52.583+0000] {dag.py:3036} INFO - Sync 1 DAGs
[2026-10-09T09:35:52.597+0000] {logging_mixin.py:188} INFO - [2026-10-09T09:35:52.597+0000] {dag.py:3823} INFO - Setting next_dagrun for fx_rates_dag to 2026-10-08 12:00:00+00:00, run_after=2026-10-09 12:00:00+00:00
[2026-10-09T09:35:52.633+0000] {processor.py:183} INFO - Processing /opt/airflow/dags/fx_rates_dag.py took 0.085 seconds
[2026-10-09T09:36:22.717+0000] {processor.py:161} INFO - Started process (PID=227) to work on /opt/airflow/dags/fx_rates_dag.py
[2026-10-09T09:36:22.718+0000] {processor.py:830} INFO - Processing file /opt/airflow/dags/fx_rates_dag.py for tasks to queue
[2026-10-09T09:36:22.719+0000] {logging_mixin.py:188} INFO - [2026-10-09T09:36:22.719+0000] {dagbag.py:538} INFO - Filling up the DagBag from /opt/airflow/dags/fx_rates_dag.py
[2026-10-09T09:36:22.734+0000] {processor.py:840} INFO - DAG(s) 'fx_rates_dag' retrieved from /opt/airflow/dags/fx_rates_dag.py
[2026-10-09T09:36:22.752+0000] {logging_mixin.py:188} INFO - [2026-10-09T09:36:22.751+0000] {dag.py:3036} INFO - Sync 1 DAGs
[2026-10-09T09:36:22.766+0000] {logging_mixin.py:188} INFO - [2026-10-09T09:36:22.766+0000] {dag.py:3823} INFO - Setting next_dagrun for fx_rates_dag to 2026-10-08 12:00:00+00:00, run_after=2026-10-09 12:00:00+00:00
[2026-10-09T09:36:22.803+0000] {processor.py:183} INFO - Processing /opt/airflow/dags/fx_rates_dag.py took 0.088 seconds
[2026-10-09T09:36:52.970+0000] {processor.py:161} INFO - Started process (PID=228) to work on /opt/airflow/dags/fx_rates_dag.py
[2026-10-09T09:36:52.971+0000] {processor.py:830} INFO - Processing file /opt/airflow/dags/fx_rates_dag.py for tasks to queue
[2026-10-09T09:36:52.972+0000] {logging_mixin.py:188} INFO - [2026-10-09T09:36:52.972+0000] {dagbag.py:538} INFO - Filling up the DagBag from /opt/airflow/dags/fx_rates_dag.py
[2026-10-09T09:36:52.988+0000] {processor.py:840} INFO - DAG(s) 'fx_rates_dag' retrieved from /opt/airflow/dags/fx_rates_dag.py
[2026-10-09T09:36:53.004+0000] {logging_mixin.py:188} INFO - [2026-10-09T09:36:53.004+0000] {dag.py:3036} INFO - Sync 1 DAGs
[2026-10-09T09:36:53.018+0000] {logging_mixin.py:188} INFO - [2026-10-09T09:36:53.018+0000] {dag.py:3823} INFO - Setting next_dagrun for fx_rates_dag to 2026-10-08 12:00:00+00:00, run_after=2026-10-09 12:00:00+00:00
[2026-10-09T09:36:53.057+0000] {processor.py:183} INFO - Processing /opt/airflow/dags/fx_rates_dag.py took 0.088 seconds
[2026-10-09T09:37:23.187+0000] {processor.py:161} INFO - Started process (PID=229) to work on /opt/airflow/dags/fx_rates_dag.py
[2026-10-09T09:37:23.188+0000] {processor.py:830} INFO - Processing file /opt/airflow/dags/fx_rates_dag.py for tasks to queue
[2026-10-09T09:37:23.188+0000] {logging_mixin.py:188} INFO - [2026-10-09T09:37:23.188+0000] {dagbag.py:538} INFO - Filling up the DagBag from /opt/airflow/dags/fx_rates_dag.py
[2026-10-09T09:37:23.204+0000] {processor.py:840} INFO - DAG(s) 'fx_rates_dag' retrieved from /opt/airflow/dags/fx_rates_dag.py
[2026-10-09T09:37:23.221+0000] {logging_mixin.py:188} INFO - [2026-10-09T09:37:23.221+0000] {dag.py:3036} INFO - Sync 1 DAGs
[2026-10-09T09:37:23.234+0000] {logging_mixin.py:188} INFO - [2026-10-09T09:37:23.234+0000] {dag.py:3823} INFO - Setting next_dagrun for fx_rates_dag to 2026-10-08 12:00:00+00:00, run_after=2026-10-09 12:00:00+00:00
[2026-10-09T09:37:23.275+0000] {processor.py:183} INFO - Processing /opt/airflow/dags/fx_rates_dag.py took 0.090 seconds
[2026-10-09T09:37:53.355+0000] {processor.py:161} INFO - Started process (PID=230) to work on /opt/airflow/dags/fx_rates_dag.py
[2026-10-09T09:37:53.356+0000] {processor.py:830} INFO - Processing file /opt/airflow/dags/fx_rates_dag.py for tasks to queue
[2026-10-09T09:37:53.357+0000] {logging_mixin.py:188} INFO - [2026-10-09T09:37:53.356+0000] {dagbag.py:538} INFO - Filling up the DagBag from /opt/airflow/dags/fx_rates_dag.py
[2026-10-09T09:37:53.372+0000] {processor.py:840} INFO - DAG(s) 'fx_rates_dag' retrieved from /opt/airflow/dags/fx_rates_dag.py
[2026-10-09T09:37:53.387+0000] {logging_mixin.py:188} INFO - [2026-10-09T09:37:53.387+0000] {dag.py:3036} INFO - Sync 1 DAGs
[2026-10-09T09:37:53.401+0000] {logging_mixin.py:188} INFO - [2026-10-09T09:37:53.401+0000] {dag.py:3823} INFO - Setting next_dagrun for fx_rates_dag to 2026-10-08 12:00:00+00:00, run_after=2026-10-09 12:00:00+00:00
[2026-10-09T09:37:53.439+0000] {processor.py:183} INFO - Processing /opt/airflow/dags/fx_rates_dag.py took 0.086 seconds
[2026-10-09T09:38:23.531+0000] {processor.py:161} INFO - Started process (PID=231) to work on /opt/airflow/dags/fx_rates_dag.py
[2026-10-09T09:38:23.532+0000] {processor.py:830} INFO - Processing file /opt/airflow/dags/fx_rates_dag.py for tasks to queue
[2026-10-09T09:38:23.533+0000] {logging_mixin.py:188} INFO - [2026-10-09T09:38:23.532+0000] {dagbag.py:538} INFO - Filling up the DagBag from /opt/airflow/dags/fx_rates_dag.py
[2026-10-09T09:38:23.550+0000] {processor.py:840} INFO - DAG(s) 'fx_rates_dag' retrieved from /opt/airflow/dags/fx_rates_dag.py
[2026-10-09T09:38:23.568+0000] {logging_mixin.py:188} INFO - [2026-10-09T09:38:23.567+0000] {dag.py:3036} INFO - Sync 1 DAGs
[2026-10-09T09:38:23.583+0000] {logging_mixin.py:188} INFO - [2026-10-09T09:38:23.583+0000] {dag.py:3823} INFO - Setting next_dagrun for fx_rates_dag to 2026-10-08 12:00:00+00:00, run_after=2026-10-09 12:00:00+00:00
[2026-10-09T09:38:23.622+0000] {processor.py:183} INFO - Processing /opt/airflow/dags/fx_rates_dag.py took 0.093 seconds
[2026-10-09T09:38:53.856+0000] {processor.py:161} INFO - Started process (PID=232) to work on /opt/airflow/dags/fx_rates_dag.py
[2026-10-09T09:38:53.857+0000] {processor.py:830} INFO - Processing file /opt/airflow/dags/fx_rates_dag.py for tasks to queue
[2026-10-09T09:38:53.857+0000] {logging_mixin.py:188} INFO - [2026-10-09T09:38:53.857+0000] {dagbag.py:538} INFO - Filling up the DagBag from /opt/airflow/dags/fx_rates_dag.py
[2026-10-09T09:38:53.873+0000] {processor.py:840} INFO - DAG(s) 'fx_rates_dag' retrieved from /opt/airflow/dags/fx_rates_dag.py
[2026-10-09T09:38:53.888+0000] {logging_mixin.py:188} INFO - [2026-10-09T09:38:53.888+0000] {dag.py:3036} INFO - Sync 1 DAGs
[2026-10-09T09:38:53.902+0000] {logging_mixin.py:188} INFO - [2026-10-09T09:38:53.902+0000] {dag.py:3823} INFO - Setting next_dagrun for fx_rates_dag to 2026-10-08 12:00:00+00:00, run_after=2026-10-09 12:00:00+00:00
[2026-10-09T09:38:53.938+0000] {processor.py:183} INFO - Processing /opt/airflow/dags/fx_rates_dag.py took 0.085 seconds
[2026-10-09T09:39:24.083+0000] {processor.py:161} INFO - Started process (PID=233) to work on /opt/airflow/dags/fx_rates_dag.py
[2026-10-09T09:39:24.083+0000] {processor.py:830} INFO - Processing file /opt/airflow/dags/fx_rates_dag.py for tasks to queue
[2026-10-09T09:39:24.084+0000] {logging_mixin.py:188} INFO - [2026-10-09T09:39:24.084+0000] {dagbag.py:538} INFO - Filling up the DagBag from /opt/airflow/dags/fx_rates_dag.py
[2026-10-09T09:39:24.100+0000] {processor.py:840} INFO - DAG(s) 'fx_rates_dag' retrieved from /opt/airflow/dags/fx_rates_dag.py
[2026-10-09T09:39:24.115+0000] {logging_mixin.py:188} INFO - [2026-10-09T09:39:24.115+0000] {dag.py:3036} INFO - Sync 1 DAGs
[2026-10-09T09:39:24.129+0000] {logging_mixin.py:188} INFO - [2026-10-09T09:39:24.129+0000] {dag.py:3823} INFO - Setting next_dagrun for fx_rates_dag to 2026-10-08 12:00:00+00:00, run_after=2026-10-09 12:00:00+00:00
[2026-10-09T09:39:24.168+0000] {processor.py:183} INFO - Processing /opt/airflow/dags/fx_rates_dag.py took 0.087 seconds
[2026-10-09T09:39:54.309+0000] {processor.py:161} INFO - Started process (PID=234) to work on /opt/airflow/dags/fx_rates_dag.py
[2026-10-09T09:39:54.310+0000] {processor.py:830} INFO - Processing file /opt/airflow/dags/fx_rates_dag.py for tasks to queue
[2026-10-09T09:39:54.311+0000] {logging_mixin.py:188} INFO - [2026-10-09T09:39:54.310+0000] {dagbag.py:538} INFO - Filling up the DagBag from /opt/airflow/dags/fx_rates_dag.py
[2026-10-09T09:39:54.326+0000] {processor.py:840} INFO - DAG(s) 'fx_rates_dag' retrieved from /opt/airflow/dags/fx_rates_dag.py
[2026-10-09T09:39:54.341+0000] {logging_mixin.py:188} INFO - [2026-10-09T09:39:54.341+0000] {dag.py:3036} INFO - Sync 1 DAGs
[2026-10-09T09:39:54.357+0000] {logging_mixin.py:188} INFO - [2026-10-09T09:39:54.356+0000] {dag.py:3823} INFO - Setting next_dagrun for fx_rates_dag to 2026-10-08 12:00:00+00:00, run_after=2026-10-09 12:00:00+00:00
[2026-10-09T09:39:54.394+0000] {processor.py:183} INFO - Processing /opt/airflow/dags/fx_rates_dag.py took 0.086 seconds
[2026-10-09T09:40:24.426+0000] {processor.py:161} INFO - Started process (PID=235) to work on /opt/airflow/dags/fx_rates_dag.py
[2026-10-09T09:40:24.427+0000] {processor.py:830} INFO - Processing file /opt/airflow/dags/fx_rates_dag.py for tasks to queue
[2026-10-09T09:40:24.428+0000] {logging_mixin.py:188} INFO - [2026-10-09T09:40:24.427+0000] {dagbag.py:538} INFO - Filling up the DagBag from /opt/airflow/dags/fx_rates_dag.py
[2026-10-09T09:40:24.443+0000] {processor.py:840} INFO - DAG(s) 'fx_rates_dag' retrieved from /opt/airflow/dags/fx_rates_dag.py
[2026-10-09T09:40:24.459+0000] {logging_mixin.py:188} INFO - [2026-10-09T09:40:24.459+0000] {dag.py:3036} INFO - Sync 1 DAGs
[2026-10-09T09:40:24.473+0000] {logging_mixin.py:188} INFO - [2026-10-09T09:40:24.472+0000] {dag.py:3823} INFO - Setting next_dagrun for fx_rates_dag to 2026-10-08 12:00:00+00:00, run_after=2026-10-09 12:00:00+00:00
[2026-10-09T09:40:24.511+0000] {processor.py:183} INFO - Processing /opt/airflow/dags/fx_rates_dag.py took 0.086 seconds
[2026-10-09T09:40:54.654+0000] {processor.py:161} INFO - Started process (PID=236) to work on /opt/airflow/dags/fx_rates_dag.py
[2026-10-09T09:40:54.655+0000] {processor.py:830} INFO - Processing file /opt/airflow/dags/fx_rates_dag.py for tasks to queue
[2026-10-09T09:40:54.656+0000] {logging_mixin.py:188} INFO - [2026-10-09T09:40:54.655+0000] {dagbag.py:538} INFO - Filling up the DagBag from /opt/airflow/dags/fx_rates_dag.py
[2026-10-09T09:40:54.673+0000] {processor.py:840} INFO - DAG(s) 'fx_rates_dag' retrieved from /opt/airflow/dags/fx_rates_dag.py
[2026-10-09T09:40:54.690+0000] {logging_mixin.py:188} INFO - [2026-10-09T09:40:54.690+0000] {dag.py:3036} INFO - Sync 1 DAGs
[2026-10-09T09:40:54.705+0000] {logging_mixin.py:188} INFO - [2026-10-09T09:40:54.704+0000] {dag.py:3823} INFO - Setting next_dagrun for fx_rates_dag to 2026-10-08 12:00:00+00:00, run_after=2026-10-09 12:00:00+00:00
[2026-10-09T09:40:54.742+0000] {processor.py:183} INFO - Processing /opt/airflow/dags/fx_rates_dag.py took 0.091 seconds
[2026-10-09T09:41:24.978+0000] {processor.py:161} INFO - Started process (PID=237) to work on /opt/airflow/dags/fx_rates_dag.py
[2026-10-09T09:41:24.979+0000] {processor.py:830} INFO - Processing file /opt/airflow/dags/fx_rates_dag.py for tasks to queue
[2026-10-09T09:41:24.980+0000] {logging_mixin.py:188} INFO - [2026-10-09T09:41:24.980+0000] {dagbag.py:538} INFO - Filling up the DagBag from /opt/airflow/dags/fx_rates_dag.py
[2026-10-09T09:41:24.995+0000] {processor.py:840} INFO - DAG(s) 'fx_rates_dag' retrieved from /opt/airflow/dags/fx_rates_dag.py
[2026-10-09T09:41:25.011+0000] {logging_mixin.py:188} INFO - [2026-10-09T09:41:25.011+0000] {dag.py:3036} INFO - Sync 1 DAGs
[2026-10-09T09:41:25.025+0000] {logging_mixin.py:188} INFO - [2026-10-09T09:41:25.025+0000] {dag.py:3823} INFO - Setting next_dagrun for fx_rates_dag to 2026-10-08 12:00:00+00:00, run_after=2026-10-09 12:00:00+00:00
[2026-10-09T09:41:25.063+0000] {processor.py:183} INFO - Processing /opt/airflow/dags/fx_rates_dag.py took 0.087 seconds
[2026-10-09T09:41:55.205+0000] {processor.py:161} INFO - Started process (PID=238) to work on /opt/airflow/dags/fx_rates_dag.py
[2026-10-09T09:41:55.206+0000] {processor.py:830} INFO - Processing file /opt/airflow/dags/fx_rates_dag.py for tasks to queue
[2026-10-09T09:41:55.207+0000] {logging_mixin.py:188} INFO - [2026-10-09T09:41:55.207+0000] {dagbag.py:538} INFO - Filling up the DagBag from /opt/airflow/dags/fx_rates_dag.py
[2026-10-09T09:41:55.223+0000] {processor.py:840} INFO - DAG(s) 'fx_rates_dag' retrieved from /opt/airflow/dags/fx_rates_dag.py
[2026-10-09T09:41:55.248+0000] {logging_mixin.py:188} INFO - [2026-10-09T09:41:55.248+0000] {dag.py:3036} INFO - Sync 1 DAGs
[2026-10-09T09:41:55.262+0000] {logging_mixin.py:188} INFO - [2026-10-09T09:41:55.262+0000] {dag.py:3823} INFO - Setting next_dagrun for fx_rates_dag to 2026-10-08 12:00:00+00:00, run_after=2026-10-09 12:00:00+00:00
[2026-10-09T09:41:55.299+0000] {processor.py:183} INFO - Processing /opt/airflow/dags/fx_rates_dag.py took 0.096 seconds
[2026-10-09T09:42:25.529+0000] {processor.py:161} INFO - Started process (PID=239) to work on /opt/airflow/dags/fx_rates_dag.py
[2026-10-09T09:42:25.530+0000] {processor.py:830} INFO - Processing file /opt/airflow/dags/fx_rates_dag.py for tasks to queue
[2026-10-09T09:42:25.531+0000] {logging_mixin.py:188} INFO - [2026-10-09T09:42:25.530+0000] {dagbag.py:538} INFO - Filling up the DagBag from /opt/airflow/dags/fx_rates_dag.py
[2026-10-09T09:42:25.546+0000] {processor.py:840} INFO - DAG(s) 'fx_rates_dag' retrieved from /opt/airflow/dags/fx_rates_dag.py
[2026-10-09T09:42:25.562+0000] {logging_mixin.py:188} INFO - [2026-10-09T09:42:25.562+0000] {dag.py:3036} INFO - Sync 1 DAGs
[2026-10-09T09:42:25.576+0000] {logging_mixin.py:188} INFO - [2026-10-09T09:42:25.576+0000] {dag.py:3823} INFO - Setting next_dagrun for fx_rates_dag to 2026-10-08 12:00:00+00:00, run_after=2026-10-09 12:00:00+00:00
[2026-10-09T09:42:25.614+0000] {processor.py:183} INFO - Processing /opt/airflow/dags/fx_rates_dag.py took 0.087 seconds
[2026-10-09T09:42:55.757+0000] {processor.py:161} INFO - Started process (PID=240) to work on /opt/airflow/dags/fx_rates_dag.py
[2026-10-09T09:42:55.758+0000] {processor.py:830} INFO - Processing file /opt/airflow/dags/fx_rates_dag.py for tasks to queue
[2026-10-09T09:42:55.759+0000] {logging_mixin.py:188} INFO - [2026-10-09T09:42:55.759+0000] {dagbag.py:538} INFO - Filling up the DagBag from /opt/airflow/dags/fx_rates_dag.py
[2026-10-09T09:42:55.778+0000] {processor.py:840} INFO - DAG(s) 'fx_rates_dag' retrieved from /opt/airflow/dags/fx_rates_dag.py
[2026-10-09T09:42:55.797+0000] {logging_mixin.py:188} INFO - [2026-10-09T09:42:55.797+0000] {dag.py:3036} INFO - Sync 1 DAGs
[2026-10-09T09:42:55.811+0000] {logging_mixin.py:188} INFO - [2026-10-09T09:42:55.811+0000] {dag.py:3823} INFO - Setting next_dagrun for fx_rates_dag to 2026-10-08 12:00:00+00:00, run_after=2026-10-09 12:00:00+00:00
[2026-10-09T09:42:55.848+0000] {processor.py:183} INFO - Processing /opt/airflow/dags/fx_rates_dag.py took 0.092 seconds
[2026-10-09T09:43:26.080+0000] {processor.py:161} INFO - Started process (PID=241) to work on /opt/airflow/dags/fx_rates_dag.py
[2026-10-09T09:43:26.081+0000] {processor.py:830} INFO - Processing file /opt/airflow/dags/fx_rates_dag.py for tasks to queue
[2026-10-09T09:43:26.082+0000] {logging_mixin.py:188} INFO - [2026-10-09T09:43:26.082+0000] {dagbag.py:538} INFO - Filling up the DagBag from /opt/airflow/dags/fx_rates_dag.py
[2026-10-09T09:43:26.097+0000] {processor.py:840} INFO - DAG(s) 'fx_rates_dag' retrieved from /opt/airflow/dags/fx_rates_dag.py
[2026-10-09T09:43:26.113+0000] {logging_mixin.py:188} INFO - [2026-10-09T09:43:26.113+0000] {dag.py:3036} INFO - Sync 1 DAGs
[2026-10-09T09:43:26.127+0000] {logging_mixin.py:188} INFO - [2026-10-09T09:43:26.127+0000] {dag.py:3823} INFO - Setting next_dagrun for fx_rates_dag to 2026-10-08 12:00:00+00:00, run_after=2026-10-09 12:00:00+00:00
[2026-10-09T09:43:26.165+0000] {processor.py:183} INFO - Processing /opt/airflow/dags/fx_rates_dag.py took 0.086 seconds
[2026-10-09T09:43:56.306+0000] {processor.py:161} INFO - Started process (PID=242) to work on /opt/airflow/dags/fx_rates_dag.py
[2026-10-09T09:43:56.306+0000] {processor.py:830} INFO - Processing file /opt/airflow/dags/fx_rates_dag.py for tasks to queue
[2026-10-09T09:43:56.307+0000] {logging_mixin.py:188} INFO - [2026-10-09T09:43:56.307+0000] {dagbag.py:538} INFO - Filling up the DagBag from /opt/airflow/dags/fx_rates_dag.py
[2026-10-09T09:43:56.323+0000] {processor.py:840} INFO - DAG(s) 'fx_rates_dag' retrieved from /opt/airflow/dags/fx_rates_dag.py
[2026-10-09T09:43:56.339+0000] {logging_mixin.py:188} INFO - [2026-10-09T09:43:56.339+0000] {dag.py:3036} INFO - Sync 1 DAGs
[2026-10-09T09:43:56.353+0000] {logging_mixin.py:188} INFO - [2026-10-09T09:43:56.353+0000] {dag.py:3823} INFO - Setting next_dagrun for fx_rates_dag to 2026-10-08 12:00:00+00:00, run_after=2026-10-09 12:00:00+00:00
[2026-10-09T09:43:56.390+0000] {processor.py:183} INFO - Processing /opt/airflow/dags/fx_rates_dag.py took 0.086 seconds
[2026-10-09T09:44:26.531+0000] {processor.py:161} INFO - Started process (PID=243) to work on /opt/airflow/dags/fx_rates_dag.py
[2026-10-09T09:44:26.532+0000] {processor.py:830} INFO - Processing file /opt/airflow/dags/fx_rates_dag.py for tasks to queue
[2026-10-09T09:44:26.533+0000] {logging_mixin.py:188} INFO - [2026-10-09T09:44:26.532+0000] {dagbag.py:538} INFO - Filling up the DagBag from /opt/airflow/dags/fx_rates_dag.py
[2026-10-09T09:44:26.549+0000] {processor.py:840} INFO - DAG(s) 'fx_rates_dag' retrieved from /opt/airflow/dags/fx_rates_dag.py
[2026-10-09T09:44:26.567+0000] {logging_mixin.py:188} INFO - [2026-10-09T09:44:26.566+0000] {dag.py:3036} INFO - Sync 1 DAGs
[2026-10-09T09:44:26.580+0000] {logging_mixin.py:188} INFO - [2026-10-09T09:44:26.580+0000] {dag.py:3823} INFO - Setting next_dagrun for fx_rates_dag to 2026-10-08 12:00:00+00:00, run_after=2026-10-09 12:00:00+00:00
[2026-10-09T09:44:26.618+0000] {processor.py:183} INFO - Processing /opt/airflow/dags/fx_rates_dag.py took 0.089 seconds
[2026-10-09T09:44:56.759+0000] {processor.py:161} INFO - Started process (PID=244) to work on /opt/airflow/dags/fx_rates_dag.py
[2026-10-09T09:44:56.760+0000] {processor.py:830} INFO - Processing file /opt/airflow/dags/fx_rates_dag.py for tasks to queue
[2026-10-09T09:44:56.761+0000] {logging_mixin.py:188} INFO - [2026-10-09T09:44:56.760+0000] {dagbag.py:538} INFO - Filling up the DagBag from /opt/airflow/dags/fx_rates_dag.py
[2026-10-09T09:44:56.776+0000] {processor.py:840} INFO - DAG(s) 'fx_rates_dag' retrieved from /opt/airflow/dags/fx_rates_dag.py
[2026-10-09T09:44:56.792+0000] {logging_mixin.py:188} INFO - [2026-10-09T09:44:56.792+0000] {dag.py:3036} INFO - Sync 1 DAGs
[2026-10-09T09:44:56.806+0000] {logging_mixin.py:188} INFO - [2026-10-09T09:44:56.806+0000] {dag.py:3823} INFO - Setting next_dagrun for fx_rates_dag to 2026-10-08 12:00:00+00:00, run_after=2026-10-09 12:00:00+00:00
[2026-10-09T09:44:56.844+0000] {processor.py:183} INFO - Processing /opt/airflow/dags/fx_rates_dag.py took 0.087 seconds
[2026-10-09T09:45:26.984+0000] {processor.py:161} INFO - Started process (PID=245) to work on /opt/airflow/dags/fx_rates_dag.py
[2026-10-09T09:45:26.985+0000] {processor.py:830} INFO - Processing file /opt/airflow/dags/fx_rates_dag.py for tasks to queue
[2026-10-09T09:45:26.986+0000] {logging_mixin.py:188} INFO - [2026-10-09T09:45:26.986+0000] {dagbag.py:538} INFO - Filling up the DagBag from /opt/airflow/dags/fx_rates_dag.py
[2026-10-09T09:45:27.002+0000] {processor.py:840} INFO - DAG(s) 'fx_rates_dag' retrieved from /opt/airflow/dags/fx_rates_dag.py
[2026-10-09T09:45:27.017+0000] {logging_mixin.py:188} INFO - [2026-10-09T09:45:27.017+0000] {dag.py:3036} INFO - Sync 1 DAGs
[2026-10-09T09:45:27.031+0000] {logging_mixin.py:188} INFO - [2026-10-09T09:45:27.031+0000] {dag.py:3823} INFO - Setting next_dagrun for fx_rates_dag to 2026-10-08 12:00:00+00:00, run_after=2026-10-09 12:00:00+00:00
[2026-10-09T09:45:27.070+0000] {processor.py:183} INFO - Processing /opt/airflow/dags/fx_rates_dag.py took 0.087 seconds
[2026-10-09T09:45:57.213+0000] {processor.py:161} INFO - Started process (PID=246) to work on /opt/airflow/dags/fx_rates_dag.py
[2026-10-09T09:45:57.214+0000] {processor.py:830} INFO - Processing file /opt/airflow/dags/fx_rates_dag.py for tasks to queue
[2026-10-09T09:45:57.215+0000] {logging_mixin.py:188} INFO - [2026-10-09T09:45:57.215+0000] {dagbag.py:538} INFO - Filling up the DagBag from /opt/airflow/dags/fx_rates_dag.py
[2026-10-09T09:45:57.233+0000] {processor.py:840} INFO - DAG(s) 'fx_rates_dag' retrieved from /opt/airflow/dags/fx_rates_dag.py
[2026-10-09T09:45:57.252+0000] {logging_mixin.py:188} INFO - [2026-10-09T09:45:57.252+0000] {dag.py:3036} INFO - Sync 1 DAGs
[2026-10-09T09:45:57.269+0000] {logging_mixin.py:188} INFO - [2026-10-09T09:45:57.269+0000] {dag.py:3823} INFO - Setting next_dagrun for fx_rates_dag to 2026-10-08 12:00:00+00:00, run_after=2026-10-09 12:00:00+00:00
[2026-10-09T09:45:57.309+0000] {processor.py:183} INFO - Processing /opt/airflow/dags/fx_rates_dag.py took 0.099 seconds
[2026-10-09T09:46:27.557+0000] {processor.py:161} INFO - Started process (PID=247) to work on /opt/airflow/dags/fx_rates_dag.py
[2026-10-09T09:46:27.558+0000] {processor.py:830} INFO - Processing file /opt/airflow/dags/fx_rates_dag.py for tasks to queue
[2026-10-09T09:46:27.559+0000] {logging_mixin.py:188} INFO - [2026-10-09T09:46:27.559+0000] {dagbag.py:538} INFO - Filling up the DagBag from /opt/airflow/dags/fx_rates_dag.py
[2026-10-09T09:46:27.575+0000] {processor.py:840} INFO - DAG(s) 'fx_rates_dag' retrieved from /opt/airflow/dags/fx_rates_dag.py
[2026-10-09T09:46:27.591+0000] {logging_mixin.py:188} INFO - [2026-10-09T09:46:27.591+0000] {dag.py:3036} INFO - Sync 1 DAGs
[2026-10-09T09:46:27.605+0000] {logging_mixin.py:188} INFO - [2026-10-09T09:46:27.605+0000] {dag.py:3823} INFO - Setting next_dagrun for fx_rates_dag to 2026-10-08 12:00:00+00:00, run_after=2026-10-09 12:00:00+00:00
[2026-10-09T09:46:27.643+0000] {processor.py:183} INFO - Processing /opt/airflow/dags/fx_rates_dag.py took 0.089 seconds
[2026-10-09T09:46:57.788+0000] {processor.py:161} INFO - Started process (PID=248) to work on /opt/airflow/dags/fx_rates_dag.py
[2026-10-09T09:46:57.789+0000] {processor.py:830} INFO - Processing file /opt/airflow/dags/fx_rates_dag.py for tasks to queue
[2026-10-09T09:46:57.790+0000] {logging_mixin.py:188} INFO - [2026-10-09T09:46:57.790+0000] {dagbag.py:538} INFO - Filling up the DagBag from /opt/airflow/dags/fx_rates_dag.py
[2026-10-09T09:46:57.806+0000] {processor.py:840} INFO - DAG(s) 'fx_rates_dag' retrieved from /opt/airflow/dags/fx_rates_dag.py
[2026-10-09T09:46:57.824+0000] {logging_mixin.py:188} INFO - [2026-10-09T09:46:57.824+0000] {dag.py:3036} INFO - Sync 1 DAGs
[2026-10-09T09:46:57.839+0000] {logging_mixin.py:188} INFO - [2026-10-09T09:46:57.839+0000] {dag.py:3823} INFO - Setting next_dagrun for fx_rates_dag to 2026-10-08 12:00:00+00:00, run_after=2026-10-09 12:00:00+00:00
[2026-10-09T09:46:57.877+0000] {processor.py:183} INFO - Processing /opt/airflow/dags/fx_rates_dag.py took 0.090 seconds
[2026-10-09T09:47:28.023+0000] {processor.py:161} INFO - Started process (PID=249) to work on /opt/airflow/dags/fx_rates_dag.py
[2026-10-09T09:47:28.024+0000] {processor.py:830} INFO - Processing file /opt/airflow/dags/fx_rates_dag.py for tasks to queue
[2026-10-09T09:47:28.024+0000] {logging_mixin.py:188} INFO - [2026-10-09T09:47:28.024+0000] {dagbag.py:538} INFO - Filling up the DagBag from /opt/airflow/dags/fx_rates_dag.py
[2026-10-09T09:47:28.040+0000] {processor.py:840} INFO - DAG(s) 'fx_rates_dag' retrieved from /opt/airflow/dags/fx_rates_dag.py
[2026-10-09T09:47:28.056+0000] {logging_mixin.py:188} INFO - [2026-10-09T09:47:28.056+0000] {dag.py:3036} INFO - Sync 1 DAGs
[2026-10-09T09:47:28.069+0000] {logging_mixin.py:188} INFO - [2026-10-09T09:47:28.069+0000] {dag.py:3823} INFO - Setting next_dagrun for fx_rates_dag to 2026-10-08 12:00:00+00:00, run_after=2026-10-09 12:00:00+00:00
[2026-10-09T09:47:28.107+0000] {processor.py:183} INFO - Processing /opt/airflow/dags/fx_rates_dag.py took 0.086 seconds
[2026-10-09T09:47:58.248+0000] {processor.py:161} INFO - Started process (PID=250) to work on /opt/airflow/dags/fx_rates_dag.py
[2026-10-09T09:47:58.249+0000] {processor.py:830} INFO - Processing file /opt/airflow/dags/fx_rates_dag.py for tasks to queue
[2026-10-09T09:47:58.250+0000] {logging_mixin.py:188} INFO - [2026-10-09T09:47:58.250+0000] {dagbag.py:538} INFO - Filling up the DagBag from /opt/airflow/dags/fx_rates_dag.py
[2026-10-09T09:47:58.269+0000] {processor.py:840} INFO - DAG(s) 'fx_rates_dag' retrieved from /opt/airflow/dags/fx_rates_dag.py
[2026-10-09T09:47:58.287+0000] {logging_mixin.py:188} INFO - [2026-10-09T09:47:58.287+0000] {dag.py:3036} INFO - Sync 1 DAGs
[2026-10-09T09:47:58.301+0000] {logging_mixin.py:188} INFO - [2026-10-09T09:47:58.301+0000] {dag.py:3823} INFO - Setting next_dagrun for fx_rates_dag to 2026-10-08 12:00:00+00:00, run_after=2026-10-09 12:00:00+00:00
[2026-10-09T09:47:58.338+0000] {processor.py:183} INFO - Processing /opt/airflow/dags/fx_rates_dag.py took 0.091 seconds
[2026-10-09T09:48:28.480+0000] {processor.py:161} INFO - Started process (PID=251) to work on /opt/airflow/dags/fx_rates_dag.py
[2026-10-09T09:48:28.481+0000] {processor.py:830} INFO - Processing file /opt/airflow/dags/fx_rates_dag.py for tasks to queue
[2026-10-09T09:48:28.482+0000] {logging_mixin.py:188} INFO - [2026-10-09T09:48:28.481+0000] {dagbag.py:538} INFO - Filling up the DagBag from /opt/airflow/dags/fx_rates_dag.py
[2026-10-09T09:48:28.498+0000] {processor.py:840} INFO - DAG(s) 'fx_rates_dag' retrieved from /opt/airflow/dags/fx_rates_dag.py
[2026-10-09T09:48:28.515+0000] {logging_mixin.py:188} INFO - [2026-10-09T09:48:28.515+0000] {dag.py:3036} INFO - Sync 1 DAGs
[2026-10-09T09:48:28.528+0000] {logging_mixin.py:188} INFO - [2026-10-09T09:48:28.528+0000] {dag.py:3823} INFO - Setting next_dagrun for fx_rates_dag to 2026-10-08 12:00:00+00:00, run_after=2026-10-09 12:00:00+00:00
[2026-10-09T09:48:28.565+0000] {processor.py:183} INFO - Processing /opt/airflow/dags/fx_rates_dag.py took 0.087 seconds
[2026-10-09T09:48:58.812+0000] {processor.py:161} INFO - Started process (PID=252) to work on /opt/airflow/dags/fx_rates_dag.py
[2026-10-09T09:48:58.813+0000] {processor.py:830} INFO - Processing file /opt/airflow/dags/fx_rates_dag.py for tasks to queue
[2026-10-09T09:48:58.814+0000] {logging_mixin.py:188} INFO - [2026-10-09T09:48:58.814+0000] {dagbag.py:538} INFO - Filling up the DagBag from /opt/airflow/dags/fx_rates_dag.py
[2026-10-09T09:48:58.831+0000] {processor.py:840} INFO - DAG(s) 'fx_rates_dag' retrieved from /opt/airflow/dags/fx_rates_dag.py
[2026-10-09T09:48:58.848+0000] {logging_mixin.py:188} INFO - [2026-10-09T09:48:58.848+0000] {dag.py:3036} INFO - Sync 1 DAGs
[2026-10-09T09:48:58.863+0000] {logging_mixin.py:188} INFO - [2026-10-09T09:48:58.863+0000] {dag.py:3823} INFO - Setting next_dagrun for fx_rates_dag to 2026-10-08 12:00:00+00:00, run_after=2026-10-09 12:00:00+00:00
[2026-10-09T09:48:58.900+0000] {processor.py:183} INFO - Processing /opt/airflow/dags/fx_rates_dag.py took 0.090 seconds
[2026-10-09T09:49:29.040+0000] {processor.py:161} INFO - Started process (PID=253) to work on /opt/airflow/dags/fx_rates_dag.py
[2026-10-09T09:49:29.041+0000] {processor.py:830} INFO - Processing file /opt/airflow/dags/fx_rates_dag.py for tasks to queue
[2026-10-09T09:49:29.041+0000] {logging_mixin.py:188} INFO - [2026-10-09T09:49:29.041+0000] {dagbag.py:538} INFO - Filling up the DagBag from /opt/airflow/dags/fx_rates_dag.py
[2026-10-09T09:49:29.058+0000] {processor.py:840} INFO - DAG(s) 'fx_rates_dag' retrieved from /opt/airflow/dags/fx_rates_dag.py
[2026-10-09T09:49:29.093+0000] {logging_mixin.py:188} INFO - [2026-10-09T09:49:29.092+0000] {dag.py:3036} INFO - Sync 1 DAGs
[2026-10-09T09:49:29.106+0000] {logging_mixin.py:188} INFO - [2026-10-09T09:49:29.106+0000] {dag.py:3823} INFO - Setting next_dagrun for fx_rates_dag to 2026-10-08 12:00:00+00:00, run_after=2026-10-09 12:00:00+00:00
[2026-10-09T09:49:29.142+0000] {processor.py:183} INFO - Processing /opt/airflow/dags/fx_rates_dag.py took 0.104 seconds
[2026-10-09T09:49:59.368+0000] {processor.py:161} INFO - Started process (PID=254) to work on /opt/airflow/dags/fx_rates_dag.py
[2026-10-09T09:49:59.369+0000] {processor.py:830} INFO - Processing file /opt/airflow/dags/fx_rates_dag.py for tasks to queue
[2026-10-09T09:49:59.370+0000] {logging_mixin.py:188} INFO - [2026-10-09T09:49:59.370+0000] {dagbag.py:538} INFO - Filling up the DagBag from /opt/airflow/dags/fx_rates_dag.py
[2026-10-09T09:49:59.386+0000] {processor.py:840} INFO - DAG(s) 'fx_rates_dag' retrieved from /opt/airflow/dags/fx_rates_dag.py
[2026-10-09T09:49:59.402+0000] {logging_mixin.py:188} INFO - [2026-10-09T09:49:59.402+0000] {dag.py:3036} INFO - Sync 1 DAGs
[2026-10-09T09:49:59.417+0000] {logging_mixin.py:188} INFO - [2026-10-09T09:49:59.417+0000] {dag.py:3823} INFO - Setting next_dagrun for fx_rates_dag to 2026-10-08 12:00:00+00:00, run_after=2026-10-09 12:00:00+00:00
[2026-10-09T09:49:59.455+0000] {processor.py:183} INFO - Processing /opt/airflow/dags/fx_rates_dag.py took 0.089 seconds
[2026-10-09T09:50:29.595+0000] {processor.py:161} INFO - Started process (PID=255) to work on /opt/airflow/dags/fx_rates_dag.py
[2026-10-09T09:50:29.596+0000] {processor.py:830} INFO - Processing file /opt/airflow/dags/fx_rates_dag.py for tasks to queue
[2026-10-09T09:50:29.598+0000] {logging_mixin.py:188} INFO - [2026-10-09T09:50:29.597+0000] {dagbag.py:538} INFO - Filling up the DagBag from /opt/airflow/dags/fx_rates_dag.py
[2026-10-09T09:50:29.615+0000] {processor.py:840} INFO - DAG(s) 'fx_rates_dag' retrieved from /opt/airflow/dags/fx_rates_dag.py
[2026-10-09T09:50:29.633+0000] {logging_mixin.py:188} INFO - [2026-10-09T09:50:29.633+0000] {dag.py:3036} INFO - Sync 1 DAGs
[2026-10-09T09:50:29.648+0000] {logging_mixin.py:188} INFO - [2026-10-09T09:50:29.648+0000] {dag.py:3823} INFO - Setting next_dagrun for fx_rates_dag to 2026-10-08 12:00:00+00:00, run_after=2026-10-09 12:00:00+00:00
[2026-10-09T09:50:29.687+0000] {processor.py:183} INFO - Processing /opt/airflow/dags/fx_rates_dag.py took 0.094 seconds
[2026-10-09T09:50:59.921+0000] {processor.py:161} INFO - Started process (PID=256) to work on /opt/airflow/dags/fx_rates_dag.py
[2026-10-09T09:50:59.922+0000] {processor.py:830} INFO - Processing file /opt/airflow/dags/fx_rates_dag.py for tasks to queue
[2026-10-09T09:50:59.923+0000] {logging_mixin.py:188} INFO - [2026-10-09T09:50:59.922+0000] {dagbag.py:538} INFO - Filling up the DagBag from /opt/airflow/dags/fx_rates_dag.py
[2026-10-09T09:50:59.939+0000] {processor.py:840} INFO - DAG(s) 'fx_rates_dag' retrieved from /opt/airflow/dags/fx_rates_dag.py
[2026-10-09T09:50:59.955+0000] {logging_mixin.py:188} INFO - [2026-10-09T09:50:59.955+0000] {dag.py:3036} INFO - Sync 1 DAGs
[2026-10-09T09:50:59.970+0000] {logging_mixin.py:188} INFO - [2026-10-09T09:50:59.969+0000] {dag.py:3823} INFO - Setting next_dagrun for fx_rates_dag to 2026-10-08 12:00:00+00:00, run_after=2026-10-09 12:00:00+00:00
[2026-10-09T09:51:00.007+0000] {processor.py:183} INFO - Processing /opt/airflow/dags/fx_rates_dag.py took 0.088 seconds
[2026-10-09T09:51:30.151+0000] {processor.py:161} INFO - Started process (PID=257) to work on /opt/airflow/dags/fx_rates_dag.py
[2026-10-09T09:51:30.152+0000] {processor.py:830} INFO - Processing file /opt/airflow/dags/fx_rates_dag.py for tasks to queue
[2026-10-09T09:51:30.153+0000] {logging_mixin.py:188} INFO - [2026-10-09T09:51:30.152+0000] {dagbag.py:538} INFO - Filling up the DagBag from /opt/airflow/dags/fx_rates_dag.py
[2026-10-09T09:51:30.170+0000] {processor.py:840} INFO - DAG(s) 'fx_rates_dag' retrieved from /opt/airflow/dags/fx_rates_dag.py
[2026-10-09T09:51:30.187+0000] {logging_mixin.py:188} INFO - [2026-10-09T09:51:30.187+0000] {dag.py:3036} INFO - Sync 1 DAGs
[2026-10-09T09:51:30.203+0000] {logging_mixin.py:188} INFO - [2026-10-09T09:51:30.203+0000] {dag.py:3823} INFO - Setting next_dagrun for fx_rates_dag to 2026-10-08 12:00:00+00:00, run_after=2026-10-09 12:00:00+00:00
[2026-10-09T09:51:30.240+0000] {processor.py:183} INFO - Processing /opt/airflow/dags/fx_rates_dag.py took 0.091 seconds
[2026-10-09T09:52:00.476+0000] {processor.py:161} INFO - Started process (PID=258) to work on /opt/airflow/dags/fx_rates_dag.py
[2026-10-09T09:52:00.477+0000] {processor.py:830} INFO - Processing file /opt/airflow/dags/fx_rates_dag.py for tasks to queue
[2026-10-09T09:52:00.477+0000] {logging_mixin.py:188} INFO - [2026-10-09T09:52:00.477+0000] {dagbag.py:538} INFO - Filling up the DagBag from /opt/airflow/dags/fx_rates_dag.py
[2026-10-09T09:52:00.494+0000] {processor.py:840} INFO - DAG(s) 'fx_rates_dag' retrieved from /opt/airflow/dags/fx_rates_dag.py
[2026-10-09T09:52:00.511+0000] {logging_mixin.py:188} INFO - [2026-10-09T09:52:00.511+0000] {dag.py:3036} INFO - Sync 1 DAGs
[2026-10-09T09:52:00.526+0000] {logging_mixin.py:188} INFO - [2026-10-09T09:52:00.526+0000] {dag.py:3823} INFO - Setting next_dagrun for fx_rates_dag to 2026-10-08 12:00:00+00:00, run_after=2026-10-09 12:00:00+00:00
[2026-10-09T09:52:00.563+0000] {processor.py:183} INFO - Processing /opt/airflow/dags/fx_rates_dag.py took 0.089 seconds
[2026-10-09T09:52:30.705+0000] {processor.py:161} INFO - Started process (PID=259) to work on /opt/airflow/dags/fx_rates_dag.py
[2026-10-09T09:52:30.706+0000] {processor.py:830} INFO - Processing file /opt/airflow/dags/fx_rates_dag.py for tasks to queue
[2026-10-09T09:52:30.707+0000] {logging_mixin.py:188} INFO - [2026-10-09T09:52:30.707+0000] {dagbag.py:538} INFO - Filling up the DagBag from /opt/airflow/dags/fx_rates_dag.py
[2026-10-09T09:52:30.723+0000] {processor.py:840} INFO - DAG(s) 'fx_rates_dag' retrieved from /opt/airflow/dags/fx_rates_dag.py
[2026-10-09T09:52:30.739+0000] {logging_mixin.py:188} INFO - [2026-10-09T09:52:30.739+0000] {dag.py:3036} INFO - Sync 1 DAGs
[2026-10-09T09:52:30.753+0000] {logging_mixin.py:188} INFO - [2026-10-09T09:52:30.753+0000] {dag.py:3823} INFO - Setting next_dagrun for fx_rates_dag to 2026-10-08 12:00:00+00:00, run_after=2026-10-09 12:00:00+00:00
[2026-10-09T09:52:30.790+0000] {processor.py:183} INFO - Processing /opt/airflow/dags/fx_rates_dag.py took 0.087 seconds
[2026-10-09T09:53:00.854+0000] {processor.py:161} INFO - Started process (PID=260) to work on /opt/airflow/dags/fx_rates_dag.py
[2026-10-09T09:53:00.855+0000] {processor.py:830} INFO - Processing file /opt/airflow/dags/fx_rates_dag.py for tasks to queue
[2026-10-09T09:53:00.856+0000] {logging_mixin.py:188} INFO - [2026-10-09T09:53:00.856+0000] {dagbag.py:538} INFO - Filling up the DagBag from /opt/airflow/dags/fx_rates_dag.py
[2026-10-09T09:53:00.871+0000] {processor.py:840} INFO - DAG(s) 'fx_rates_dag' retrieved from /opt/airflow/dags/fx_rates_dag.py
[2026-10-09T09:53:00.887+0000] {logging_mixin.py:188} INFO - [2026-10-09T09:53:00.887+0000] {dag.py:3036} INFO - Sync 1 DAGs
[2026-10-09T09:53:00.901+0000] {logging_mixin.py:188} INFO - [2026-10-09T09:53:00.901+0000] {dag.py:3823} INFO - Setting next_dagrun for fx_rates_dag to 2026-10-08 12:00:00+00:00, run_after=2026-10-09 12:00:00+00:00
[2026-10-09T09:53:00.938+0000] {processor.py:183} INFO - Processing /opt/airflow/dags/fx_rates_dag.py took 0.086 seconds
[2026-10-09T09:53:31.083+0000] {processor.py:161} INFO - Started process (PID=261) to work on /opt/airflow/dags/fx_rates_dag.py
[2026-10-09T09:53:31.084+0000] {processor.py:830} INFO - Processing file /opt/airflow/dags/fx_rates_dag.py for tasks to queue
[2026-10-09T09:53:31.085+0000] {logging_mixin.py:188} INFO - [2026-10-09T09:53:31.085+0000] {dagbag.py:538} INFO - Filling up the DagBag from /opt/airflow/dags/fx_rates_dag.py
[2026-10-09T09:53:31.101+0000] {processor.py:840} INFO - DAG(s) 'fx_rates_dag' retrieved from /opt/airflow/dags/fx_rates_dag.py
[2026-10-09T09:53:31.117+0000] {logging_mixin.py:188} INFO - [2026-10-09T09:53:31.117+0000] {dag.py:3036} INFO - Sync 1 DAGs
[2026-10-09T09:53:31.131+0000] {logging_mixin.py:188} INFO - [2026-10-09T09:53:31.131+0000] {dag.py:3823} INFO - Setting next_dagrun for fx_rates_dag to 2026-10-08 12:00:00+00:00, run_after=2026-10-09 12:00:00+00:00
[2026-10-09T09:53:31.169+0000] {processor.py:183} INFO - Processing /opt/airflow/dags/fx_rates_dag.py took 0.087 seconds
[2026-10-09T09:54:01.311+0000] {processor.py:161} INFO - Started process (PID=262) to work on /opt/airflow/dags/fx_rates_dag.py
[2026-10-09T09:54:01.311+0000] {processor.py:830} INFO - Processing file /opt/airflow/dags/fx_rates_dag.py for tasks to queue
[2026-10-09T09:54:01.312+0000] {logging_mixin.py:188} INFO - [2026-10-09T09:54:01.312+0000] {dagbag.py:538} INFO - Filling up the DagBag from /opt/airflow/dags/fx_rates_dag.py
[2026-10-09T09:54:01.328+0000] {processor.py:840} INFO - DAG(s) 'fx_rates_dag' retrieved from /opt/airflow/dags/fx_rates_dag.py
[2026-10-09T09:54:01.344+0000] {logging_mixin.py:188} INFO - [2026-10-09T09:54:01.344+0000] {dag.py:3036} INFO - Sync 1 DAGs
[2026-10-09T09:54:01.358+0000] {logging_mixin.py:188} INFO - [2026-10-09T09:54:01.358+0000] {dag.py:3823} INFO - Setting next_dagrun for fx_rates_dag to 2026-10-08 12:00:00+00:00, run_after=2026-10-09 12:00:00+00:00
[2026-10-09T09:54:01.396+0000] {processor.py:183} INFO - Processing /opt/airflow/dags/fx_rates_dag.py took 0.087 seconds
[2026-10-09T09:54:31.537+0000] {processor.py:161} INFO - Started process (PID=263) to work on /opt/airflow/dags/fx_rates_dag.py
[2026-10-09T09:54:31.538+0000] {processor.py:830} INFO - Processing file /opt/airflow/dags/fx_rates_dag.py for tasks to queue
[2026-10-09T09:54:31.539+0000] {logging_mixin.py:188} INFO - [2026-10-09T09:54:31.539+0000] {dagbag.py:538} INFO - Filling up the DagBag from /opt/airflow/dags/fx_rates_dag.py
[2026-10-09T09:54:31.554+0000] {processor.py:840} INFO - DAG(s) 'fx_rates_dag' retrieved from /opt/airflow/dags/fx_rates_dag.py
[2026-10-09T09:54:31.570+0000] {logging_mixin.py:188} INFO - [2026-10-09T09:54:31.570+0000] {dag.py:3036} INFO - Sync 1 DAGs
[2026-10-09T09:54:31.584+0000] {logging_mixin.py:188} INFO - [2026-10-09T09:54:31.584+0000] {dag.py:3823} INFO - Setting next_dagrun for fx_rates_dag to 2026-10-08 12:00:00+00:00, run_after=2026-10-09 12:00:00+00:00
[2026-10-09T09:54:31.628+0000] {processor.py:183} INFO - Processing /opt/airflow/dags/fx_rates_dag.py took 0.092 seconds
[2026-10-09T09:55:01.863+0000] {processor.py:161} INFO - Started process (PID=264) to work on /opt/airflow/dags/fx_rates_dag.py
[2026-10-09T09:55:01.864+0000] {processor.py:830} INFO - Processing file /opt/airflow/dags/fx_rates_dag.py for tasks to queue
[2026-10-09T09:55:01.865+0000] {logging_mixin.py:188} INFO - [2026-10-09T09:55:01.865+0000] {dagbag.py:538} INFO - Filling up the DagBag from /opt/airflow/dags/fx_rates_dag.py
[2026-10-09T09:55:01.880+0000] {processor.py:840} INFO - DAG(s) 'fx_rates_dag' retrieved from /opt/airflow/dags/fx_rates_dag.py
[2026-10-09T09:55:01.896+0000] {logging_mixin.py:188} INFO - [2026-10-09T09:55:01.896+0000] {dag.py:3036} INFO - Sync 1 DAGs
[2026-10-09T09:55:01.910+0000] {logging_mixin.py:188} INFO - [2026-10-09T09:55:01.910+0000] {dag.py:3823} INFO - Setting next_dagrun for fx_rates_dag to 2026-10-08 12:00:00+00:00, run_after=2026-10-09 12:00:00+00:00
[2026-10-09T09:55:01.948+0000] {processor.py:183} INFO - Processing /opt/airflow/dags/fx_rates_dag.py took 0.086 seconds
[2026-10-09T09:55:32.093+0000] {processor.py:161} INFO - Started process (PID=265) to work on /opt/airflow/dags/fx_rates_dag.py
[2026-10-09T09:55:32.093+0000] {processor.py:830} INFO - Processing file /opt/airflow/dags/fx_rates_dag.py for tasks to queue
[2026-10-09T09:55:32.094+0000] {logging_mixin.py:188} INFO - [2026-10-09T09:55:32.094+0000] {dagbag.py:538} INFO - Filling up the DagBag from /opt/airflow/dags/fx_rates_dag.py
[2026-10-09T09:55:32.110+0000] {processor.py:840} INFO - DAG(s) 'fx_rates_dag' retrieved from /opt/airflow/dags/fx_rates_dag.py
[2026-10-09T09:55:32.126+0000] {logging_mixin.py:188} INFO - [2026-10-09T09:55:32.126+0000] {dag.py:3036} INFO - Sync 1 DAGs
[2026-10-09T09:55:32.140+0000] {logging_mixin.py:188} INFO - [2026-10-09T09:55:32.140+0000] {dag.py:3823} INFO - Setting next_dagrun for fx_rates_dag to 2026-10-08 12:00:00+00:00, run_after=2026-10-09 12:00:00+00:00
[2026-10-09T09:55:32.178+0000] {processor.py:183} INFO - Processing /opt/airflow/dags/fx_rates_dag.py took 0.087 seconds
[2026-10-09T09:56:02.320+0000] {processor.py:161} INFO - Started process (PID=266) to work on /opt/airflow/dags/fx_rates_dag.py
[2026-10-09T09:56:02.321+0000] {processor.py:830} INFO - Processing file /opt/airflow/dags/fx_rates_dag.py for tasks to queue
[2026-10-09T09:56:02.321+0000] {logging_mixin.py:188} INFO - [2026-10-09T09:56:02.321+0000] {dagbag.py:538} INFO - Filling up the DagBag from /opt/airflow/dags/fx_rates_dag.py
[2026-10-09T09:56:02.338+0000] {processor.py:840} INFO - DAG(s) 'fx_rates_dag' retrieved from /opt/airflow/dags/fx_rates_dag.py
[2026-10-09T09:56:02.355+0000] {logging_mixin.py:188} INFO - [2026-10-09T09:56:02.355+0000] {dag.py:3036} INFO - Sync 1 DAGs
[2026-10-09T09:56:02.370+0000] {logging_mixin.py:188} INFO - [2026-10-09T09:56:02.370+0000] {dag.py:3823} INFO - Setting next_dagrun for fx_rates_dag to 2026-10-08 12:00:00+00:00, run_after=2026-10-09 12:00:00+00:00
[2026-10-09T09:56:02.408+0000] {processor.py:183} INFO - Processing /opt/airflow/dags/fx_rates_dag.py took 0.090 seconds
[2026-10-09T09:56:32.551+0000] {processor.py:161} INFO - Started process (PID=267) to work on /opt/airflow/dags/fx_rates_dag.py
[2026-10-09T09:56:32.552+0000] {processor.py:830} INFO - Processing file /opt/airflow/dags/fx_rates_dag.py for tasks to queue
[2026-10-09T09:56:32.553+0000] {logging_mixin.py:188} INFO - [2026-10-09T09:56:32.553+0000] {dagbag.py:538} INFO - Filling up the DagBag from /opt/airflow/dags/fx_rates_dag.py
[2026-10-09T09:56:32.570+0000] {processor.py:840} INFO - DAG(s) 'fx_rates_dag' retrieved from /opt/airflow/dags/fx_rates_dag.py
[2026-10-09T09:56:32.588+0000] {logging_mixin.py:188} INFO - [2026-10-09T09:56:32.588+0000] {dag.py:3036} INFO - Sync 1 DAGs
[2026-10-09T09:56:32.602+0000] {logging_mixin.py:188} INFO - [2026-10-09T09:56:32.602+0000] {dag.py:3823} INFO - Setting next_dagrun for fx_rates_dag to 2026-10-08 12:00:00+00:00, run_after=2026-10-09 12:00:00+00:00
[2026-10-09T09:56:32.640+0000] {processor.py:183} INFO - Processing /opt/airflow/dags/fx_rates_dag.py took 0.091 seconds
[2026-10-09T09:57:02.875+0000] {processor.py:161} INFO - Started process (PID=268) to work on /opt/airflow/dags/fx_rates_dag.py
[2026-10-09T09:57:02.876+0000] {processor.py:830} INFO - Processing file /opt/airflow/dags/fx_rates_dag.py for tasks to queue
[2026-10-09T09:57:02.877+0000] {logging_mixin.py:188} INFO - [2026-10-09T09:57:02.877+0000] {dagbag.py:538} INFO - Filling up the DagBag from /opt/airflow/dags/fx_rates_dag.py
[2026-10-09T09:57:02.897+0000] {processor.py:840} INFO - DAG(s) 'fx_rates_dag' retrieved from /opt/airflow/dags/fx_rates_dag.py
[2026-10-09T09:57:02.917+0000] {logging_mixin.py:188} INFO - [2026-10-09T09:57:02.917+0000] {dag.py:3036} INFO - Sync 1 DAGs
[2026-10-09T09:57:02.933+0000] {logging_mixin.py:188} INFO - [2026-10-09T09:57:02.933+0000] {dag.py:3823} INFO - Setting next_dagrun for fx_rates_dag to 2026-10-08 12:00:00+00:00, run_after=2026-10-09 12:00:00+00:00
[2026-10-09T09:57:02.973+0000] {processor.py:183} INFO - Processing /opt/airflow/dags/fx_rates_dag.py took 0.101 seconds
[2026-10-09T09:57:33.199+0000] {processor.py:161} INFO - Started process (PID=269) to work on /opt/airflow/dags/fx_rates_dag.py
[2026-10-09T09:57:33.200+0000] {processor.py:830} INFO - Processing file /opt/airflow/dags/fx_rates_dag.py for tasks to queue
[2026-10-09T09:57:33.201+0000] {logging_mixin.py:188} INFO - [2026-10-09T09:57:33.201+0000] {dagbag.py:538} INFO - Filling up the DagBag from /opt/airflow/dags/fx_rates_dag.py
[2026-10-09T09:57:33.216+0000] {processor.py:840} INFO - DAG(s) 'fx_rates_dag' retrieved from /opt/airflow/dags/fx_rates_dag.py
[2026-10-09T09:57:33.234+0000] {logging_mixin.py:188} INFO - [2026-10-09T09:57:33.234+0000] {dag.py:3036} INFO - Sync 1 DAGs
[2026-10-09T09:57:33.248+0000] {logging_mixin.py:188} INFO - [2026-10-09T09:57:33.248+0000] {dag.py:3823} INFO - Setting next_dagrun for fx_rates_dag to 2026-10-08 12:00:00+00:00, run_after=2026-10-09 12:00:00+00:00
[2026-10-09T09:57:33.286+0000] {processor.py:183} INFO - Processing /opt/airflow/dags/fx_rates_dag.py took 0.090 seconds
[2026-10-09T09:58:03.460+0000] {processor.py:161} INFO - Started process (PID=270) to work on /opt/airflow/dags/fx_rates_dag.py
[2026-10-09T09:58:03.465+0000] {processor.py:830} INFO - Processing file /opt/airflow/dags/fx_rates_dag.py for tasks to queue
[2026-10-09T09:58:03.468+0000] {logging_mixin.py:188} INFO - [2026-10-09T09:58:03.467+0000] {dagbag.py:538} INFO - Filling up the DagBag from /opt/airflow/dags/fx_rates_dag.py
[2026-10-09T09:58:03.519+0000] {processor.py:840} INFO - DAG(s) 'fx_rates_dag' retrieved from /opt/airflow/dags/fx_rates_dag.py
[2026-10-09T09:58:03.585+0000] {logging_mixin.py:188} INFO - [2026-10-09T09:58:03.585+0000] {dag.py:3036} INFO - Sync 1 DAGs
[2026-10-09T09:58:03.624+0000] {logging_mixin.py:188} INFO - [2026-10-09T09:58:03.624+0000] {dag.py:3823} INFO - Setting next_dagrun for fx_rates_dag to 2026-10-08 12:00:00+00:00, run_after=2026-10-09 12:00:00+00:00
[2026-10-09T09:58:03.672+0000] {processor.py:183} INFO - Processing /opt/airflow/dags/fx_rates_dag.py took 0.228 seconds
[2026-10-09T09:58:33.768+0000] {processor.py:161} INFO - Started process (PID=271) to work on /opt/airflow/dags/fx_rates_dag.py
[2026-10-09T09:58:33.769+0000] {processor.py:830} INFO - Processing file /opt/airflow/dags/fx_rates_dag.py for tasks to queue
[2026-10-09T09:58:33.770+0000] {logging_mixin.py:188} INFO - [2026-10-09T09:58:33.770+0000] {dagbag.py:538} INFO - Filling up the DagBag from /opt/airflow/dags/fx_rates_dag.py
[2026-10-09T09:58:33.785+0000] {processor.py:840} INFO - DAG(s) 'fx_rates_dag' retrieved from /opt/airflow/dags/fx_rates_dag.py
[2026-10-09T09:58:33.800+0000] {logging_mixin.py:188} INFO - [2026-10-09T09:58:33.800+0000] {dag.py:3036} INFO - Sync 1 DAGs
[2026-10-09T09:58:33.814+0000] {logging_mixin.py:188} INFO - [2026-10-09T09:58:33.814+0000] {dag.py:3823} INFO - Setting next_dagrun for fx_rates_dag to 2026-10-08 12:00:00+00:00, run_after=2026-10-09 12:00:00+00:00
[2026-10-09T09:58:33.852+0000] {processor.py:183} INFO - Processing /opt/airflow/dags/fx_rates_dag.py took 0.085 seconds
[2026-10-09T09:59:03.997+0000] {processor.py:161} INFO - Started process (PID=272) to work on /opt/airflow/dags/fx_rates_dag.py
[2026-10-09T09:59:03.998+0000] {processor.py:830} INFO - Processing file /opt/airflow/dags/fx_rates_dag.py for tasks to queue
[2026-10-09T09:59:03.999+0000] {logging_mixin.py:188} INFO - [2026-10-09T09:59:03.998+0000] {dagbag.py:538} INFO - Filling up the DagBag from /opt/airflow/dags/fx_rates_dag.py
[2026-10-09T09:59:04.020+0000] {processor.py:840} INFO - DAG(s) 'fx_rates_dag' retrieved from /opt/airflow/dags/fx_rates_dag.py
[2026-10-09T09:59:04.044+0000] {logging_mixin.py:188} INFO - [2026-10-09T09:59:04.044+0000] {dag.py:3036} INFO - Sync 1 DAGs
[2026-10-09T09:59:04.060+0000] {logging_mixin.py:188} INFO - [2026-10-09T09:59:04.060+0000] {dag.py:3823} INFO - Setting next_dagrun for fx_rates_dag to 2026-10-08 12:00:00+00:00, run_after=2026-10-09 12:00:00+00:00
[2026-10-09T09:59:04.097+0000] {processor.py:183} INFO - Processing /opt/airflow/dags/fx_rates_dag.py took 0.102 seconds
[2026-10-09T09:59:34.325+0000] {processor.py:161} INFO - Started process (PID=273) to work on /opt/airflow/dags/fx_rates_dag.py
[2026-10-09T09:59:34.326+0000] {processor.py:830} INFO - Processing file /opt/airflow/dags/fx_rates_dag.py for tasks to queue
[2026-10-09T09:59:34.327+0000] {logging_mixin.py:188} INFO - [2026-10-09T09:59:34.327+0000] {dagbag.py:538} INFO - Filling up the DagBag from /opt/airflow/dags/fx_rates_dag.py
[2026-10-09T09:59:34.342+0000] {processor.py:840} INFO - DAG(s) 'fx_rates_dag' retrieved from /opt/airflow/dags/fx_rates_dag.py
[2026-10-09T09:59:34.358+0000] {logging_mixin.py:188} INFO - [2026-10-09T09:59:34.358+0000] {dag.py:3036} INFO - Sync 1 DAGs
[2026-10-09T09:59:34.376+0000] {logging_mixin.py:188} INFO - [2026-10-09T09:59:34.375+0000] {dag.py:3823} INFO - Setting next_dagrun for fx_rates_dag to 2026-10-08 12:00:00+00:00, run_after=2026-10-09 12:00:00+00:00
[2026-10-09T09:59:34.412+0000] {processor.py:183} INFO - Processing /opt/airflow/dags/fx_rates_dag.py took 0.089 seconds
[2026-10-09T10:00:04.558+0000] {processor.py:161} INFO - Started process (PID=274) to work on /opt/airflow/dags/fx_rates_dag.py
[2026-10-09T10:00:04.559+0000] {processor.py:830} INFO - Processing file /opt/airflow/dags/fx_rates_dag.py for tasks to queue
[2026-10-09T10:00:04.559+0000] {logging_mixin.py:188} INFO - [2026-10-09T10:00:04.559+0000] {dagbag.py:538} INFO - Filling up the DagBag from /opt/airflow/dags/fx_rates_dag.py
[2026-10-09T10:00:04.585+0000] {processor.py:840} INFO - DAG(s) 'fx_rates_dag' retrieved from /opt/airflow/dags/fx_rates_dag.py
[2026-10-09T10:00:04.601+0000] {logging_mixin.py:188} INFO - [2026-10-09T10:00:04.601+0000] {dag.py:3036} INFO - Sync 1 DAGs
[2026-10-09T10:00:04.615+0000] {logging_mixin.py:188} INFO - [2026-10-09T10:00:04.615+0000] {dag.py:3823} INFO - Setting next_dagrun for fx_rates_dag to 2026-10-08 12:00:00+00:00, run_after=2026-10-09 12:00:00+00:00
[2026-10-09T10:00:04.653+0000] {processor.py:183} INFO - Processing /opt/airflow/dags/fx_rates_dag.py took 0.097 seconds
[2026-10-09T10:00:34.883+0000] {processor.py:161} INFO - Started process (PID=275) to work on /opt/airflow/dags/fx_rates_dag.py
[2026-10-09T10:00:34.884+0000] {processor.py:830} INFO - Processing file /opt/airflow/dags/fx_rates_dag.py for tasks to queue
[2026-10-09T10:00:34.885+0000] {logging_mixin.py:188} INFO - [2026-10-09T10:00:34.885+0000] {dagbag.py:538} INFO - Filling up the DagBag from /opt/airflow/dags/fx_rates_dag.py
[2026-10-09T10:00:34.902+0000] {processor.py:840} INFO - DAG(s) 'fx_rates_dag' retrieved from /opt/airflow/dags/fx_rates_dag.py
[2026-10-09T10:00:34.920+0000] {logging_mixin.py:188} INFO - [2026-10-09T10:00:34.920+0000] {dag.py:3036} INFO - Sync 1 DAGs
[2026-10-09T10:00:34.935+0000] {logging_mixin.py:188} INFO - [2026-10-09T10:00:34.935+0000] {dag.py:3823} INFO - Setting next_dagrun for fx_rates_dag to 2026-10-08 12:00:00+00:00, run_after=2026-10-09 12:00:00+00:00
[2026-10-09T10:00:34.973+0000] {processor.py:183} INFO - Processing /opt/airflow/dags/fx_rates_dag.py took 0.093 seconds
[2026-10-09T10:01:05.289+0000] {processor.py:161} INFO - Started process (PID=276) to work on /opt/airflow/dags/fx_rates_dag.py
[2026-10-09T10:01:05.290+0000] {processor.py:830} INFO - Processing file /opt/airflow/dags/fx_rates_dag.py for tasks to queue
[2026-10-09T10:01:05.291+0000] {logging_mixin.py:188} INFO - [2026-10-09T10:01:05.291+0000] {dagbag.py:538} INFO - Filling up the DagBag from /opt/airflow/dags/fx_rates_dag.py
[2026-10-09T10:01:05.306+0000] {processor.py:840} INFO - DAG(s) 'fx_rates_dag' retrieved from /opt/airflow/dags/fx_rates_dag.py
[2026-10-09T10:01:05.322+0000] {logging_mixin.py:188} INFO - [2026-10-09T10:01:05.322+0000] {dag.py:3036} INFO - Sync 1 DAGs
[2026-10-09T10:01:05.336+0000] {logging_mixin.py:188} INFO - [2026-10-09T10:01:05.336+0000] {dag.py:3823} INFO - Setting next_dagrun for fx_rates_dag to 2026-10-08 12:00:00+00:00, run_after=2026-10-09 12:00:00+00:00
[2026-10-09T10:01:05.372+0000] {processor.py:183} INFO - Processing /opt/airflow/dags/fx_rates_dag.py took 0.085 seconds
[2026-10-09T10:01:35.468+0000] {processor.py:161} INFO - Started process (PID=277) to work on /opt/airflow/dags/fx_rates_dag.py
[2026-10-09T10:01:35.469+0000] {processor.py:830} INFO - Processing file /opt/airflow/dags/fx_rates_dag.py for tasks to queue
[2026-10-09T10:01:35.470+0000] {logging_mixin.py:188} INFO - [2026-10-09T10:01:35.470+0000] {dagbag.py:538} INFO - Filling up the DagBag from /opt/airflow/dags/fx_rates_dag.py
[2026-10-09T10:01:35.487+0000] {processor.py:840} INFO - DAG(s) 'fx_rates_dag' retrieved from /opt/airflow/dags/fx_rates_dag.py
[2026-10-09T10:01:35.506+0000] {logging_mixin.py:188} INFO - [2026-10-09T10:01:35.506+0000] {dag.py:3036} INFO - Sync 1 DAGs
[2026-10-09T10:01:35.521+0000] {logging_mixin.py:188} INFO - [2026-10-09T10:01:35.521+0000] {dag.py:3823} INFO - Setting next_dagrun for fx_rates_dag to 2026-10-08 12:00:00+00:00, run_after=2026-10-09 12:00:00+00:00
[2026-10-09T10:01:35.559+0000] {processor.py:183} INFO - Processing /opt/airflow/dags/fx_rates_dag.py took 0.093 seconds
[2026-10-09T10:02:05.818+0000] {processor.py:161} INFO - Started process (PID=278) to work on /opt/airflow/dags/fx_rates_dag.py
[2026-10-09T10:02:05.819+0000] {processor.py:830} INFO - Processing file /opt/airflow/dags/fx_rates_dag.py for tasks to queue
[2026-10-09T10:02:05.820+0000] {logging_mixin.py:188} INFO - [2026-10-09T10:02:05.820+0000] {dagbag.py:538} INFO - Filling up the DagBag from /opt/airflow/dags/fx_rates_dag.py
[2026-10-09T10:02:05.835+0000] {processor.py:840} INFO - DAG(s) 'fx_rates_dag' retrieved from /opt/airflow/dags/fx_rates_dag.py
[2026-10-09T10:02:05.851+0000] {logging_mixin.py:188} INFO - [2026-10-09T10:02:05.851+0000] {dag.py:3036} INFO - Sync 1 DAGs
[2026-10-09T10:02:05.866+0000] {logging_mixin.py:188} INFO - [2026-10-09T10:02:05.866+0000] {dag.py:3823} INFO - Setting next_dagrun for fx_rates_dag to 2026-10-08 12:00:00+00:00, run_after=2026-10-09 12:00:00+00:00
[2026-10-09T10:02:05.903+0000] {processor.py:183} INFO - Processing /opt/airflow/dags/fx_rates_dag.py took 0.087 seconds
[2026-10-09T10:02:36.043+0000] {processor.py:161} INFO - Started process (PID=279) to work on /opt/airflow/dags/fx_rates_dag.py
[2026-10-09T10:02:36.044+0000] {processor.py:830} INFO - Processing file /opt/airflow/dags/fx_rates_dag.py for tasks to queue
[2026-10-09T10:02:36.045+0000] {logging_mixin.py:188} INFO - [2026-10-09T10:02:36.045+0000] {dagbag.py:538} INFO - Filling up the DagBag from /opt/airflow/dags/fx_rates_dag.py
[2026-10-09T10:02:36.060+0000] {processor.py:840} INFO - DAG(s) 'fx_rates_dag' retrieved from /opt/airflow/dags/fx_rates_dag.py
[2026-10-09T10:02:36.076+0000] {logging_mixin.py:188} INFO - [2026-10-09T10:02:36.076+0000] {dag.py:3036} INFO - Sync 1 DAGs
[2026-10-09T10:02:36.089+0000] {logging_mixin.py:188} INFO - [2026-10-09T10:02:36.089+0000] {dag.py:3823} INFO - Setting next_dagrun for fx_rates_dag to 2026-10-08 12:00:00+00:00, run_after=2026-10-09 12:00:00+00:00
[2026-10-09T10:02:36.126+0000] {processor.py:183} INFO - Processing /opt/airflow/dags/fx_rates_dag.py took 0.085 seconds
[2026-10-09T10:03:06.219+0000] {processor.py:161} INFO - Started process (PID=280) to work on /opt/airflow/dags/fx_rates_dag.py
[2026-10-09T10:03:06.220+0000] {processor.py:830} INFO - Processing file /opt/airflow/dags/fx_rates_dag.py for tasks to queue
[2026-10-09T10:03:06.221+0000] {logging_mixin.py:188} INFO - [2026-10-09T10:03:06.220+0000] {dagbag.py:538} INFO - Filling up the DagBag from /opt/airflow/dags/fx_rates_dag.py
[2026-10-09T10:03:06.237+0000] {processor.py:840} INFO - DAG(s) 'fx_rates_dag' retrieved from /opt/airflow/dags/fx_rates_dag.py
[2026-10-09T10:03:06.255+0000] {logging_mixin.py:188} INFO - [2026-10-09T10:03:06.255+0000] {dag.py:3036} INFO - Sync 1 DAGs
[2026-10-09T10:03:06.270+0000] {logging_mixin.py:188} INFO - [2026-10-09T10:03:06.270+0000] {dag.py:3823} INFO - Setting next_dagrun for fx_rates_dag to 2026-10-08 12:00:00+00:00, run_after=2026-10-09 12:00:00+00:00
[2026-10-09T10:03:06.309+0000] {processor.py:183} INFO - Processing /opt/airflow/dags/fx_rates_dag.py took 0.092 seconds
[2026-10-09T10:03:36.547+0000] {processor.py:161} INFO - Started process (PID=281) to work on /opt/airflow/dags/fx_rates_dag.py
[2026-10-09T10:03:36.548+0000] {processor.py:830} INFO - Processing file /opt/airflow/dags/fx_rates_dag.py for tasks to queue
[2026-10-09T10:03:36.548+0000] {logging_mixin.py:188} INFO - [2026-10-09T10:03:36.548+0000] {dagbag.py:538} INFO - Filling up the DagBag from /opt/airflow/dags/fx_rates_dag.py
[2026-10-09T10:03:36.564+0000] {processor.py:840} INFO - DAG(s) 'fx_rates_dag' retrieved from /opt/airflow/dags/fx_rates_dag.py
[2026-10-09T10:03:36.579+0000] {logging_mixin.py:188} INFO - [2026-10-09T10:03:36.579+0000] {dag.py:3036} INFO - Sync 1 DAGs
[2026-10-09T10:03:36.594+0000] {logging_mixin.py:188} INFO - [2026-10-09T10:03:36.594+0000] {dag.py:3823} INFO - Setting next_dagrun for fx_rates_dag to 2026-10-08 12:00:00+00:00, run_after=2026-10-09 12:00:00+00:00
[2026-10-09T10:03:36.631+0000] {processor.py:183} INFO - Processing /opt/airflow/dags/fx_rates_dag.py took 0.086 seconds
[2026-10-09T10:04:06.775+0000] {processor.py:161} INFO - Started process (PID=282) to work on /opt/airflow/dags/fx_rates_dag.py
[2026-10-09T10:04:06.775+0000] {processor.py:830} INFO - Processing file /opt/airflow/dags/fx_rates_dag.py for tasks to queue
[2026-10-09T10:04:06.776+0000] {logging_mixin.py:188} INFO - [2026-10-09T10:04:06.776+0000] {dagbag.py:538} INFO - Filling up the DagBag from /opt/airflow/dags/fx_rates_dag.py
[2026-10-09T10:04:06.792+0000] {processor.py:840} INFO - DAG(s) 'fx_rates_dag' retrieved from /opt/airflow/dags/fx_rates_dag.py
[2026-10-09T10:04:06.808+0000] {logging_mixin.py:188} INFO - [2026-10-09T10:04:06.807+0000] {dag.py:3036} INFO - Sync 1 DAGs
[2026-10-09T10:04:06.822+0000] {logging_mixin.py:188} INFO - [2026-10-09T10:04:06.822+0000] {dag.py:3823} INFO - Setting next_dagrun for fx_rates_dag to 2026-10-08 12:00:00+00:00, run_after=2026-10-09 12:00:00+00:00
[2026-10-09T10:04:06.866+0000] {processor.py:183} INFO - Processing /opt/airflow/dags/fx_rates_dag.py took 0.093 seconds
[2026-10-09T10:04:37.101+0000] {processor.py:161} INFO - Started process (PID=283) to work on /opt/airflow/dags/fx_rates_dag.py
[2026-10-09T10:04:37.102+0000] {processor.py:830} INFO - Processing file /opt/airflow/dags/fx_rates_dag.py for tasks to queue
[2026-10-09T10:04:37.103+0000] {logging_mixin.py:188} INFO - [2026-10-09T10:04:37.103+0000] {dagbag.py:538} INFO - Filling up the DagBag from /opt/airflow/dags/fx_rates_dag.py
[2026-10-09T10:04:37.118+0000] {processor.py:840} INFO - DAG(s) 'fx_rates_dag' retrieved from /opt/airflow/dags/fx_rates_dag.py
[2026-10-09T10:04:37.135+0000] {logging_mixin.py:188} INFO - [2026-10-09T10:04:37.134+0000] {dag.py:3036} INFO - Sync 1 DAGs
[2026-10-09T10:04:37.148+0000] {logging_mixin.py:188} INFO - [2026-10-09T10:04:37.148+0000] {dag.py:3823} INFO - Setting next_dagrun for fx_rates_dag to 2026-10-08 12:00:00+00:00, run_after=2026-10-09 12:00:00+00:00
[2026-10-09T10:04:37.186+0000] {processor.py:183} INFO - Processing /opt/airflow/dags/fx_rates_dag.py took 0.087 seconds
[2026-10-09T10:05:07.330+0000] {processor.py:161} INFO - Started process (PID=284) to work on /opt/airflow/dags/fx_rates_dag.py
[2026-10-09T10:05:07.331+0000] {processor.py:830} INFO - Processing file /opt/airflow/dags/fx_rates_dag.py for tasks to queue
[2026-10-09T10:05:07.331+0000] {logging_mixin.py:188} INFO - [2026-10-09T10:05:07.331+0000] {dagbag.py:538} INFO - Filling up the DagBag from /opt/airflow/dags/fx_rates_dag.py
[2026-10-09T10:05:07.347+0000] {processor.py:840} INFO - DAG(s) 'fx_rates_dag' retrieved from /opt/airflow/dags/fx_rates_dag.py
[2026-10-09T10:05:07.363+0000] {logging_mixin.py:188} INFO - [2026-10-09T10:05:07.363+0000] {dag.py:3036} INFO - Sync 1 DAGs
[2026-10-09T10:05:07.377+0000] {logging_mixin.py:188} INFO - [2026-10-09T10:05:07.377+0000] {dag.py:3823} INFO - Setting next_dagrun for fx_rates_dag to 2026-10-08 12:00:00+00:00, run_after=2026-10-09 12:00:00+00:00
[2026-10-09T10:05:07.414+0000] {processor.py:183} INFO - Processing /opt/airflow/dags/fx_rates_dag.py took 0.086 seconds
[2026-10-09T10:05:37.489+0000] {processor.py:161} INFO - Started process (PID=285) to work on /opt/airflow/dags/fx_rates_dag.py
[2026-10-09T10:05:37.490+0000] {processor.py:830} INFO - Processing file /opt/airflow/dags/fx_rates_dag.py for tasks to queue
[2026-10-09T10:05:37.491+0000] {logging_mixin.py:188} INFO - [2026-10-09T10:05:37.491+0000] {dagbag.py:538} INFO - Filling up the DagBag from /opt/airflow/dags/fx_rates_dag.py
[2026-10-09T10:05:37.507+0000] {processor.py:840} INFO - DAG(s) 'fx_rates_dag' retrieved from /opt/airflow/dags/fx_rates_dag.py
[2026-10-09T10:05:37.522+0000] {logging_mixin.py:188} INFO - [2026-10-09T10:05:37.522+0000] {dag.py:3036} INFO - Sync 1 DAGs
[2026-10-09T10:05:37.536+0000] {logging_mixin.py:188} INFO - [2026-10-09T10:05:37.536+0000] {dag.py:3823} INFO - Setting next_dagrun for fx_rates_dag to 2026-10-08 12:00:00+00:00, run_after=2026-10-09 12:00:00+00:00
[2026-10-09T10:05:37.574+0000] {processor.py:183} INFO - Processing /opt/airflow/dags/fx_rates_dag.py took 0.086 seconds
[2026-10-09T10:06:07.718+0000] {processor.py:161} INFO - Started process (PID=286) to work on /opt/airflow/dags/fx_rates_dag.py
[2026-10-09T10:06:07.719+0000] {processor.py:830} INFO - Processing file /opt/airflow/dags/fx_rates_dag.py for tasks to queue
[2026-10-09T10:06:07.719+0000] {logging_mixin.py:188} INFO - [2026-10-09T10:06:07.719+0000] {dagbag.py:538} INFO - Filling up the DagBag from /opt/airflow/dags/fx_rates_dag.py
[2026-10-09T10:06:07.735+0000] {processor.py:840} INFO - DAG(s) 'fx_rates_dag' retrieved from /opt/airflow/dags/fx_rates_dag.py
[2026-10-09T10:06:07.751+0000] {logging_mixin.py:188} INFO - [2026-10-09T10:06:07.751+0000] {dag.py:3036} INFO - Sync 1 DAGs
[2026-10-09T10:06:07.765+0000] {logging_mixin.py:188} INFO - [2026-10-09T10:06:07.765+0000] {dag.py:3823} INFO - Setting next_dagrun for fx_rates_dag to 2026-10-08 12:00:00+00:00, run_after=2026-10-09 12:00:00+00:00
[2026-10-09T10:06:07.803+0000] {processor.py:183} INFO - Processing /opt/airflow/dags/fx_rates_dag.py took 0.087 seconds
[2026-10-09T10:06:37.947+0000] {processor.py:161} INFO - Started process (PID=287) to work on /opt/airflow/dags/fx_rates_dag.py
[2026-10-09T10:06:37.948+0000] {processor.py:830} INFO - Processing file /opt/airflow/dags/fx_rates_dag.py for tasks to queue
[2026-10-09T10:06:37.948+0000] {logging_mixin.py:188} INFO - [2026-10-09T10:06:37.948+0000] {dagbag.py:538} INFO - Filling up the DagBag from /opt/airflow/dags/fx_rates_dag.py
[2026-10-09T10:06:37.964+0000] {processor.py:840} INFO - DAG(s) 'fx_rates_dag' retrieved from /opt/airflow/dags/fx_rates_dag.py
[2026-10-09T10:06:37.981+0000] {logging_mixin.py:188} INFO - [2026-10-09T10:06:37.981+0000] {dag.py:3036} INFO - Sync 1 DAGs
[2026-10-09T10:06:37.994+0000] {logging_mixin.py:188} INFO - [2026-10-09T10:06:37.994+0000] {dag.py:3823} INFO - Setting next_dagrun for fx_rates_dag to 2026-10-08 12:00:00+00:00, run_after=2026-10-09 12:00:00+00:00
[2026-10-09T10:06:38.031+0000] {processor.py:183} INFO - Processing /opt/airflow/dags/fx_rates_dag.py took 0.086 seconds
[2026-10-09T10:07:08.176+0000] {processor.py:161} INFO - Started process (PID=288) to work on /opt/airflow/dags/fx_rates_dag.py
[2026-10-09T10:07:08.177+0000] {processor.py:830} INFO - Processing file /opt/airflow/dags/fx_rates_dag.py for tasks to queue
[2026-10-09T10:07:08.178+0000] {logging_mixin.py:188} INFO - [2026-10-09T10:07:08.178+0000] {dagbag.py:538} INFO - Filling up the DagBag from /opt/airflow/dags/fx_rates_dag.py
[2026-10-09T10:07:08.196+0000] {processor.py:840} INFO - DAG(s) 'fx_rates_dag' retrieved from /opt/airflow/dags/fx_rates_dag.py
[2026-10-09T10:07:08.215+0000] {logging_mixin.py:188} INFO - [2026-10-09T10:07:08.215+0000] {dag.py:3036} INFO - Sync 1 DAGs
[2026-10-09T10:07:08.230+0000] {logging_mixin.py:188} INFO - [2026-10-09T10:07:08.230+0000] {dag.py:3823} INFO - Setting next_dagrun for fx_rates_dag to 2026-10-08 12:00:00+00:00, run_after=2026-10-09 12:00:00+00:00
[2026-10-09T10:07:08.272+0000] {processor.py:183} INFO - Processing /opt/airflow/dags/fx_rates_dag.py took 0.099 seconds
[2026-10-09T10:07:38.502+0000] {processor.py:161} INFO - Started process (PID=289) to work on /opt/airflow/dags/fx_rates_dag.py
[2026-10-09T10:07:38.503+0000] {processor.py:830} INFO - Processing file /opt/airflow/dags/fx_rates_dag.py for tasks to queue
[2026-10-09T10:07:38.504+0000] {logging_mixin.py:188} INFO - [2026-10-09T10:07:38.504+0000] {dagbag.py:538} INFO - Filling up the DagBag from /opt/airflow/dags/fx_rates_dag.py
[2026-10-09T10:07:38.519+0000] {processor.py:840} INFO - DAG(s) 'fx_rates_dag' retrieved from /opt/airflow/dags/fx_rates_dag.py
[2026-10-09T10:07:38.536+0000] {logging_mixin.py:188} INFO - [2026-10-09T10:07:38.536+0000] {dag.py:3036} INFO - Sync 1 DAGs
[2026-10-09T10:07:38.550+0000] {logging_mixin.py:188} INFO - [2026-10-09T10:07:38.550+0000] {dag.py:3823} INFO - Setting next_dagrun for fx_rates_dag to 2026-10-08 12:00:00+00:00, run_after=2026-10-09 12:00:00+00:00
[2026-10-09T10:07:38.610+0000] {processor.py:183} INFO - Processing /opt/airflow/dags/fx_rates_dag.py took 0.110 seconds
[2026-10-09T10:08:08.828+0000] {processor.py:161} INFO - Started process (PID=290) to work on /opt/airflow/dags/fx_rates_dag.py
[2026-10-09T10:08:08.829+0000] {processor.py:830} INFO - Processing file /opt/airflow/dags/fx_rates_dag.py for tasks to queue
[2026-10-09T10:08:08.831+0000] {logging_mixin.py:188} INFO - [2026-10-09T10:08:08.830+0000] {dagbag.py:538} INFO - Filling up the DagBag from /opt/airflow/dags/fx_rates_dag.py
[2026-10-09T10:08:08.847+0000] {processor.py:840} INFO - DAG(s) 'fx_rates_dag' retrieved from /opt/airflow/dags/fx_rates_dag.py
[2026-10-09T10:08:08.866+0000] {logging_mixin.py:188} INFO - [2026-10-09T10:08:08.866+0000] {dag.py:3036} INFO - Sync 1 DAGs
[2026-10-09T10:08:08.881+0000] {logging_mixin.py:188} INFO - [2026-10-09T10:08:08.881+0000] {dag.py:3823} INFO - Setting next_dagrun for fx_rates_dag to 2026-10-08 12:00:00+00:00, run_after=2026-10-09 12:00:00+00:00
[2026-10-09T10:08:08.920+0000] {processor.py:183} INFO - Processing /opt/airflow/dags/fx_rates_dag.py took 0.094 seconds
[2026-10-09T10:08:39.081+0000] {processor.py:161} INFO - Started process (PID=291) to work on /opt/airflow/dags/fx_rates_dag.py
[2026-10-09T10:08:39.082+0000] {processor.py:830} INFO - Processing file /opt/airflow/dags/fx_rates_dag.py for tasks to queue
[2026-10-09T10:08:39.083+0000] {logging_mixin.py:188} INFO - [2026-10-09T10:08:39.083+0000] {dagbag.py:538} INFO - Filling up the DagBag from /opt/airflow/dags/fx_rates_dag.py
[2026-10-09T10:08:39.099+0000] {processor.py:840} INFO - DAG(s) 'fx_rates_dag' retrieved from /opt/airflow/dags/fx_rates_dag.py
[2026-10-09T10:08:39.114+0000] {logging_mixin.py:188} INFO - [2026-10-09T10:08:39.114+0000] {dag.py:3036} INFO - Sync 1 DAGs
[2026-10-09T10:08:39.128+0000] {logging_mixin.py:188} INFO - [2026-10-09T10:08:39.128+0000] {dag.py:3823} INFO - Setting next_dagrun for fx_rates_dag to 2026-10-08 12:00:00+00:00, run_after=2026-10-09 12:00:00+00:00
[2026-10-09T10:08:39.165+0000] {processor.py:183} INFO - Processing /opt/airflow/dags/fx_rates_dag.py took 0.086 seconds
[2026-10-09T10:09:09.307+0000] {processor.py:161} INFO - Started process (PID=292) to work on /opt/airflow/dags/fx_rates_dag.py
[2026-10-09T10:09:09.308+0000] {processor.py:830} INFO - Processing file /opt/airflow/dags/fx_rates_dag.py for tasks to queue
[2026-10-09T10:09:09.309+0000] {logging_mixin.py:188} INFO - [2026-10-09T10:09:09.309+0000] {dagbag.py:538} INFO - Filling up the DagBag from /opt/airflow/dags/fx_rates_dag.py
[2026-10-09T10:09:09.324+0000] {processor.py:840} INFO - DAG(s) 'fx_rates_dag' retrieved from /opt/airflow/dags/fx_rates_dag.py
[2026-10-09T10:09:09.340+0000] {logging_mixin.py:188} INFO - [2026-10-09T10:09:09.340+0000] {dag.py:3036} INFO - Sync 1 DAGs
[2026-10-09T10:09:09.354+0000] {logging_mixin.py:188} INFO - [2026-10-09T10:09:09.354+0000] {dag.py:3823} INFO - Setting next_dagrun for fx_rates_dag to 2026-10-08 12:00:00+00:00, run_after=2026-10-09 12:00:00+00:00
[2026-10-09T10:09:09.392+0000] {processor.py:183} INFO - Processing /opt/airflow/dags/fx_rates_dag.py took 0.086 seconds
[2026-10-09T10:09:39.537+0000] {processor.py:161} INFO - Started process (PID=293) to work on /opt/airflow/dags/fx_rates_dag.py
[2026-10-09T10:09:39.538+0000] {processor.py:830} INFO - Processing file /opt/airflow/dags/fx_rates_dag.py for tasks to queue
[2026-10-09T10:09:39.539+0000] {logging_mixin.py:188} INFO - [2026-10-09T10:09:39.538+0000] {dagbag.py:538} INFO - Filling up the DagBag from /opt/airflow/dags/fx_rates_dag.py
[2026-10-09T10:09:39.555+0000] {processor.py:840} INFO - DAG(s) 'fx_rates_dag' retrieved from /opt/airflow/dags/fx_rates_dag.py
[2026-10-09T10:09:39.570+0000] {logging_mixin.py:188} INFO - [2026-10-09T10:09:39.570+0000] {dag.py:3036} INFO - Sync 1 DAGs
[2026-10-09T10:09:39.584+0000] {logging_mixin.py:188} INFO - [2026-10-09T10:09:39.584+0000] {dag.py:3823} INFO - Setting next_dagrun for fx_rates_dag to 2026-10-08 12:00:00+00:00, run_after=2026-10-09 12:00:00+00:00
[2026-10-09T10:09:39.621+0000] {processor.py:183} INFO - Processing /opt/airflow/dags/fx_rates_dag.py took 0.086 seconds
[2026-10-09T10:10:09.763+0000] {processor.py:161} INFO - Started process (PID=294) to work on /opt/airflow/dags/fx_rates_dag.py
[2026-10-09T10:10:09.764+0000] {processor.py:830} INFO - Processing file /opt/airflow/dags/fx_rates_dag.py for tasks to queue
[2026-10-09T10:10:09.765+0000] {logging_mixin.py:188} INFO - [2026-10-09T10:10:09.764+0000] {dagbag.py:538} INFO - Filling up the DagBag from /opt/airflow/dags/fx_rates_dag.py
[2026-10-09T10:10:09.780+0000] {processor.py:840} INFO - DAG(s) 'fx_rates_dag' retrieved from /opt/airflow/dags/fx_rates_dag.py
[2026-10-09T10:10:09.796+0000] {logging_mixin.py:188} INFO - [2026-10-09T10:10:09.795+0000] {dag.py:3036} INFO - Sync 1 DAGs
[2026-10-09T10:10:09.809+0000] {logging_mixin.py:188} INFO - [2026-10-09T10:10:09.809+0000] {dag.py:3823} INFO - Setting next_dagrun for fx_rates_dag to 2026-10-08 12:00:00+00:00, run_after=2026-10-09 12:00:00+00:00
[2026-10-09T10:10:09.848+0000] {processor.py:183} INFO - Processing /opt/airflow/dags/fx_rates_dag.py took 0.086 seconds
[2026-10-09T10:10:39.991+0000] {processor.py:161} INFO - Started process (PID=295) to work on /opt/airflow/dags/fx_rates_dag.py
[2026-10-09T10:10:39.992+0000] {processor.py:830} INFO - Processing file /opt/airflow/dags/fx_rates_dag.py for tasks to queue
[2026-10-09T10:10:39.993+0000] {logging_mixin.py:188} INFO - [2026-10-09T10:10:39.992+0000] {dagbag.py:538} INFO - Filling up the DagBag from /opt/airflow/dags/fx_rates_dag.py
[2026-10-09T10:10:40.009+0000] {processor.py:840} INFO - DAG(s) 'fx_rates_dag' retrieved from /opt/airflow/dags/fx_rates_dag.py
[2026-10-09T10:10:40.024+0000] {logging_mixin.py:188} INFO - [2026-10-09T10:10:40.024+0000] {dag.py:3036} INFO - Sync 1 DAGs
[2026-10-09T10:10:40.039+0000] {logging_mixin.py:188} INFO - [2026-10-09T10:10:40.039+0000] {dag.py:3823} INFO - Setting next_dagrun for fx_rates_dag to 2026-10-08 12:00:00+00:00, run_after=2026-10-09 12:00:00+00:00
[2026-10-09T10:10:40.077+0000] {processor.py:183} INFO - Processing /opt/airflow/dags/fx_rates_dag.py took 0.088 seconds
[2026-10-09T10:11:10.218+0000] {processor.py:161} INFO - Started process (PID=296) to work on /opt/airflow/dags/fx_rates_dag.py
[2026-10-09T10:11:10.219+0000] {processor.py:830} INFO - Processing file /opt/airflow/dags/fx_rates_dag.py for tasks to queue
[2026-10-09T10:11:10.220+0000] {logging_mixin.py:188} INFO - [2026-10-09T10:11:10.220+0000] {dagbag.py:538} INFO - Filling up the DagBag from /opt/airflow/dags/fx_rates_dag.py
[2026-10-09T10:11:10.236+0000] {processor.py:840} INFO - DAG(s) 'fx_rates_dag' retrieved from /opt/airflow/dags/fx_rates_dag.py
[2026-10-09T10:11:10.251+0000] {logging_mixin.py:188} INFO - [2026-10-09T10:11:10.251+0000] {dag.py:3036} INFO - Sync 1 DAGs
[2026-10-09T10:11:10.274+0000] {logging_mixin.py:188} INFO - [2026-10-09T10:11:10.274+0000] {dag.py:3823} INFO - Setting next_dagrun for fx_rates_dag to 2026-10-08 12:00:00+00:00, run_after=2026-10-09 12:00:00+00:00
[2026-10-09T10:11:10.312+0000] {processor.py:183} INFO - Processing /opt/airflow/dags/fx_rates_dag.py took 0.095 seconds
[2026-10-09T10:11:40.545+0000] {processor.py:161} INFO - Started process (PID=297) to work on /opt/airflow/dags/fx_rates_dag.py
[2026-10-09T10:11:40.546+0000] {processor.py:830} INFO - Processing file /opt/airflow/dags/fx_rates_dag.py for tasks to queue
[2026-10-09T10:11:40.547+0000] {logging_mixin.py:188} INFO - [2026-10-09T10:11:40.547+0000] {dagbag.py:538} INFO - Filling up the DagBag from /opt/airflow/dags/fx_rates_dag.py
[2026-10-09T10:11:40.563+0000] {processor.py:840} INFO - DAG(s) 'fx_rates_dag' retrieved from /opt/airflow/dags/fx_rates_dag.py
[2026-10-09T10:11:40.580+0000] {logging_mixin.py:188} INFO - [2026-10-09T10:11:40.580+0000] {dag.py:3036} INFO - Sync 1 DAGs
[2026-10-09T10:11:40.597+0000] {logging_mixin.py:188} INFO - [2026-10-09T10:11:40.597+0000] {dag.py:3823} INFO - Setting next_dagrun for fx_rates_dag to 2026-10-08 12:00:00+00:00, run_after=2026-10-09 12:00:00+00:00
[2026-10-09T10:11:40.634+0000] {processor.py:183} INFO - Processing /opt/airflow/dags/fx_rates_dag.py took 0.091 seconds
[2026-10-09T10:12:10.778+0000] {processor.py:161} INFO - Started process (PID=298) to work on /opt/airflow/dags/fx_rates_dag.py
[2026-10-09T10:12:10.779+0000] {processor.py:830} INFO - Processing file /opt/airflow/dags/fx_rates_dag.py for tasks to queue
[2026-10-09T10:12:10.779+0000] {logging_mixin.py:188} INFO - [2026-10-09T10:12:10.779+0000] {dagbag.py:538} INFO - Filling up the DagBag from /opt/airflow/dags/fx_rates_dag.py
[2026-10-09T10:12:10.794+0000] {processor.py:840} INFO - DAG(s) 'fx_rates_dag' retrieved from /opt/airflow/dags/fx_rates_dag.py
[2026-10-09T10:12:10.809+0000] {logging_mixin.py:188} INFO - [2026-10-09T10:12:10.809+0000] {dag.py:3036} INFO - Sync 1 DAGs
[2026-10-09T10:12:10.823+0000] {logging_mixin.py:188} INFO - [2026-10-09T10:12:10.822+0000] {dag.py:3823} INFO - Setting next_dagrun for fx_rates_dag to 2026-10-08 12:00:00+00:00, run_after=2026-10-09 12:00:00+00:00
[2026-10-09T10:12:10.859+0000] {processor.py:183} INFO - Processing /opt/airflow/dags/fx_rates_dag.py took 0.083 seconds
[2026-10-09T10:12:41.003+0000] {processor.py:161} INFO - Started process (PID=299) to work on /opt/airflow/dags/fx_rates_dag.py
[2026-10-09T10:12:41.004+0000] {processor.py:830} INFO - Processing file /opt/airflow/dags/fx_rates_dag.py for tasks to queue
[2026-10-09T10:12:41.004+0000] {logging_mixin.py:188} INFO - [2026-10-09T10:12:41.004+0000] {dagbag.py:538} INFO - Filling up the DagBag from /opt/airflow/dags/fx_rates_dag.py
[2026-10-09T10:12:41.020+0000] {processor.py:840} INFO - DAG(s) 'fx_rates_dag' retrieved from /opt/airflow/dags/fx_rates_dag.py
[2026-10-09T10:12:41.035+0000] {logging_mixin.py:188} INFO - [2026-10-09T10:12:41.035+0000] {dag.py:3036} INFO - Sync 1 DAGs
[2026-10-09T10:12:41.049+0000] {logging_mixin.py:188} INFO - [2026-10-09T10:12:41.049+0000] {dag.py:3823} INFO - Setting next_dagrun for fx_rates_dag to 2026-10-08 12:00:00+00:00, run_after=2026-10-09 12:00:00+00:00
[2026-10-09T10:12:41.087+0000] {processor.py:183} INFO - Processing /opt/airflow/dags/fx_rates_dag.py took 0.086 seconds
[2026-10-09T10:13:11.231+0000] {processor.py:161} INFO - Started process (PID=300) to work on /opt/airflow/dags/fx_rates_dag.py
[2026-10-09T10:13:11.231+0000] {processor.py:830} INFO - Processing file /opt/airflow/dags/fx_rates_dag.py for tasks to queue
[2026-10-09T10:13:11.232+0000] {logging_mixin.py:188} INFO - [2026-10-09T10:13:11.232+0000] {dagbag.py:538} INFO - Filling up the DagBag from /opt/airflow/dags/fx_rates_dag.py
[2026-10-09T10:13:11.248+0000] {processor.py:840} INFO - DAG(s) 'fx_rates_dag' retrieved from /opt/airflow/dags/fx_rates_dag.py
[2026-10-09T10:13:11.263+0000] {logging_mixin.py:188} INFO - [2026-10-09T10:13:11.263+0000] {dag.py:3036} INFO - Sync 1 DAGs
[2026-10-09T10:13:11.277+0000] {logging_mixin.py:188} INFO - [2026-10-09T10:13:11.277+0000] {dag.py:3823} INFO - Setting next_dagrun for fx_rates_dag to 2026-10-08 12:00:00+00:00, run_after=2026-10-09 12:00:00+00:00
[2026-10-09T10:13:11.314+0000] {processor.py:183} INFO - Processing /opt/airflow/dags/fx_rates_dag.py took 0.085 seconds
[2026-10-09T10:13:41.428+0000] {processor.py:161} INFO - Started process (PID=301) to work on /opt/airflow/dags/fx_rates_dag.py
[2026-10-09T10:13:41.429+0000] {processor.py:830} INFO - Processing file /opt/airflow/dags/fx_rates_dag.py for tasks to queue
[2026-10-09T10:13:41.430+0000] {logging_mixin.py:188} INFO - [2026-10-09T10:13:41.430+0000] {dagbag.py:538} INFO - Filling up the DagBag from /opt/airflow/dags/fx_rates_dag.py
[2026-10-09T10:13:41.445+0000] {processor.py:840} INFO - DAG(s) 'fx_rates_dag' retrieved from /opt/airflow/dags/fx_rates_dag.py
[2026-10-09T10:13:41.462+0000] {logging_mixin.py:188} INFO - [2026-10-09T10:13:41.462+0000] {dag.py:3036} INFO - Sync 1 DAGs
[2026-10-09T10:13:41.477+0000] {logging_mixin.py:188} INFO - [2026-10-09T10:13:41.477+0000] {dag.py:3823} INFO - Setting next_dagrun for fx_rates_dag to 2026-10-08 12:00:00+00:00, run_after=2026-10-09 12:00:00+00:00
[2026-10-09T10:13:41.516+0000] {processor.py:183} INFO - Processing /opt/airflow/dags/fx_rates_dag.py took 0.089 seconds
[2026-10-09T10:14:11.682+0000] {processor.py:161} INFO - Started process (PID=302) to work on /opt/airflow/dags/fx_rates_dag.py
[2026-10-09T10:14:11.683+0000] {processor.py:830} INFO - Processing file /opt/airflow/dags/fx_rates_dag.py for tasks to queue
[2026-10-09T10:14:11.684+0000] {logging_mixin.py:188} INFO - [2026-10-09T10:14:11.684+0000] {dagbag.py:538} INFO - Filling up the DagBag from /opt/airflow/dags/fx_rates_dag.py
[2026-10-09T10:14:11.700+0000] {processor.py:840} INFO - DAG(s) 'fx_rates_dag' retrieved from /opt/airflow/dags/fx_rates_dag.py
[2026-10-09T10:14:11.716+0000] {logging_mixin.py:188} INFO - [2026-10-09T10:14:11.716+0000] {dag.py:3036} INFO - Sync 1 DAGs
[2026-10-09T10:14:11.730+0000] {logging_mixin.py:188} INFO - [2026-10-09T10:14:11.729+0000] {dag.py:3823} INFO - Setting next_dagrun for fx_rates_dag to 2026-10-08 12:00:00+00:00, run_after=2026-10-09 12:00:00+00:00
[2026-10-09T10:14:11.766+0000] {processor.py:183} INFO - Processing /opt/airflow/dags/fx_rates_dag.py took 0.086 seconds
[2026-10-09T10:14:41.908+0000] {processor.py:161} INFO - Started process (PID=303) to work on /opt/airflow/dags/fx_rates_dag.py
[2026-10-09T10:14:41.909+0000] {processor.py:830} INFO - Processing file /opt/airflow/dags/fx_rates_dag.py for tasks to queue
[2026-10-09T10:14:41.910+0000] {logging_mixin.py:188} INFO - [2026-10-09T10:14:41.910+0000] {dagbag.py:538} INFO - Filling up the DagBag from /opt/airflow/dags/fx_rates_dag.py
[2026-10-09T10:14:41.925+0000] {processor.py:840} INFO - DAG(s) 'fx_rates_dag' retrieved from /opt/airflow/dags/fx_rates_dag.py
[2026-10-09T10:14:41.959+0000] {logging_mixin.py:188} INFO - [2026-10-09T10:14:41.959+0000] {dag.py:3036} INFO - Sync 1 DAGs
[2026-10-09T10:14:41.973+0000] {logging_mixin.py:188} INFO - [2026-10-09T10:14:41.973+0000] {dag.py:3823} INFO - Setting next_dagrun for fx_rates_dag to 2026-10-08 12:00:00+00:00, run_after=2026-10-09 12:00:00+00:00
[2026-10-09T10:14:42.010+0000] {processor.py:183} INFO - Processing /opt/airflow/dags/fx_rates_dag.py took 0.104 seconds
[2026-10-09T10:15:12.235+0000] {processor.py:161} INFO - Started process (PID=304) to work on /opt/airflow/dags/fx_rates_dag.py
[2026-10-09T10:15:12.236+0000] {processor.py:830} INFO - Processing file /opt/airflow/dags/fx_rates_dag.py for tasks to queue
[2026-10-09T10:15:12.237+0000] {logging_mixin.py:188} INFO - [2026-10-09T10:15:12.236+0000] {dagbag.py:538} INFO - Filling up the DagBag from /opt/airflow/dags/fx_rates_dag.py
[2026-10-09T10:15:12.254+0000] {processor.py:840} INFO - DAG(s) 'fx_rates_dag' retrieved from /opt/airflow/dags/fx_rates_dag.py
[2026-10-09T10:15:12.271+0000] {logging_mixin.py:188} INFO - [2026-10-09T10:15:12.271+0000] {dag.py:3036} INFO - Sync 1 DAGs
[2026-10-09T10:15:12.286+0000] {logging_mixin.py:188} INFO - [2026-10-09T10:15:12.286+0000] {dag.py:3823} INFO - Setting next_dagrun for fx_rates_dag to 2026-10-08 12:00:00+00:00, run_after=2026-10-09 12:00:00+00:00
[2026-10-09T10:15:12.324+0000] {processor.py:183} INFO - Processing /opt/airflow/dags/fx_rates_dag.py took 0.092 seconds
[2026-10-09T10:15:42.530+0000] {processor.py:161} INFO - Started process (PID=305) to work on /opt/airflow/dags/fx_rates_dag.py
[2026-10-09T10:15:42.531+0000] {processor.py:830} INFO - Processing file /opt/airflow/dags/fx_rates_dag.py for tasks to queue
[2026-10-09T10:15:42.532+0000] {logging_mixin.py:188} INFO - [2026-10-09T10:15:42.532+0000] {dagbag.py:538} INFO - Filling up the DagBag from /opt/airflow/dags/fx_rates_dag.py
[2026-10-09T10:15:42.547+0000] {processor.py:840} INFO - DAG(s) 'fx_rates_dag' retrieved from /opt/airflow/dags/fx_rates_dag.py
[2026-10-09T10:15:42.562+0000] {logging_mixin.py:188} INFO - [2026-10-09T10:15:42.562+0000] {dag.py:3036} INFO - Sync 1 DAGs
[2026-10-09T10:15:42.576+0000] {logging_mixin.py:188} INFO - [2026-10-09T10:15:42.576+0000] {dag.py:3823} INFO - Setting next_dagrun for fx_rates_dag to 2026-10-08 12:00:00+00:00, run_after=2026-10-09 12:00:00+00:00
[2026-10-09T10:15:42.612+0000] {processor.py:183} INFO - Processing /opt/airflow/dags/fx_rates_dag.py took 0.084 seconds
[2026-10-09T10:16:12.756+0000] {processor.py:161} INFO - Started process (PID=306) to work on /opt/airflow/dags/fx_rates_dag.py
[2026-10-09T10:16:12.757+0000] {processor.py:830} INFO - Processing file /opt/airflow/dags/fx_rates_dag.py for tasks to queue
[2026-10-09T10:16:12.758+0000] {logging_mixin.py:188} INFO - [2026-10-09T10:16:12.758+0000] {dagbag.py:538} INFO - Filling up the DagBag from /opt/airflow/dags/fx_rates_dag.py
[2026-10-09T10:16:12.776+0000] {processor.py:840} INFO - DAG(s) 'fx_rates_dag' retrieved from /opt/airflow/dags/fx_rates_dag.py
[2026-10-09T10:16:12.792+0000] {logging_mixin.py:188} INFO - [2026-10-09T10:16:12.792+0000] {dag.py:3036} INFO - Sync 1 DAGs
[2026-10-09T10:16:12.807+0000] {logging_mixin.py:188} INFO - [2026-10-09T10:16:12.807+0000] {dag.py:3823} INFO - Setting next_dagrun for fx_rates_dag to 2026-10-08 12:00:00+00:00, run_after=2026-10-09 12:00:00+00:00
[2026-10-09T10:16:12.844+0000] {processor.py:183} INFO - Processing /opt/airflow/dags/fx_rates_dag.py took 0.090 seconds
[2026-10-09T10:16:42.989+0000] {processor.py:161} INFO - Started process (PID=307) to work on /opt/airflow/dags/fx_rates_dag.py
[2026-10-09T10:16:42.990+0000] {processor.py:830} INFO - Processing file /opt/airflow/dags/fx_rates_dag.py for tasks to queue
[2026-10-09T10:16:42.991+0000] {logging_mixin.py:188} INFO - [2026-10-09T10:16:42.991+0000] {dagbag.py:538} INFO - Filling up the DagBag from /opt/airflow/dags/fx_rates_dag.py
[2026-10-09T10:16:43.009+0000] {processor.py:840} INFO - DAG(s) 'fx_rates_dag' retrieved from /opt/airflow/dags/fx_rates_dag.py
[2026-10-09T10:16:43.026+0000] {logging_mixin.py:188} INFO - [2026-10-09T10:16:43.026+0000] {dag.py:3036} INFO - Sync 1 DAGs
[2026-10-09T10:16:43.041+0000] {logging_mixin.py:188} INFO - [2026-10-09T10:16:43.040+0000] {dag.py:3823} INFO - Setting next_dagrun for fx_rates_dag to 2026-10-08 12:00:00+00:00, run_after=2026-10-09 12:00:00+00:00
[2026-10-09T10:16:43.077+0000] {processor.py:183} INFO - Processing /opt/airflow/dags/fx_rates_dag.py took 0.090 seconds
[2026-10-09T10:17:13.222+0000] {processor.py:161} INFO - Started process (PID=308) to work on /opt/airflow/dags/fx_rates_dag.py
[2026-10-09T10:17:13.223+0000] {processor.py:830} INFO - Processing file /opt/airflow/dags/fx_rates_dag.py for tasks to queue
[2026-10-09T10:17:13.224+0000] {logging_mixin.py:188} INFO - [2026-10-09T10:17:13.223+0000] {dagbag.py:538} INFO - Filling up the DagBag from /opt/airflow/dags/fx_rates_dag.py
[2026-10-09T10:17:13.239+0000] {processor.py:840} INFO - DAG(s) 'fx_rates_dag' retrieved from /opt/airflow/dags/fx_rates_dag.py
[2026-10-09T10:17:13.255+0000] {logging_mixin.py:188} INFO - [2026-10-09T10:17:13.255+0000] {dag.py:3036} INFO - Sync 1 DAGs
[2026-10-09T10:17:13.270+0000] {logging_mixin.py:188} INFO - [2026-10-09T10:17:13.270+0000] {dag.py:3823} INFO - Setting next_dagrun for fx_rates_dag to 2026-10-08 12:00:00+00:00, run_after=2026-10-09 12:00:00+00:00
[2026-10-09T10:17:13.308+0000] {processor.py:183} INFO - Processing /opt/airflow/dags/fx_rates_dag.py took 0.088 seconds
[2026-10-09T10:17:43.450+0000] {processor.py:161} INFO - Started process (PID=309) to work on /opt/airflow/dags/fx_rates_dag.py
[2026-10-09T10:17:43.451+0000] {processor.py:830} INFO - Processing file /opt/airflow/dags/fx_rates_dag.py for tasks to queue
[2026-10-09T10:17:43.452+0000] {logging_mixin.py:188} INFO - [2026-10-09T10:17:43.452+0000] {dagbag.py:538} INFO - Filling up the DagBag from /opt/airflow/dags/fx_rates_dag.py
[2026-10-09T10:17:43.467+0000] {processor.py:840} INFO - DAG(s) 'fx_rates_dag' retrieved from /opt/airflow/dags/fx_rates_dag.py
[2026-10-09T10:17:43.483+0000] {logging_mixin.py:188} INFO - [2026-10-09T10:17:43.483+0000] {dag.py:3036} INFO - Sync 1 DAGs
[2026-10-09T10:17:43.497+0000] {logging_mixin.py:188} INFO - [2026-10-09T10:17:43.497+0000] {dag.py:3823} INFO - Setting next_dagrun for fx_rates_dag to 2026-10-08 12:00:00+00:00, run_after=2026-10-09 12:00:00+00:00
[2026-10-09T10:17:43.533+0000] {processor.py:183} INFO - Processing /opt/airflow/dags/fx_rates_dag.py took 0.085 seconds
[2026-10-09T10:18:13.676+0000] {processor.py:161} INFO - Started process (PID=310) to work on /opt/airflow/dags/fx_rates_dag.py
[2026-10-09T10:18:13.677+0000] {processor.py:830} INFO - Processing file /opt/airflow/dags/fx_rates_dag.py for tasks to queue
[2026-10-09T10:18:13.678+0000] {logging_mixin.py:188} INFO - [2026-10-09T10:18:13.678+0000] {dagbag.py:538} INFO - Filling up the DagBag from /opt/airflow/dags/fx_rates_dag.py
[2026-10-09T10:18:13.695+0000] {processor.py:840} INFO - DAG(s) 'fx_rates_dag' retrieved from /opt/airflow/dags/fx_rates_dag.py
[2026-10-09T10:18:13.710+0000] {logging_mixin.py:188} INFO - [2026-10-09T10:18:13.710+0000] {dag.py:3036} INFO - Sync 1 DAGs
[2026-10-09T10:18:13.725+0000] {logging_mixin.py:188} INFO - [2026-10-09T10:18:13.725+0000] {dag.py:3823} INFO - Setting next_dagrun for fx_rates_dag to 2026-10-08 12:00:00+00:00, run_after=2026-10-09 12:00:00+00:00
[2026-10-09T10:18:13.763+0000] {processor.py:183} INFO - Processing /opt/airflow/dags/fx_rates_dag.py took 0.089 seconds
[2026-10-09T10:18:43.917+0000] {processor.py:161} INFO - Started process (PID=311) to work on /opt/airflow/dags/fx_rates_dag.py
[2026-10-09T10:18:43.918+0000] {processor.py:830} INFO - Processing file /opt/airflow/dags/fx_rates_dag.py for tasks to queue
[2026-10-09T10:18:43.919+0000] {logging_mixin.py:188} INFO - [2026-10-09T10:18:43.918+0000] {dagbag.py:538} INFO - Filling up the DagBag from /opt/airflow/dags/fx_rates_dag.py
[2026-10-09T10:18:43.936+0000] {processor.py:840} INFO - DAG(s) 'fx_rates_dag' retrieved from /opt/airflow/dags/fx_rates_dag.py
[2026-10-09T10:18:43.954+0000] {logging_mixin.py:188} INFO - [2026-10-09T10:18:43.954+0000] {dag.py:3036} INFO - Sync 1 DAGs
[2026-10-09T10:18:43.968+0000] {logging_mixin.py:188} INFO - [2026-10-09T10:18:43.968+0000] {dag.py:3823} INFO - Setting next_dagrun for fx_rates_dag to 2026-10-08 12:00:00+00:00, run_after=2026-10-09 12:00:00+00:00
[2026-10-09T10:18:44.007+0000] {processor.py:183} INFO - Processing /opt/airflow/dags/fx_rates_dag.py took 0.092 seconds
[2026-10-09T10:19:14.242+0000] {processor.py:161} INFO - Started process (PID=312) to work on /opt/airflow/dags/fx_rates_dag.py
[2026-10-09T10:19:14.243+0000] {processor.py:830} INFO - Processing file /opt/airflow/dags/fx_rates_dag.py for tasks to queue
[2026-10-09T10:19:14.243+0000] {logging_mixin.py:188} INFO - [2026-10-09T10:19:14.243+0000] {dagbag.py:538} INFO - Filling up the DagBag from /opt/airflow/dags/fx_rates_dag.py
[2026-10-09T10:19:14.259+0000] {processor.py:840} INFO - DAG(s) 'fx_rates_dag' retrieved from /opt/airflow/dags/fx_rates_dag.py
[2026-10-09T10:19:14.274+0000] {logging_mixin.py:188} INFO - [2026-10-09T10:19:14.274+0000] {dag.py:3036} INFO - Sync 1 DAGs
[2026-10-09T10:19:14.288+0000] {logging_mixin.py:188} INFO - [2026-10-09T10:19:14.288+0000] {dag.py:3823} INFO - Setting next_dagrun for fx_rates_dag to 2026-10-08 12:00:00+00:00, run_after=2026-10-09 12:00:00+00:00
[2026-10-09T10:19:14.326+0000] {processor.py:183} INFO - Processing /opt/airflow/dags/fx_rates_dag.py took 0.086 seconds
[2026-10-09T10:19:44.470+0000] {processor.py:161} INFO - Started process (PID=313) to work on /opt/airflow/dags/fx_rates_dag.py
[2026-10-09T10:19:44.471+0000] {processor.py:830} INFO - Processing file /opt/airflow/dags/fx_rates_dag.py for tasks to queue
[2026-10-09T10:19:44.472+0000] {logging_mixin.py:188} INFO - [2026-10-09T10:19:44.472+0000] {dagbag.py:538} INFO - Filling up the DagBag from /opt/airflow/dags/fx_rates_dag.py
[2026-10-09T10:19:44.487+0000] {processor.py:840} INFO - DAG(s) 'fx_rates_dag' retrieved from /opt/airflow/dags/fx_rates_dag.py
[2026-10-09T10:19:44.503+0000] {logging_mixin.py:188} INFO - [2026-10-09T10:19:44.503+0000] {dag.py:3036} INFO - Sync 1 DAGs
[2026-10-09T10:19:44.517+0000] {logging_mixin.py:188} INFO - [2026-10-09T10:19:44.517+0000] {dag.py:3823} INFO - Setting next_dagrun for fx_rates_dag to 2026-10-08 12:00:00+00:00, run_after=2026-10-09 12:00:00+00:00
[2026-10-09T10:19:44.554+0000] {processor.py:183} INFO - Processing /opt/airflow/dags/fx_rates_dag.py took 0.085 seconds
[2026-10-09T10:20:14.695+0000] {processor.py:161} INFO - Started process (PID=314) to work on /opt/airflow/dags/fx_rates_dag.py
[2026-10-09T10:20:14.695+0000] {processor.py:830} INFO - Processing file /opt/airflow/dags/fx_rates_dag.py for tasks to queue
[2026-10-09T10:20:14.696+0000] {logging_mixin.py:188} INFO - [2026-10-09T10:20:14.696+0000] {dagbag.py:538} INFO - Filling up the DagBag from /opt/airflow/dags/fx_rates_dag.py
[2026-10-09T10:20:14.711+0000] {processor.py:840} INFO - DAG(s) 'fx_rates_dag' retrieved from /opt/airflow/dags/fx_rates_dag.py
[2026-10-09T10:20:14.727+0000] {logging_mixin.py:188} INFO - [2026-10-09T10:20:14.727+0000] {dag.py:3036} INFO - Sync 1 DAGs
[2026-10-09T10:20:14.741+0000] {logging_mixin.py:188} INFO - [2026-10-09T10:20:14.740+0000] {dag.py:3823} INFO - Setting next_dagrun for fx_rates_dag to 2026-10-08 12:00:00+00:00, run_after=2026-10-09 12:00:00+00:00
[2026-10-09T10:20:14.777+0000] {processor.py:183} INFO - Processing /opt/airflow/dags/fx_rates_dag.py took 0.085 seconds
[2026-10-09T10:20:44.886+0000] {processor.py:161} INFO - Started process (PID=315) to work on /opt/airflow/dags/fx_rates_dag.py
[2026-10-09T10:20:44.887+0000] {processor.py:830} INFO - Processing file /opt/airflow/dags/fx_rates_dag.py for tasks to queue
[2026-10-09T10:20:44.888+0000] {logging_mixin.py:188} INFO - [2026-10-09T10:20:44.888+0000] {dagbag.py:538} INFO - Filling up the DagBag from /opt/airflow/dags/fx_rates_dag.py
[2026-10-09T10:20:44.904+0000] {processor.py:840} INFO - DAG(s) 'fx_rates_dag' retrieved from /opt/airflow/dags/fx_rates_dag.py
[2026-10-09T10:20:44.919+0000] {logging_mixin.py:188} INFO - [2026-10-09T10:20:44.919+0000] {dag.py:3036} INFO - Sync 1 DAGs
[2026-10-09T10:20:44.933+0000] {logging_mixin.py:188} INFO - [2026-10-09T10:20:44.933+0000] {dag.py:3823} INFO - Setting next_dagrun for fx_rates_dag to 2026-10-08 12:00:00+00:00, run_after=2026-10-09 12:00:00+00:00
[2026-10-09T10:20:44.971+0000] {processor.py:183} INFO - Processing /opt/airflow/dags/fx_rates_dag.py took 0.086 seconds
[2026-10-09T10:21:15.116+0000] {processor.py:161} INFO - Started process (PID=316) to work on /opt/airflow/dags/fx_rates_dag.py
[2026-10-09T10:21:15.117+0000] {processor.py:830} INFO - Processing file /opt/airflow/dags/fx_rates_dag.py for tasks to queue
[2026-10-09T10:21:15.117+0000] {logging_mixin.py:188} INFO - [2026-10-09T10:21:15.117+0000] {dagbag.py:538} INFO - Filling up the DagBag from /opt/airflow/dags/fx_rates_dag.py
[2026-10-09T10:21:15.133+0000] {processor.py:840} INFO - DAG(s) 'fx_rates_dag' retrieved from /opt/airflow/dags/fx_rates_dag.py
[2026-10-09T10:21:15.148+0000] {logging_mixin.py:188} INFO - [2026-10-09T10:21:15.148+0000] {dag.py:3036} INFO - Sync 1 DAGs
[2026-10-09T10:21:15.162+0000] {logging_mixin.py:188} INFO - [2026-10-09T10:21:15.161+0000] {dag.py:3823} INFO - Setting next_dagrun for fx_rates_dag to 2026-10-08 12:00:00+00:00, run_after=2026-10-09 12:00:00+00:00
[2026-10-09T10:21:15.199+0000] {processor.py:183} INFO - Processing /opt/airflow/dags/fx_rates_dag.py took 0.085 seconds
[2026-10-09T10:21:45.340+0000] {processor.py:161} INFO - Started process (PID=317) to work on /opt/airflow/dags/fx_rates_dag.py
[2026-10-09T10:21:45.340+0000] {processor.py:830} INFO - Processing file /opt/airflow/dags/fx_rates_dag.py for tasks to queue
[2026-10-09T10:21:45.341+0000] {logging_mixin.py:188} INFO - [2026-10-09T10:21:45.341+0000] {dagbag.py:538} INFO - Filling up the DagBag from /opt/airflow/dags/fx_rates_dag.py
[2026-10-09T10:21:45.357+0000] {processor.py:840} INFO - DAG(s) 'fx_rates_dag' retrieved from /opt/airflow/dags/fx_rates_dag.py
[2026-10-09T10:21:45.373+0000] {logging_mixin.py:188} INFO - [2026-10-09T10:21:45.373+0000] {dag.py:3036} INFO - Sync 1 DAGs
[2026-10-09T10:21:45.387+0000] {logging_mixin.py:188} INFO - [2026-10-09T10:21:45.387+0000] {dag.py:3823} INFO - Setting next_dagrun for fx_rates_dag to 2026-10-08 12:00:00+00:00, run_after=2026-10-09 12:00:00+00:00
[2026-10-09T10:21:45.424+0000] {processor.py:183} INFO - Processing /opt/airflow/dags/fx_rates_dag.py took 0.086 seconds
[2026-10-09T10:22:15.565+0000] {processor.py:161} INFO - Started process (PID=318) to work on /opt/airflow/dags/fx_rates_dag.py
[2026-10-09T10:22:15.566+0000] {processor.py:830} INFO - Processing file /opt/airflow/dags/fx_rates_dag.py for tasks to queue
[2026-10-09T10:22:15.567+0000] {logging_mixin.py:188} INFO - [2026-10-09T10:22:15.566+0000] {dagbag.py:538} INFO - Filling up the DagBag from /opt/airflow/dags/fx_rates_dag.py
[2026-10-09T10:22:15.582+0000] {processor.py:840} INFO - DAG(s) 'fx_rates_dag' retrieved from /opt/airflow/dags/fx_rates_dag.py
[2026-10-09T10:22:15.597+0000] {logging_mixin.py:188} INFO - [2026-10-09T10:22:15.597+0000] {dag.py:3036} INFO - Sync 1 DAGs
[2026-10-09T10:22:15.611+0000] {logging_mixin.py:188} INFO - [2026-10-09T10:22:15.610+0000] {dag.py:3823} INFO - Setting next_dagrun for fx_rates_dag to 2026-10-08 12:00:00+00:00, run_after=2026-10-09 12:00:00+00:00
[2026-10-09T10:22:15.648+0000] {processor.py:183} INFO - Processing /opt/airflow/dags/fx_rates_dag.py took 0.085 seconds
[2026-10-09T10:22:45.777+0000] {processor.py:161} INFO - Started process (PID=319) to work on /opt/airflow/dags/fx_rates_dag.py
[2026-10-09T10:22:45.778+0000] {processor.py:830} INFO - Processing file /opt/airflow/dags/fx_rates_dag.py for tasks to queue
[2026-10-09T10:22:45.779+0000] {logging_mixin.py:188} INFO - [2026-10-09T10:22:45.779+0000] {dagbag.py:538} INFO - Filling up the DagBag from /opt/airflow/dags/fx_rates_dag.py
[2026-10-09T10:22:45.795+0000] {processor.py:840} INFO - DAG(s) 'fx_rates_dag' retrieved from /opt/airflow/dags/fx_rates_dag.py
[2026-10-09T10:22:45.811+0000] {logging_mixin.py:188} INFO - [2026-10-09T10:22:45.811+0000] {dag.py:3036} INFO - Sync 1 DAGs
[2026-10-09T10:22:45.825+0000] {logging_mixin.py:188} INFO - [2026-10-09T10:22:45.825+0000] {dag.py:3823} INFO - Setting next_dagrun for fx_rates_dag to 2026-10-08 12:00:00+00:00, run_after=2026-10-09 12:00:00+00:00
[2026-10-09T10:22:45.861+0000] {processor.py:183} INFO - Processing /opt/airflow/dags/fx_rates_dag.py took 0.086 seconds
[2026-10-09T10:23:16.005+0000] {processor.py:161} INFO - Started process (PID=320) to work on /opt/airflow/dags/fx_rates_dag.py
[2026-10-09T10:23:16.006+0000] {processor.py:830} INFO - Processing file /opt/airflow/dags/fx_rates_dag.py for tasks to queue
[2026-10-09T10:23:16.007+0000] {logging_mixin.py:188} INFO - [2026-10-09T10:23:16.006+0000] {dagbag.py:538} INFO - Filling up the DagBag from /opt/airflow/dags/fx_rates_dag.py
[2026-10-09T10:23:16.023+0000] {processor.py:840} INFO - DAG(s) 'fx_rates_dag' retrieved from /opt/airflow/dags/fx_rates_dag.py
[2026-10-09T10:23:16.040+0000] {logging_mixin.py:188} INFO - [2026-10-09T10:23:16.039+0000] {dag.py:3036} INFO - Sync 1 DAGs
[2026-10-09T10:23:16.053+0000] {logging_mixin.py:188} INFO - [2026-10-09T10:23:16.053+0000] {dag.py:3823} INFO - Setting next_dagrun for fx_rates_dag to 2026-10-08 12:00:00+00:00, run_after=2026-10-09 12:00:00+00:00
[2026-10-09T10:23:16.092+0000] {processor.py:183} INFO - Processing /opt/airflow/dags/fx_rates_dag.py took 0.089 seconds
[2026-10-09T10:23:46.236+0000] {processor.py:161} INFO - Started process (PID=321) to work on /opt/airflow/dags/fx_rates_dag.py
[2026-10-09T10:23:46.237+0000] {processor.py:830} INFO - Processing file /opt/airflow/dags/fx_rates_dag.py for tasks to queue
[2026-10-09T10:23:46.237+0000] {logging_mixin.py:188} INFO - [2026-10-09T10:23:46.237+0000] {dagbag.py:538} INFO - Filling up the DagBag from /opt/airflow/dags/fx_rates_dag.py
[2026-10-09T10:23:46.253+0000] {processor.py:840} INFO - DAG(s) 'fx_rates_dag' retrieved from /opt/airflow/dags/fx_rates_dag.py
[2026-10-09T10:23:46.269+0000] {logging_mixin.py:188} INFO - [2026-10-09T10:23:46.269+0000] {dag.py:3036} INFO - Sync 1 DAGs
[2026-10-09T10:23:46.283+0000] {logging_mixin.py:188} INFO - [2026-10-09T10:23:46.283+0000] {dag.py:3823} INFO - Setting next_dagrun for fx_rates_dag to 2026-10-08 12:00:00+00:00, run_after=2026-10-09 12:00:00+00:00
[2026-10-09T10:23:46.320+0000] {processor.py:183} INFO - Processing /opt/airflow/dags/fx_rates_dag.py took 0.086 seconds
[2026-10-09T10:24:16.463+0000] {processor.py:161} INFO - Started process (PID=322) to work on /opt/airflow/dags/fx_rates_dag.py
[2026-10-09T10:24:16.464+0000] {processor.py:830} INFO - Processing file /opt/airflow/dags/fx_rates_dag.py for tasks to queue
[2026-10-09T10:24:16.465+0000] {logging_mixin.py:188} INFO - [2026-10-09T10:24:16.465+0000] {dagbag.py:538} INFO - Filling up the DagBag from /opt/airflow/dags/fx_rates_dag.py
[2026-10-09T10:24:16.481+0000] {processor.py:840} INFO - DAG(s) 'fx_rates_dag' retrieved from /opt/airflow/dags/fx_rates_dag.py
[2026-10-09T10:24:16.496+0000] {logging_mixin.py:188} INFO - [2026-10-09T10:24:16.496+0000] {dag.py:3036} INFO - Sync 1 DAGs
[2026-10-09T10:24:16.510+0000] {logging_mixin.py:188} INFO - [2026-10-09T10:24:16.510+0000] {dag.py:3823} INFO - Setting next_dagrun for fx_rates_dag to 2026-10-08 12:00:00+00:00, run_after=2026-10-09 12:00:00+00:00
[2026-10-09T10:24:16.548+0000] {processor.py:183} INFO - Processing /opt/airflow/dags/fx_rates_dag.py took 0.087 seconds
[2026-10-09T10:24:46.686+0000] {processor.py:161} INFO - Started process (PID=323) to work on /opt/airflow/dags/fx_rates_dag.py
[2026-10-09T10:24:46.687+0000] {processor.py:830} INFO - Processing file /opt/airflow/dags/fx_rates_dag.py for tasks to queue
[2026-10-09T10:24:46.688+0000] {logging_mixin.py:188} INFO - [2026-10-09T10:24:46.688+0000] {dagbag.py:538} INFO - Filling up the DagBag from /opt/airflow/dags/fx_rates_dag.py
[2026-10-09T10:24:46.704+0000] {processor.py:840} INFO - DAG(s) 'fx_rates_dag' retrieved from /opt/airflow/dags/fx_rates_dag.py
[2026-10-09T10:24:46.719+0000] {logging_mixin.py:188} INFO - [2026-10-09T10:24:46.719+0000] {dag.py:3036} INFO - Sync 1 DAGs
[2026-10-09T10:24:46.733+0000] {logging_mixin.py:188} INFO - [2026-10-09T10:24:46.733+0000] {dag.py:3823} INFO - Setting next_dagrun for fx_rates_dag to 2026-10-08 12:00:00+00:00, run_after=2026-10-09 12:00:00+00:00
[2026-10-09T10:24:46.771+0000] {processor.py:183} INFO - Processing /opt/airflow/dags/fx_rates_dag.py took 0.086 seconds
[2026-10-09T10:25:16.911+0000] {processor.py:161} INFO - Started process (PID=324) to work on /opt/airflow/dags/fx_rates_dag.py
[2026-10-09T10:25:16.912+0000] {processor.py:830} INFO - Processing file /opt/airflow/dags/fx_rates_dag.py for tasks to queue
[2026-10-09T10:25:16.913+0000] {logging_mixin.py:188} INFO - [2026-10-09T10:25:16.912+0000] {dagbag.py:538} INFO - Filling up the DagBag from /opt/airflow/dags/fx_rates_dag.py
[2026-10-09T10:25:16.928+0000] {processor.py:840} INFO - DAG(s) 'fx_rates_dag' retrieved from /opt/airflow/dags/fx_rates_dag.py
[2026-10-09T10:25:16.944+0000] {logging_mixin.py:188} INFO - [2026-10-09T10:25:16.944+0000] {dag.py:3036} INFO - Sync 1 DAGs
[2026-10-09T10:25:16.958+0000] {logging_mixin.py:188} INFO - [2026-10-09T10:25:16.958+0000] {dag.py:3823} INFO - Setting next_dagrun for fx_rates_dag to 2026-10-08 12:00:00+00:00, run_after=2026-10-09 12:00:00+00:00
[2026-10-09T10:25:16.996+0000] {processor.py:183} INFO - Processing /opt/airflow/dags/fx_rates_dag.py took 0.086 seconds
[2026-10-09T10:25:47.155+0000] {processor.py:161} INFO - Started process (PID=325) to work on /opt/airflow/dags/fx_rates_dag.py
[2026-10-09T10:25:47.156+0000] {processor.py:830} INFO - Processing file /opt/airflow/dags/fx_rates_dag.py for tasks to queue
[2026-10-09T10:25:47.157+0000] {logging_mixin.py:188} INFO - [2026-10-09T10:25:47.157+0000] {dagbag.py:538} INFO - Filling up the DagBag from /opt/airflow/dags/fx_rates_dag.py
[2026-10-09T10:25:47.172+0000] {processor.py:840} INFO - DAG(s) 'fx_rates_dag' retrieved from /opt/airflow/dags/fx_rates_dag.py
[2026-10-09T10:25:47.188+0000] {logging_mixin.py:188} INFO - [2026-10-09T10:25:47.188+0000] {dag.py:3036} INFO - Sync 1 DAGs
[2026-10-09T10:25:47.203+0000] {logging_mixin.py:188} INFO - [2026-10-09T10:25:47.202+0000] {dag.py:3823} INFO - Setting next_dagrun for fx_rates_dag to 2026-10-08 12:00:00+00:00, run_after=2026-10-09 12:00:00+00:00
[2026-10-09T10:25:47.241+0000] {processor.py:183} INFO - Processing /opt/airflow/dags/fx_rates_dag.py took 0.088 seconds
[2026-10-09T10:26:17.383+0000] {processor.py:161} INFO - Started process (PID=326) to work on /opt/airflow/dags/fx_rates_dag.py
[2026-10-09T10:26:17.384+0000] {processor.py:830} INFO - Processing file /opt/airflow/dags/fx_rates_dag.py for tasks to queue
[2026-10-09T10:26:17.385+0000] {logging_mixin.py:188} INFO - [2026-10-09T10:26:17.385+0000] {dagbag.py:538} INFO - Filling up the DagBag from /opt/airflow/dags/fx_rates_dag.py
[2026-10-09T10:26:17.401+0000] {processor.py:840} INFO - DAG(s) 'fx_rates_dag' retrieved from /opt/airflow/dags/fx_rates_dag.py
[2026-10-09T10:26:17.417+0000] {logging_mixin.py:188} INFO - [2026-10-09T10:26:17.416+0000] {dag.py:3036} INFO - Sync 1 DAGs
[2026-10-09T10:26:17.431+0000] {logging_mixin.py:188} INFO - [2026-10-09T10:26:17.431+0000] {dag.py:3823} INFO - Setting next_dagrun for fx_rates_dag to 2026-10-08 12:00:00+00:00, run_after=2026-10-09 12:00:00+00:00
[2026-10-09T10:26:17.467+0000] {processor.py:183} INFO - Processing /opt/airflow/dags/fx_rates_dag.py took 0.086 seconds
[2026-10-09T10:26:47.584+0000] {processor.py:161} INFO - Started process (PID=327) to work on /opt/airflow/dags/fx_rates_dag.py
[2026-10-09T10:26:47.585+0000] {processor.py:830} INFO - Processing file /opt/airflow/dags/fx_rates_dag.py for tasks to queue
[2026-10-09T10:26:47.586+0000] {logging_mixin.py:188} INFO - [2026-10-09T10:26:47.586+0000] {dagbag.py:538} INFO - Filling up the DagBag from /opt/airflow/dags/fx_rates_dag.py
[2026-10-09T10:26:47.601+0000] {processor.py:840} INFO - DAG(s) 'fx_rates_dag' retrieved from /opt/airflow/dags/fx_rates_dag.py
[2026-10-09T10:26:47.617+0000] {logging_mixin.py:188} INFO - [2026-10-09T10:26:47.617+0000] {dag.py:3036} INFO - Sync 1 DAGs
[2026-10-09T10:26:47.630+0000] {logging_mixin.py:188} INFO - [2026-10-09T10:26:47.630+0000] {dag.py:3823} INFO - Setting next_dagrun for fx_rates_dag to 2026-10-08 12:00:00+00:00, run_after=2026-10-09 12:00:00+00:00
[2026-10-09T10:26:47.668+0000] {processor.py:183} INFO - Processing /opt/airflow/dags/fx_rates_dag.py took 0.086 seconds
[2026-10-09T10:27:17.814+0000] {processor.py:161} INFO - Started process (PID=328) to work on /opt/airflow/dags/fx_rates_dag.py
[2026-10-09T10:27:17.815+0000] {processor.py:830} INFO - Processing file /opt/airflow/dags/fx_rates_dag.py for tasks to queue
[2026-10-09T10:27:17.816+0000] {logging_mixin.py:188} INFO - [2026-10-09T10:27:17.816+0000] {dagbag.py:538} INFO - Filling up the DagBag from /opt/airflow/dags/fx_rates_dag.py
[2026-10-09T10:27:17.831+0000] {processor.py:840} INFO - DAG(s) 'fx_rates_dag' retrieved from /opt/airflow/dags/fx_rates_dag.py
[2026-10-09T10:27:17.847+0000] {logging_mixin.py:188} INFO - [2026-10-09T10:27:17.847+0000] {dag.py:3036} INFO - Sync 1 DAGs
[2026-10-09T10:27:17.860+0000] {logging_mixin.py:188} INFO - [2026-10-09T10:27:17.860+0000] {dag.py:3823} INFO - Setting next_dagrun for fx_rates_dag to 2026-10-08 12:00:00+00:00, run_after=2026-10-09 12:00:00+00:00
[2026-10-09T10:27:17.896+0000] {processor.py:183} INFO - Processing /opt/airflow/dags/fx_rates_dag.py took 0.084 seconds
[2026-10-09T10:27:48.039+0000] {processor.py:161} INFO - Started process (PID=329) to work on /opt/airflow/dags/fx_rates_dag.py
[2026-10-09T10:27:48.040+0000] {processor.py:830} INFO - Processing file /opt/airflow/dags/fx_rates_dag.py for tasks to queue
[2026-10-09T10:27:48.041+0000] {logging_mixin.py:188} INFO - [2026-10-09T10:27:48.041+0000] {dagbag.py:538} INFO - Filling up the DagBag from /opt/airflow/dags/fx_rates_dag.py
[2026-10-09T10:27:48.056+0000] {processor.py:840} INFO - DAG(s) 'fx_rates_dag' retrieved from /opt/airflow/dags/fx_rates_dag.py
[2026-10-09T10:27:48.071+0000] {logging_mixin.py:188} INFO - [2026-10-09T10:27:48.071+0000] {dag.py:3036} INFO - Sync 1 DAGs
[2026-10-09T10:27:48.085+0000] {logging_mixin.py:188} INFO - [2026-10-09T10:27:48.085+0000] {dag.py:3823} INFO - Setting next_dagrun for fx_rates_dag to 2026-10-08 12:00:00+00:00, run_after=2026-10-09 12:00:00+00:00
[2026-10-09T10:27:48.122+0000] {processor.py:183} INFO - Processing /opt/airflow/dags/fx_rates_dag.py took 0.085 seconds
[2026-10-09T10:28:18.264+0000] {processor.py:161} INFO - Started process (PID=330) to work on /opt/airflow/dags/fx_rates_dag.py
[2026-10-09T10:28:18.265+0000] {processor.py:830} INFO - Processing file /opt/airflow/dags/fx_rates_dag.py for tasks to queue
[2026-10-09T10:28:18.266+0000] {logging_mixin.py:188} INFO - [2026-10-09T10:28:18.266+0000] {dagbag.py:538} INFO - Filling up the DagBag from /opt/airflow/dags/fx_rates_dag.py
[2026-10-09T10:28:18.281+0000] {processor.py:840} INFO - DAG(s) 'fx_rates_dag' retrieved from /opt/airflow/dags/fx_rates_dag.py
[2026-10-09T10:28:18.297+0000] {logging_mixin.py:188} INFO - [2026-10-09T10:28:18.297+0000] {dag.py:3036} INFO - Sync 1 DAGs
[2026-10-09T10:28:18.311+0000] {logging_mixin.py:188} INFO - [2026-10-09T10:28:18.311+0000] {dag.py:3823} INFO - Setting next_dagrun for fx_rates_dag to 2026-10-08 12:00:00+00:00, run_after=2026-10-09 12:00:00+00:00
[2026-10-09T10:28:18.348+0000] {processor.py:183} INFO - Processing /opt/airflow/dags/fx_rates_dag.py took 0.086 seconds
[2026-10-09T10:28:48.487+0000] {processor.py:161} INFO - Started process (PID=331) to work on /opt/airflow/dags/fx_rates_dag.py
[2026-10-09T10:28:48.488+0000] {processor.py:830} INFO - Processing file /opt/airflow/dags/fx_rates_dag.py for tasks to queue
[2026-10-09T10:28:48.489+0000] {logging_mixin.py:188} INFO - [2026-10-09T10:28:48.489+0000] {dagbag.py:538} INFO - Filling up the DagBag from /opt/airflow/dags/fx_rates_dag.py
[2026-10-09T10:28:48.507+0000] {processor.py:840} INFO - DAG(s) 'fx_rates_dag' retrieved from /opt/airflow/dags/fx_rates_dag.py
[2026-10-09T10:28:48.533+0000] {logging_mixin.py:188} INFO - [2026-10-09T10:28:48.533+0000] {dag.py:3036} INFO - Sync 1 DAGs
[2026-10-09T10:28:48.548+0000] {logging_mixin.py:188} INFO - [2026-10-09T10:28:48.548+0000] {dag.py:3823} INFO - Setting next_dagrun for fx_rates_dag to 2026-10-08 12:00:00+00:00, run_after=2026-10-09 12:00:00+00:00
[2026-10-09T10:28:48.585+0000] {processor.py:183} INFO - Processing /opt/airflow/dags/fx_rates_dag.py took 0.100 seconds
[2026-10-09T10:29:18.808+0000] {processor.py:161} INFO - Started process (PID=332) to work on /opt/airflow/dags/fx_rates_dag.py
[2026-10-09T10:29:18.809+0000] {processor.py:830} INFO - Processing file /opt/airflow/dags/fx_rates_dag.py for tasks to queue
[2026-10-09T10:29:18.810+0000] {logging_mixin.py:188} INFO - [2026-10-09T10:29:18.810+0000] {dagbag.py:538} INFO - Filling up the DagBag from /opt/airflow/dags/fx_rates_dag.py
[2026-10-09T10:29:18.825+0000] {processor.py:840} INFO - DAG(s) 'fx_rates_dag' retrieved from /opt/airflow/dags/fx_rates_dag.py
[2026-10-09T10:29:18.843+0000] {logging_mixin.py:188} INFO - [2026-10-09T10:29:18.843+0000] {dag.py:3036} INFO - Sync 1 DAGs
[2026-10-09T10:29:18.857+0000] {logging_mixin.py:188} INFO - [2026-10-09T10:29:18.857+0000] {dag.py:3823} INFO - Setting next_dagrun for fx_rates_dag to 2026-10-08 12:00:00+00:00, run_after=2026-10-09 12:00:00+00:00
[2026-10-09T10:29:18.895+0000] {processor.py:183} INFO - Processing /opt/airflow/dags/fx_rates_dag.py took 0.088 seconds
[2026-10-09T10:29:49.037+0000] {processor.py:161} INFO - Started process (PID=333) to work on /opt/airflow/dags/fx_rates_dag.py
[2026-10-09T10:29:49.038+0000] {processor.py:830} INFO - Processing file /opt/airflow/dags/fx_rates_dag.py for tasks to queue
[2026-10-09T10:29:49.039+0000] {logging_mixin.py:188} INFO - [2026-10-09T10:29:49.039+0000] {dagbag.py:538} INFO - Filling up the DagBag from /opt/airflow/dags/fx_rates_dag.py
[2026-10-09T10:29:49.054+0000] {processor.py:840} INFO - DAG(s) 'fx_rates_dag' retrieved from /opt/airflow/dags/fx_rates_dag.py
[2026-10-09T10:29:49.070+0000] {logging_mixin.py:188} INFO - [2026-10-09T10:29:49.070+0000] {dag.py:3036} INFO - Sync 1 DAGs
[2026-10-09T10:29:49.084+0000] {logging_mixin.py:188} INFO - [2026-10-09T10:29:49.084+0000] {dag.py:3823} INFO - Setting next_dagrun for fx_rates_dag to 2026-10-08 12:00:00+00:00, run_after=2026-10-09 12:00:00+00:00
[2026-10-09T10:29:49.122+0000] {processor.py:183} INFO - Processing /opt/airflow/dags/fx_rates_dag.py took 0.087 seconds
[2026-10-09T10:30:19.263+0000] {processor.py:161} INFO - Started process (PID=334) to work on /opt/airflow/dags/fx_rates_dag.py
[2026-10-09T10:30:19.263+0000] {processor.py:830} INFO - Processing file /opt/airflow/dags/fx_rates_dag.py for tasks to queue
[2026-10-09T10:30:19.264+0000] {logging_mixin.py:188} INFO - [2026-10-09T10:30:19.264+0000] {dagbag.py:538} INFO - Filling up the DagBag from /opt/airflow/dags/fx_rates_dag.py
[2026-10-09T10:30:19.280+0000] {processor.py:840} INFO - DAG(s) 'fx_rates_dag' retrieved from /opt/airflow/dags/fx_rates_dag.py
[2026-10-09T10:30:19.296+0000] {logging_mixin.py:188} INFO - [2026-10-09T10:30:19.296+0000] {dag.py:3036} INFO - Sync 1 DAGs
[2026-10-09T10:30:19.310+0000] {logging_mixin.py:188} INFO - [2026-10-09T10:30:19.310+0000] {dag.py:3823} INFO - Setting next_dagrun for fx_rates_dag to 2026-10-08 12:00:00+00:00, run_after=2026-10-09 12:00:00+00:00
[2026-10-09T10:30:19.357+0000] {processor.py:183} INFO - Processing /opt/airflow/dags/fx_rates_dag.py took 0.097 seconds
[2026-10-09T10:30:49.590+0000] {processor.py:161} INFO - Started process (PID=335) to work on /opt/airflow/dags/fx_rates_dag.py
[2026-10-09T10:30:49.591+0000] {processor.py:830} INFO - Processing file /opt/airflow/dags/fx_rates_dag.py for tasks to queue
[2026-10-09T10:30:49.592+0000] {logging_mixin.py:188} INFO - [2026-10-09T10:30:49.591+0000] {dagbag.py:538} INFO - Filling up the DagBag from /opt/airflow/dags/fx_rates_dag.py
[2026-10-09T10:30:49.607+0000] {processor.py:840} INFO - DAG(s) 'fx_rates_dag' retrieved from /opt/airflow/dags/fx_rates_dag.py
[2026-10-09T10:30:49.622+0000] {logging_mixin.py:188} INFO - [2026-10-09T10:30:49.622+0000] {dag.py:3036} INFO - Sync 1 DAGs
[2026-10-09T10:30:49.636+0000] {logging_mixin.py:188} INFO - [2026-10-09T10:30:49.636+0000] {dag.py:3823} INFO - Setting next_dagrun for fx_rates_dag to 2026-10-08 12:00:00+00:00, run_after=2026-10-09 12:00:00+00:00
[2026-10-09T10:30:49.673+0000] {processor.py:183} INFO - Processing /opt/airflow/dags/fx_rates_dag.py took 0.085 seconds
[2026-10-09T10:31:19.814+0000] {processor.py:161} INFO - Started process (PID=336) to work on /opt/airflow/dags/fx_rates_dag.py
[2026-10-09T10:31:19.815+0000] {processor.py:830} INFO - Processing file /opt/airflow/dags/fx_rates_dag.py for tasks to queue
[2026-10-09T10:31:19.816+0000] {logging_mixin.py:188} INFO - [2026-10-09T10:31:19.816+0000] {dagbag.py:538} INFO - Filling up the DagBag from /opt/airflow/dags/fx_rates_dag.py
[2026-10-09T10:31:19.831+0000] {processor.py:840} INFO - DAG(s) 'fx_rates_dag' retrieved from /opt/airflow/dags/fx_rates_dag.py
[2026-10-09T10:31:19.846+0000] {logging_mixin.py:188} INFO - [2026-10-09T10:31:19.846+0000] {dag.py:3036} INFO - Sync 1 DAGs
[2026-10-09T10:31:19.860+0000] {logging_mixin.py:188} INFO - [2026-10-09T10:31:19.860+0000] {dag.py:3823} INFO - Setting next_dagrun for fx_rates_dag to 2026-10-08 12:00:00+00:00, run_after=2026-10-09 12:00:00+00:00
[2026-10-09T10:31:19.898+0000] {processor.py:183} INFO - Processing /opt/airflow/dags/fx_rates_dag.py took 0.085 seconds
[2026-10-09T10:31:50.039+0000] {processor.py:161} INFO - Started process (PID=337) to work on /opt/airflow/dags/fx_rates_dag.py
[2026-10-09T10:31:50.040+0000] {processor.py:830} INFO - Processing file /opt/airflow/dags/fx_rates_dag.py for tasks to queue
[2026-10-09T10:31:50.041+0000] {logging_mixin.py:188} INFO - [2026-10-09T10:31:50.041+0000] {dagbag.py:538} INFO - Filling up the DagBag from /opt/airflow/dags/fx_rates_dag.py
[2026-10-09T10:31:50.056+0000] {processor.py:840} INFO - DAG(s) 'fx_rates_dag' retrieved from /opt/airflow/dags/fx_rates_dag.py
[2026-10-09T10:31:50.072+0000] {logging_mixin.py:188} INFO - [2026-10-09T10:31:50.072+0000] {dag.py:3036} INFO - Sync 1 DAGs
[2026-10-09T10:31:50.086+0000] {logging_mixin.py:188} INFO - [2026-10-09T10:31:50.085+0000] {dag.py:3823} INFO - Setting next_dagrun for fx_rates_dag to 2026-10-08 12:00:00+00:00, run_after=2026-10-09 12:00:00+00:00
[2026-10-09T10:31:50.123+0000] {processor.py:183} INFO - Processing /opt/airflow/dags/fx_rates_dag.py took 0.086 seconds
[2026-10-09T10:32:20.265+0000] {processor.py:161} INFO - Started process (PID=338) to work on /opt/airflow/dags/fx_rates_dag.py
[2026-10-09T10:32:20.266+0000] {processor.py:830} INFO - Processing file /opt/airflow/dags/fx_rates_dag.py for tasks to queue
[2026-10-09T10:32:20.267+0000] {logging_mixin.py:188} INFO - [2026-10-09T10:32:20.266+0000] {dagbag.py:538} INFO - Filling up the DagBag from /opt/airflow/dags/fx_rates_dag.py
[2026-10-09T10:32:20.281+0000] {processor.py:840} INFO - DAG(s) 'fx_rates_dag' retrieved from /opt/airflow/dags/fx_rates_dag.py
[2026-10-09T10:32:20.297+0000] {logging_mixin.py:188} INFO - [2026-10-09T10:32:20.297+0000] {dag.py:3036} INFO - Sync 1 DAGs
[2026-10-09T10:32:20.312+0000] {logging_mixin.py:188} INFO - [2026-10-09T10:32:20.312+0000] {dag.py:3823} INFO - Setting next_dagrun for fx_rates_dag to 2026-10-08 12:00:00+00:00, run_after=2026-10-09 12:00:00+00:00
[2026-10-09T10:32:20.349+0000] {processor.py:183} INFO - Processing /opt/airflow/dags/fx_rates_dag.py took 0.086 seconds
[2026-10-09T10:32:50.492+0000] {processor.py:161} INFO - Started process (PID=339) to work on /opt/airflow/dags/fx_rates_dag.py
[2026-10-09T10:32:50.493+0000] {processor.py:830} INFO - Processing file /opt/airflow/dags/fx_rates_dag.py for tasks to queue
[2026-10-09T10:32:50.494+0000] {logging_mixin.py:188} INFO - [2026-10-09T10:32:50.494+0000] {dagbag.py:538} INFO - Filling up the DagBag from /opt/airflow/dags/fx_rates_dag.py
[2026-10-09T10:32:50.511+0000] {processor.py:840} INFO - DAG(s) 'fx_rates_dag' retrieved from /opt/airflow/dags/fx_rates_dag.py
[2026-10-09T10:32:50.528+0000] {logging_mixin.py:188} INFO - [2026-10-09T10:32:50.528+0000] {dag.py:3036} INFO - Sync 1 DAGs
[2026-10-09T10:32:50.544+0000] {logging_mixin.py:188} INFO - [2026-10-09T10:32:50.544+0000] {dag.py:3823} INFO - Setting next_dagrun for fx_rates_dag to 2026-10-08 12:00:00+00:00, run_after=2026-10-09 12:00:00+00:00
[2026-10-09T10:32:50.581+0000] {processor.py:183} INFO - Processing /opt/airflow/dags/fx_rates_dag.py took 0.092 seconds
[2026-10-09T10:33:20.712+0000] {processor.py:161} INFO - Started process (PID=340) to work on /opt/airflow/dags/fx_rates_dag.py
[2026-10-09T10:33:20.713+0000] {processor.py:830} INFO - Processing file /opt/airflow/dags/fx_rates_dag.py for tasks to queue
[2026-10-09T10:33:20.714+0000] {logging_mixin.py:188} INFO - [2026-10-09T10:33:20.714+0000] {dagbag.py:538} INFO - Filling up the DagBag from /opt/airflow/dags/fx_rates_dag.py
[2026-10-09T10:33:20.731+0000] {processor.py:840} INFO - DAG(s) 'fx_rates_dag' retrieved from /opt/airflow/dags/fx_rates_dag.py
[2026-10-09T10:33:20.749+0000] {logging_mixin.py:188} INFO - [2026-10-09T10:33:20.749+0000] {dag.py:3036} INFO - Sync 1 DAGs
[2026-10-09T10:33:20.764+0000] {logging_mixin.py:188} INFO - [2026-10-09T10:33:20.764+0000] {dag.py:3823} INFO - Setting next_dagrun for fx_rates_dag to 2026-10-08 12:00:00+00:00, run_after=2026-10-09 12:00:00+00:00
[2026-10-09T10:33:20.803+0000] {processor.py:183} INFO - Processing /opt/airflow/dags/fx_rates_dag.py took 0.092 seconds
[2026-10-09T10:33:51.037+0000] {processor.py:161} INFO - Started process (PID=341) to work on /opt/airflow/dags/fx_rates_dag.py
[2026-10-09T10:33:51.038+0000] {processor.py:830} INFO - Processing file /opt/airflow/dags/fx_rates_dag.py for tasks to queue
[2026-10-09T10:33:51.039+0000] {logging_mixin.py:188} INFO - [2026-10-09T10:33:51.039+0000] {dagbag.py:538} INFO - Filling up the DagBag from /opt/airflow/dags/fx_rates_dag.py
[2026-10-09T10:33:51.054+0000] {processor.py:840} INFO - DAG(s) 'fx_rates_dag' retrieved from /opt/airflow/dags/fx_rates_dag.py
[2026-10-09T10:33:51.071+0000] {logging_mixin.py:188} INFO - [2026-10-09T10:33:51.070+0000] {dag.py:3036} INFO - Sync 1 DAGs
[2026-10-09T10:33:51.084+0000] {logging_mixin.py:188} INFO - [2026-10-09T10:33:51.084+0000] {dag.py:3823} INFO - Setting next_dagrun for fx_rates_dag to 2026-10-08 12:00:00+00:00, run_after=2026-10-09 12:00:00+00:00
[2026-10-09T10:33:51.122+0000] {processor.py:183} INFO - Processing /opt/airflow/dags/fx_rates_dag.py took 0.086 seconds
[2026-10-09T10:34:21.240+0000] {processor.py:161} INFO - Started process (PID=342) to work on /opt/airflow/dags/fx_rates_dag.py
[2026-10-09T10:34:21.241+0000] {processor.py:830} INFO - Processing file /opt/airflow/dags/fx_rates_dag.py for tasks to queue
[2026-10-09T10:34:21.242+0000] {logging_mixin.py:188} INFO - [2026-10-09T10:34:21.242+0000] {dagbag.py:538} INFO - Filling up the DagBag from /opt/airflow/dags/fx_rates_dag.py
[2026-10-09T10:34:21.257+0000] {processor.py:840} INFO - DAG(s) 'fx_rates_dag' retrieved from /opt/airflow/dags/fx_rates_dag.py
[2026-10-09T10:34:21.273+0000] {logging_mixin.py:188} INFO - [2026-10-09T10:34:21.273+0000] {dag.py:3036} INFO - Sync 1 DAGs
[2026-10-09T10:34:21.286+0000] {logging_mixin.py:188} INFO - [2026-10-09T10:34:21.286+0000] {dag.py:3823} INFO - Setting next_dagrun for fx_rates_dag to 2026-10-08 12:00:00+00:00, run_after=2026-10-09 12:00:00+00:00
[2026-10-09T10:34:21.323+0000] {processor.py:183} INFO - Processing /opt/airflow/dags/fx_rates_dag.py took 0.085 seconds
[2026-10-09T10:34:51.470+0000] {processor.py:161} INFO - Started process (PID=343) to work on /opt/airflow/dags/fx_rates_dag.py
[2026-10-09T10:34:51.471+0000] {processor.py:830} INFO - Processing file /opt/airflow/dags/fx_rates_dag.py for tasks to queue
[2026-10-09T10:34:51.472+0000] {logging_mixin.py:188} INFO - [2026-10-09T10:34:51.472+0000] {dagbag.py:538} INFO - Filling up the DagBag from /opt/airflow/dags/fx_rates_dag.py
[2026-10-09T10:34:51.489+0000] {processor.py:840} INFO - DAG(s) 'fx_rates_dag' retrieved from /opt/airflow/dags/fx_rates_dag.py
[2026-10-09T10:34:51.507+0000] {logging_mixin.py:188} INFO - [2026-10-09T10:34:51.507+0000] {dag.py:3036} INFO - Sync 1 DAGs
[2026-10-09T10:34:51.523+0000] {logging_mixin.py:188} INFO - [2026-10-09T10:34:51.523+0000] {dag.py:3823} INFO - Setting next_dagrun for fx_rates_dag to 2026-10-08 12:00:00+00:00, run_after=2026-10-09 12:00:00+00:00
[2026-10-09T10:34:51.562+0000] {processor.py:183} INFO - Processing /opt/airflow/dags/fx_rates_dag.py took 0.094 seconds
[2026-10-09T10:35:21.797+0000] {processor.py:161} INFO - Started process (PID=344) to work on /opt/airflow/dags/fx_rates_dag.py
[2026-10-09T10:35:21.798+0000] {processor.py:830} INFO - Processing file /opt/airflow/dags/fx_rates_dag.py for tasks to queue
[2026-10-09T10:35:21.799+0000] {logging_mixin.py:188} INFO - [2026-10-09T10:35:21.798+0000] {dagbag.py:538} INFO - Filling up the DagBag from /opt/airflow/dags/fx_rates_dag.py
[2026-10-09T10:35:21.814+0000] {processor.py:840} INFO - DAG(s) 'fx_rates_dag' retrieved from /opt/airflow/dags/fx_rates_dag.py
[2026-10-09T10:35:21.830+0000] {logging_mixin.py:188} INFO - [2026-10-09T10:35:21.830+0000] {dag.py:3036} INFO - Sync 1 DAGs
[2026-10-09T10:35:21.844+0000] {logging_mixin.py:188} INFO - [2026-10-09T10:35:21.844+0000] {dag.py:3823} INFO - Setting next_dagrun for fx_rates_dag to 2026-10-08 12:00:00+00:00, run_after=2026-10-09 12:00:00+00:00
[2026-10-09T10:35:21.881+0000] {processor.py:183} INFO - Processing /opt/airflow/dags/fx_rates_dag.py took 0.086 seconds
[2026-10-09T10:35:52.025+0000] {processor.py:161} INFO - Started process (PID=345) to work on /opt/airflow/dags/fx_rates_dag.py
[2026-10-09T10:35:52.026+0000] {processor.py:830} INFO - Processing file /opt/airflow/dags/fx_rates_dag.py for tasks to queue
[2026-10-09T10:35:52.027+0000] {logging_mixin.py:188} INFO - [2026-10-09T10:35:52.027+0000] {dagbag.py:538} INFO - Filling up the DagBag from /opt/airflow/dags/fx_rates_dag.py
[2026-10-09T10:35:52.043+0000] {processor.py:840} INFO - DAG(s) 'fx_rates_dag' retrieved from /opt/airflow/dags/fx_rates_dag.py
[2026-10-09T10:35:52.060+0000] {logging_mixin.py:188} INFO - [2026-10-09T10:35:52.060+0000] {dag.py:3036} INFO - Sync 1 DAGs
[2026-10-09T10:35:52.074+0000] {logging_mixin.py:188} INFO - [2026-10-09T10:35:52.074+0000] {dag.py:3823} INFO - Setting next_dagrun for fx_rates_dag to 2026-10-08 12:00:00+00:00, run_after=2026-10-09 12:00:00+00:00
[2026-10-09T10:35:52.113+0000] {processor.py:183} INFO - Processing /opt/airflow/dags/fx_rates_dag.py took 0.090 seconds
[2026-10-09T10:36:22.261+0000] {processor.py:161} INFO - Started process (PID=346) to work on /opt/airflow/dags/fx_rates_dag.py
[2026-10-09T10:36:22.262+0000] {processor.py:830} INFO - Processing file /opt/airflow/dags/fx_rates_dag.py for tasks to queue
[2026-10-09T10:36:22.263+0000] {logging_mixin.py:188} INFO - [2026-10-09T10:36:22.262+0000] {dagbag.py:538} INFO - Filling up the DagBag from /opt/airflow/dags/fx_rates_dag.py
[2026-10-09T10:36:22.278+0000] {processor.py:840} INFO - DAG(s) 'fx_rates_dag' retrieved from /opt/airflow/dags/fx_rates_dag.py
[2026-10-09T10:36:22.293+0000] {logging_mixin.py:188} INFO - [2026-10-09T10:36:22.293+0000] {dag.py:3036} INFO - Sync 1 DAGs
[2026-10-09T10:36:22.306+0000] {logging_mixin.py:188} INFO - [2026-10-09T10:36:22.306+0000] {dag.py:3823} INFO - Setting next_dagrun for fx_rates_dag to 2026-10-08 12:00:00+00:00, run_after=2026-10-09 12:00:00+00:00
[2026-10-09T10:36:22.341+0000] {processor.py:183} INFO - Processing /opt/airflow/dags/fx_rates_dag.py took 0.082 seconds
[2026-10-09T10:36:52.465+0000] {processor.py:161} INFO - Started process (PID=347) to work on /opt/airflow/dags/fx_rates_dag.py
[2026-10-09T10:36:52.466+0000] {processor.py:830} INFO - Processing file /opt/airflow/dags/fx_rates_dag.py for tasks to queue
[2026-10-09T10:36:52.467+0000] {logging_mixin.py:188} INFO - [2026-10-09T10:36:52.467+0000] {dagbag.py:538} INFO - Filling up the DagBag from /opt/airflow/dags/fx_rates_dag.py
[2026-10-09T10:36:52.484+0000] {processor.py:840} INFO - DAG(s) 'fx_rates_dag' retrieved from /opt/airflow/dags/fx_rates_dag.py
[2026-10-09T10:36:52.502+0000] {logging_mixin.py:188} INFO - [2026-10-09T10:36:52.501+0000] {dag.py:3036} INFO - Sync 1 DAGs
[2026-10-09T10:36:52.517+0000] {logging_mixin.py:188} INFO - [2026-10-09T10:36:52.517+0000] {dag.py:3823} INFO - Setting next_dagrun for fx_rates_dag to 2026-10-08 12:00:00+00:00, run_after=2026-10-09 12:00:00+00:00
[2026-10-09T10:36:52.558+0000] {processor.py:183} INFO - Processing /opt/airflow/dags/fx_rates_dag.py took 0.095 seconds
[2026-10-09T10:37:22.822+0000] {processor.py:161} INFO - Started process (PID=348) to work on /opt/airflow/dags/fx_rates_dag.py
[2026-10-09T10:37:22.823+0000] {processor.py:830} INFO - Processing file /opt/airflow/dags/fx_rates_dag.py for tasks to queue
[2026-10-09T10:37:22.824+0000] {logging_mixin.py:188} INFO - [2026-10-09T10:37:22.824+0000] {dagbag.py:538} INFO - Filling up the DagBag from /opt/airflow/dags/fx_rates_dag.py
[2026-10-09T10:37:22.841+0000] {processor.py:840} INFO - DAG(s) 'fx_rates_dag' retrieved from /opt/airflow/dags/fx_rates_dag.py
[2026-10-09T10:37:22.858+0000] {logging_mixin.py:188} INFO - [2026-10-09T10:37:22.858+0000] {dag.py:3036} INFO - Sync 1 DAGs
[2026-10-09T10:37:22.874+0000] {logging_mixin.py:188} INFO - [2026-10-09T10:37:22.874+0000] {dag.py:3823} INFO - Setting next_dagrun for fx_rates_dag to 2026-10-08 12:00:00+00:00, run_after=2026-10-09 12:00:00+00:00
[2026-10-09T10:37:22.913+0000] {processor.py:183} INFO - Processing /opt/airflow/dags/fx_rates_dag.py took 0.093 seconds
[2026-10-09T10:37:53.168+0000] {processor.py:161} INFO - Started process (PID=349) to work on /opt/airflow/dags/fx_rates_dag.py
[2026-10-09T10:37:53.169+0000] {processor.py:830} INFO - Processing file /opt/airflow/dags/fx_rates_dag.py for tasks to queue
[2026-10-09T10:37:53.170+0000] {logging_mixin.py:188} INFO - [2026-10-09T10:37:53.170+0000] {dagbag.py:538} INFO - Filling up the DagBag from /opt/airflow/dags/fx_rates_dag.py
[2026-10-09T10:37:53.185+0000] {processor.py:840} INFO - DAG(s) 'fx_rates_dag' retrieved from /opt/airflow/dags/fx_rates_dag.py
[2026-10-09T10:37:53.201+0000] {logging_mixin.py:188} INFO - [2026-10-09T10:37:53.201+0000] {dag.py:3036} INFO - Sync 1 DAGs
[2026-10-09T10:37:53.215+0000] {logging_mixin.py:188} INFO - [2026-10-09T10:37:53.215+0000] {dag.py:3823} INFO - Setting next_dagrun for fx_rates_dag to 2026-10-08 12:00:00+00:00, run_after=2026-10-09 12:00:00+00:00
[2026-10-09T10:37:53.251+0000] {processor.py:183} INFO - Processing /opt/airflow/dags/fx_rates_dag.py took 0.085 seconds
[2026-10-09T10:38:23.396+0000] {processor.py:161} INFO - Started process (PID=350) to work on /opt/airflow/dags/fx_rates_dag.py
[2026-10-09T10:38:23.398+0000] {processor.py:830} INFO - Processing file /opt/airflow/dags/fx_rates_dag.py for tasks to queue
[2026-10-09T10:38:23.399+0000] {logging_mixin.py:188} INFO - [2026-10-09T10:38:23.399+0000] {dagbag.py:538} INFO - Filling up the DagBag from /opt/airflow/dags/fx_rates_dag.py
[2026-10-09T10:38:23.416+0000] {processor.py:840} INFO - DAG(s) 'fx_rates_dag' retrieved from /opt/airflow/dags/fx_rates_dag.py
[2026-10-09T10:38:23.434+0000] {logging_mixin.py:188} INFO - [2026-10-09T10:38:23.434+0000] {dag.py:3036} INFO - Sync 1 DAGs
[2026-10-09T10:38:23.449+0000] {logging_mixin.py:188} INFO - [2026-10-09T10:38:23.448+0000] {dag.py:3823} INFO - Setting next_dagrun for fx_rates_dag to 2026-10-08 12:00:00+00:00, run_after=2026-10-09 12:00:00+00:00
[2026-10-09T10:38:23.486+0000] {processor.py:183} INFO - Processing /opt/airflow/dags/fx_rates_dag.py took 0.092 seconds
[2026-10-09T10:38:53.626+0000] {processor.py:161} INFO - Started process (PID=351) to work on /opt/airflow/dags/fx_rates_dag.py
[2026-10-09T10:38:53.627+0000] {processor.py:830} INFO - Processing file /opt/airflow/dags/fx_rates_dag.py for tasks to queue
[2026-10-09T10:38:53.628+0000] {logging_mixin.py:188} INFO - [2026-10-09T10:38:53.628+0000] {dagbag.py:538} INFO - Filling up the DagBag from /opt/airflow/dags/fx_rates_dag.py
[2026-10-09T10:38:53.646+0000] {processor.py:840} INFO - DAG(s) 'fx_rates_dag' retrieved from /opt/airflow/dags/fx_rates_dag.py
[2026-10-09T10:38:53.662+0000] {logging_mixin.py:188} INFO - [2026-10-09T10:38:53.662+0000] {dag.py:3036} INFO - Sync 1 DAGs
[2026-10-09T10:38:53.676+0000] {logging_mixin.py:188} INFO - [2026-10-09T10:38:53.676+0000] {dag.py:3823} INFO - Setting next_dagrun for fx_rates_dag to 2026-10-08 12:00:00+00:00, run_after=2026-10-09 12:00:00+00:00
[2026-10-09T10:38:53.713+0000] {processor.py:183} INFO - Processing /opt/airflow/dags/fx_rates_dag.py took 0.088 seconds
[2026-10-09T10:39:23.858+0000] {processor.py:161} INFO - Started process (PID=352) to work on /opt/airflow/dags/fx_rates_dag.py
[2026-10-09T10:39:23.859+0000] {processor.py:830} INFO - Processing file /opt/airflow/dags/fx_rates_dag.py for tasks to queue
[2026-10-09T10:39:23.860+0000] {logging_mixin.py:188} INFO - [2026-10-09T10:39:23.859+0000] {dagbag.py:538} INFO - Filling up the DagBag from /opt/airflow/dags/fx_rates_dag.py
[2026-10-09T10:39:23.876+0000] {processor.py:840} INFO - DAG(s) 'fx_rates_dag' retrieved from /opt/airflow/dags/fx_rates_dag.py
[2026-10-09T10:39:23.892+0000] {logging_mixin.py:188} INFO - [2026-10-09T10:39:23.892+0000] {dag.py:3036} INFO - Sync 1 DAGs
[2026-10-09T10:39:23.907+0000] {logging_mixin.py:188} INFO - [2026-10-09T10:39:23.907+0000] {dag.py:3823} INFO - Setting next_dagrun for fx_rates_dag to 2026-10-08 12:00:00+00:00, run_after=2026-10-09 12:00:00+00:00
[2026-10-09T10:39:23.944+0000] {processor.py:183} INFO - Processing /opt/airflow/dags/fx_rates_dag.py took 0.088 seconds
[2026-10-09T10:39:54.099+0000] {processor.py:161} INFO - Started process (PID=353) to work on /opt/airflow/dags/fx_rates_dag.py
[2026-10-09T10:39:54.100+0000] {processor.py:830} INFO - Processing file /opt/airflow/dags/fx_rates_dag.py for tasks to queue
[2026-10-09T10:39:54.101+0000] {logging_mixin.py:188} INFO - [2026-10-09T10:39:54.100+0000] {dagbag.py:538} INFO - Filling up the DagBag from /opt/airflow/dags/fx_rates_dag.py
[2026-10-09T10:39:54.118+0000] {processor.py:840} INFO - DAG(s) 'fx_rates_dag' retrieved from /opt/airflow/dags/fx_rates_dag.py
[2026-10-09T10:39:54.138+0000] {logging_mixin.py:188} INFO - [2026-10-09T10:39:54.138+0000] {dag.py:3036} INFO - Sync 1 DAGs
[2026-10-09T10:39:54.154+0000] {logging_mixin.py:188} INFO - [2026-10-09T10:39:54.153+0000] {dag.py:3823} INFO - Setting next_dagrun for fx_rates_dag to 2026-10-08 12:00:00+00:00, run_after=2026-10-09 12:00:00+00:00
[2026-10-09T10:39:54.191+0000] {processor.py:183} INFO - Processing /opt/airflow/dags/fx_rates_dag.py took 0.094 seconds
[2026-10-09T10:40:24.423+0000] {processor.py:161} INFO - Started process (PID=354) to work on /opt/airflow/dags/fx_rates_dag.py
[2026-10-09T10:40:24.424+0000] {processor.py:830} INFO - Processing file /opt/airflow/dags/fx_rates_dag.py for tasks to queue
[2026-10-09T10:40:24.425+0000] {logging_mixin.py:188} INFO - [2026-10-09T10:40:24.425+0000] {dagbag.py:538} INFO - Filling up the DagBag from /opt/airflow/dags/fx_rates_dag.py
[2026-10-09T10:40:24.442+0000] {processor.py:840} INFO - DAG(s) 'fx_rates_dag' retrieved from /opt/airflow/dags/fx_rates_dag.py
[2026-10-09T10:40:24.461+0000] {logging_mixin.py:188} INFO - [2026-10-09T10:40:24.461+0000] {dag.py:3036} INFO - Sync 1 DAGs
[2026-10-09T10:40:24.477+0000] {logging_mixin.py:188} INFO - [2026-10-09T10:40:24.477+0000] {dag.py:3823} INFO - Setting next_dagrun for fx_rates_dag to 2026-10-08 12:00:00+00:00, run_after=2026-10-09 12:00:00+00:00
[2026-10-09T10:40:24.516+0000] {processor.py:183} INFO - Processing /opt/airflow/dags/fx_rates_dag.py took 0.095 seconds
[2026-10-09T10:40:54.747+0000] {processor.py:161} INFO - Started process (PID=355) to work on /opt/airflow/dags/fx_rates_dag.py
[2026-10-09T10:40:54.748+0000] {processor.py:830} INFO - Processing file /opt/airflow/dags/fx_rates_dag.py for tasks to queue
[2026-10-09T10:40:54.748+0000] {logging_mixin.py:188} INFO - [2026-10-09T10:40:54.748+0000] {dagbag.py:538} INFO - Filling up the DagBag from /opt/airflow/dags/fx_rates_dag.py
[2026-10-09T10:40:54.763+0000] {processor.py:840} INFO - DAG(s) 'fx_rates_dag' retrieved from /opt/airflow/dags/fx_rates_dag.py
[2026-10-09T10:40:54.780+0000] {logging_mixin.py:188} INFO - [2026-10-09T10:40:54.779+0000] {dag.py:3036} INFO - Sync 1 DAGs
[2026-10-09T10:40:54.794+0000] {logging_mixin.py:188} INFO - [2026-10-09T10:40:54.794+0000] {dag.py:3823} INFO - Setting next_dagrun for fx_rates_dag to 2026-10-08 12:00:00+00:00, run_after=2026-10-09 12:00:00+00:00
[2026-10-09T10:40:54.832+0000] {processor.py:183} INFO - Processing /opt/airflow/dags/fx_rates_dag.py took 0.087 seconds
[2026-10-09T10:41:24.978+0000] {processor.py:161} INFO - Started process (PID=356) to work on /opt/airflow/dags/fx_rates_dag.py
[2026-10-09T10:41:24.979+0000] {processor.py:830} INFO - Processing file /opt/airflow/dags/fx_rates_dag.py for tasks to queue
[2026-10-09T10:41:24.980+0000] {logging_mixin.py:188} INFO - [2026-10-09T10:41:24.980+0000] {dagbag.py:538} INFO - Filling up the DagBag from /opt/airflow/dags/fx_rates_dag.py
[2026-10-09T10:41:24.998+0000] {processor.py:840} INFO - DAG(s) 'fx_rates_dag' retrieved from /opt/airflow/dags/fx_rates_dag.py
[2026-10-09T10:41:25.019+0000] {logging_mixin.py:188} INFO - [2026-10-09T10:41:25.019+0000] {dag.py:3036} INFO - Sync 1 DAGs
[2026-10-09T10:41:25.035+0000] {logging_mixin.py:188} INFO - [2026-10-09T10:41:25.035+0000] {dag.py:3823} INFO - Setting next_dagrun for fx_rates_dag to 2026-10-08 12:00:00+00:00, run_after=2026-10-09 12:00:00+00:00
[2026-10-09T10:41:25.071+0000] {processor.py:183} INFO - Processing /opt/airflow/dags/fx_rates_dag.py took 0.097 seconds
[2026-10-09T10:41:55.301+0000] {processor.py:161} INFO - Started process (PID=357) to work on /opt/airflow/dags/fx_rates_dag.py
[2026-10-09T10:41:55.302+0000] {processor.py:830} INFO - Processing file /opt/airflow/dags/fx_rates_dag.py for tasks to queue
[2026-10-09T10:41:55.303+0000] {logging_mixin.py:188} INFO - [2026-10-09T10:41:55.303+0000] {dagbag.py:538} INFO - Filling up the DagBag from /opt/airflow/dags/fx_rates_dag.py
[2026-10-09T10:41:55.318+0000] {processor.py:840} INFO - DAG(s) 'fx_rates_dag' retrieved from /opt/airflow/dags/fx_rates_dag.py
[2026-10-09T10:41:55.334+0000] {logging_mixin.py:188} INFO - [2026-10-09T10:41:55.333+0000] {dag.py:3036} INFO - Sync 1 DAGs
[2026-10-09T10:41:55.347+0000] {logging_mixin.py:188} INFO - [2026-10-09T10:41:55.347+0000] {dag.py:3823} INFO - Setting next_dagrun for fx_rates_dag to 2026-10-08 12:00:00+00:00, run_after=2026-10-09 12:00:00+00:00
[2026-10-09T10:41:55.383+0000] {processor.py:183} INFO - Processing /opt/airflow/dags/fx_rates_dag.py took 0.084 seconds
[2026-10-09T10:42:25.527+0000] {processor.py:161} INFO - Started process (PID=358) to work on /opt/airflow/dags/fx_rates_dag.py
[2026-10-09T10:42:25.527+0000] {processor.py:830} INFO - Processing file /opt/airflow/dags/fx_rates_dag.py for tasks to queue
[2026-10-09T10:42:25.529+0000] {logging_mixin.py:188} INFO - [2026-10-09T10:42:25.528+0000] {dagbag.py:538} INFO - Filling up the DagBag from /opt/airflow/dags/fx_rates_dag.py
[2026-10-09T10:42:25.544+0000] {processor.py:840} INFO - DAG(s) 'fx_rates_dag' retrieved from /opt/airflow/dags/fx_rates_dag.py
[2026-10-09T10:42:25.560+0000] {logging_mixin.py:188} INFO - [2026-10-09T10:42:25.560+0000] {dag.py:3036} INFO - Sync 1 DAGs
[2026-10-09T10:42:25.573+0000] {logging_mixin.py:188} INFO - [2026-10-09T10:42:25.573+0000] {dag.py:3823} INFO - Setting next_dagrun for fx_rates_dag to 2026-10-08 12:00:00+00:00, run_after=2026-10-09 12:00:00+00:00
[2026-10-09T10:42:25.610+0000] {processor.py:183} INFO - Processing /opt/airflow/dags/fx_rates_dag.py took 0.086 seconds
[2026-10-09T10:42:55.750+0000] {processor.py:161} INFO - Started process (PID=359) to work on /opt/airflow/dags/fx_rates_dag.py
[2026-10-09T10:42:55.751+0000] {processor.py:830} INFO - Processing file /opt/airflow/dags/fx_rates_dag.py for tasks to queue
[2026-10-09T10:42:55.752+0000] {logging_mixin.py:188} INFO - [2026-10-09T10:42:55.752+0000] {dagbag.py:538} INFO - Filling up the DagBag from /opt/airflow/dags/fx_rates_dag.py
[2026-10-09T10:42:55.767+0000] {processor.py:840} INFO - DAG(s) 'fx_rates_dag' retrieved from /opt/airflow/dags/fx_rates_dag.py
[2026-10-09T10:42:55.782+0000] {logging_mixin.py:188} INFO - [2026-10-09T10:42:55.782+0000] {dag.py:3036} INFO - Sync 1 DAGs
[2026-10-09T10:42:55.796+0000] {logging_mixin.py:188} INFO - [2026-10-09T10:42:55.796+0000] {dag.py:3823} INFO - Setting next_dagrun for fx_rates_dag to 2026-10-08 12:00:00+00:00, run_after=2026-10-09 12:00:00+00:00
[2026-10-09T10:42:55.832+0000] {processor.py:183} INFO - Processing /opt/airflow/dags/fx_rates_dag.py took 0.083 seconds
[2026-10-09T10:43:25.974+0000] {processor.py:161} INFO - Started process (PID=360) to work on /opt/airflow/dags/fx_rates_dag.py
[2026-10-09T10:43:25.975+0000] {processor.py:830} INFO - Processing file /opt/airflow/dags/fx_rates_dag.py for tasks to queue
[2026-10-09T10:43:25.976+0000] {logging_mixin.py:188} INFO - [2026-10-09T10:43:25.976+0000] {dagbag.py:538} INFO - Filling up the DagBag from /opt/airflow/dags/fx_rates_dag.py
[2026-10-09T10:43:25.993+0000] {processor.py:840} INFO - DAG(s) 'fx_rates_dag' retrieved from /opt/airflow/dags/fx_rates_dag.py
[2026-10-09T10:43:26.009+0000] {logging_mixin.py:188} INFO - [2026-10-09T10:43:26.009+0000] {dag.py:3036} INFO - Sync 1 DAGs
[2026-10-09T10:43:26.023+0000] {logging_mixin.py:188} INFO - [2026-10-09T10:43:26.023+0000] {dag.py:3823} INFO - Setting next_dagrun for fx_rates_dag to 2026-10-08 12:00:00+00:00, run_after=2026-10-09 12:00:00+00:00
[2026-10-09T10:43:26.063+0000] {processor.py:183} INFO - Processing /opt/airflow/dags/fx_rates_dag.py took 0.091 seconds
[2026-10-09T10:43:56.211+0000] {processor.py:161} INFO - Started process (PID=361) to work on /opt/airflow/dags/fx_rates_dag.py
[2026-10-09T10:43:56.212+0000] {processor.py:830} INFO - Processing file /opt/airflow/dags/fx_rates_dag.py for tasks to queue
[2026-10-09T10:43:56.213+0000] {logging_mixin.py:188} INFO - [2026-10-09T10:43:56.213+0000] {dagbag.py:538} INFO - Filling up the DagBag from /opt/airflow/dags/fx_rates_dag.py
[2026-10-09T10:43:56.228+0000] {processor.py:840} INFO - DAG(s) 'fx_rates_dag' retrieved from /opt/airflow/dags/fx_rates_dag.py
[2026-10-09T10:43:56.244+0000] {logging_mixin.py:188} INFO - [2026-10-09T10:43:56.244+0000] {dag.py:3036} INFO - Sync 1 DAGs
[2026-10-09T10:43:56.257+0000] {logging_mixin.py:188} INFO - [2026-10-09T10:43:56.257+0000] {dag.py:3823} INFO - Setting next_dagrun for fx_rates_dag to 2026-10-08 12:00:00+00:00, run_after=2026-10-09 12:00:00+00:00
[2026-10-09T10:43:56.293+0000] {processor.py:183} INFO - Processing /opt/airflow/dags/fx_rates_dag.py took 0.084 seconds
[2026-10-09T10:44:26.436+0000] {processor.py:161} INFO - Started process (PID=362) to work on /opt/airflow/dags/fx_rates_dag.py
[2026-10-09T10:44:26.437+0000] {processor.py:830} INFO - Processing file /opt/airflow/dags/fx_rates_dag.py for tasks to queue
[2026-10-09T10:44:26.438+0000] {logging_mixin.py:188} INFO - [2026-10-09T10:44:26.438+0000] {dagbag.py:538} INFO - Filling up the DagBag from /opt/airflow/dags/fx_rates_dag.py
[2026-10-09T10:44:26.453+0000] {processor.py:840} INFO - DAG(s) 'fx_rates_dag' retrieved from /opt/airflow/dags/fx_rates_dag.py
[2026-10-09T10:44:26.469+0000] {logging_mixin.py:188} INFO - [2026-10-09T10:44:26.469+0000] {dag.py:3036} INFO - Sync 1 DAGs
[2026-10-09T10:44:26.483+0000] {logging_mixin.py:188} INFO - [2026-10-09T10:44:26.482+0000] {dag.py:3823} INFO - Setting next_dagrun for fx_rates_dag to 2026-10-08 12:00:00+00:00, run_after=2026-10-09 12:00:00+00:00
[2026-10-09T10:44:26.520+0000] {processor.py:183} INFO - Processing /opt/airflow/dags/fx_rates_dag.py took 0.086 seconds
[2026-10-09T10:44:56.661+0000] {processor.py:161} INFO - Started process (PID=363) to work on /opt/airflow/dags/fx_rates_dag.py
[2026-10-09T10:44:56.662+0000] {processor.py:830} INFO - Processing file /opt/airflow/dags/fx_rates_dag.py for tasks to queue
[2026-10-09T10:44:56.663+0000] {logging_mixin.py:188} INFO - [2026-10-09T10:44:56.663+0000] {dagbag.py:538} INFO - Filling up the DagBag from /opt/airflow/dags/fx_rates_dag.py
[2026-10-09T10:44:56.679+0000] {processor.py:840} INFO - DAG(s) 'fx_rates_dag' retrieved from /opt/airflow/dags/fx_rates_dag.py
[2026-10-09T10:44:56.698+0000] {logging_mixin.py:188} INFO - [2026-10-09T10:44:56.697+0000] {dag.py:3036} INFO - Sync 1 DAGs
[2026-10-09T10:44:56.712+0000] {logging_mixin.py:188} INFO - [2026-10-09T10:44:56.712+0000] {dag.py:3823} INFO - Setting next_dagrun for fx_rates_dag to 2026-10-08 12:00:00+00:00, run_after=2026-10-09 12:00:00+00:00
[2026-10-09T10:44:56.749+0000] {processor.py:183} INFO - Processing /opt/airflow/dags/fx_rates_dag.py took 0.091 seconds
[2026-10-09T10:45:26.890+0000] {processor.py:161} INFO - Started process (PID=364) to work on /opt/airflow/dags/fx_rates_dag.py
[2026-10-09T10:45:26.891+0000] {processor.py:830} INFO - Processing file /opt/airflow/dags/fx_rates_dag.py for tasks to queue
[2026-10-09T10:45:26.891+0000] {logging_mixin.py:188} INFO - [2026-10-09T10:45:26.891+0000] {dagbag.py:538} INFO - Filling up the DagBag from /opt/airflow/dags/fx_rates_dag.py
[2026-10-09T10:45:26.908+0000] {processor.py:840} INFO - DAG(s) 'fx_rates_dag' retrieved from /opt/airflow/dags/fx_rates_dag.py
[2026-10-09T10:45:26.926+0000] {logging_mixin.py:188} INFO - [2026-10-09T10:45:26.926+0000] {dag.py:3036} INFO - Sync 1 DAGs
[2026-10-09T10:45:26.944+0000] {logging_mixin.py:188} INFO - [2026-10-09T10:45:26.944+0000] {dag.py:3823} INFO - Setting next_dagrun for fx_rates_dag to 2026-10-08 12:00:00+00:00, run_after=2026-10-09 12:00:00+00:00
[2026-10-09T10:45:26.983+0000] {processor.py:183} INFO - Processing /opt/airflow/dags/fx_rates_dag.py took 0.095 seconds
[2026-10-09T10:45:57.215+0000] {processor.py:161} INFO - Started process (PID=365) to work on /opt/airflow/dags/fx_rates_dag.py
[2026-10-09T10:45:57.216+0000] {processor.py:830} INFO - Processing file /opt/airflow/dags/fx_rates_dag.py for tasks to queue
[2026-10-09T10:45:57.217+0000] {logging_mixin.py:188} INFO - [2026-10-09T10:45:57.217+0000] {dagbag.py:538} INFO - Filling up the DagBag from /opt/airflow/dags/fx_rates_dag.py
[2026-10-09T10:45:57.234+0000] {processor.py:840} INFO - DAG(s) 'fx_rates_dag' retrieved from /opt/airflow/dags/fx_rates_dag.py
[2026-10-09T10:45:57.251+0000] {logging_mixin.py:188} INFO - [2026-10-09T10:45:57.251+0000] {dag.py:3036} INFO - Sync 1 DAGs
[2026-10-09T10:45:57.266+0000] {logging_mixin.py:188} INFO - [2026-10-09T10:45:57.266+0000] {dag.py:3823} INFO - Setting next_dagrun for fx_rates_dag to 2026-10-08 12:00:00+00:00, run_after=2026-10-09 12:00:00+00:00
[2026-10-09T10:45:57.302+0000] {processor.py:183} INFO - Processing /opt/airflow/dags/fx_rates_dag.py took 0.089 seconds
[2026-10-09T10:46:27.442+0000] {processor.py:161} INFO - Started process (PID=366) to work on /opt/airflow/dags/fx_rates_dag.py
[2026-10-09T10:46:27.443+0000] {processor.py:830} INFO - Processing file /opt/airflow/dags/fx_rates_dag.py for tasks to queue
[2026-10-09T10:46:27.444+0000] {logging_mixin.py:188} INFO - [2026-10-09T10:46:27.444+0000] {dagbag.py:538} INFO - Filling up the DagBag from /opt/airflow/dags/fx_rates_dag.py
[2026-10-09T10:46:27.461+0000] {processor.py:840} INFO - DAG(s) 'fx_rates_dag' retrieved from /opt/airflow/dags/fx_rates_dag.py
[2026-10-09T10:46:27.479+0000] {logging_mixin.py:188} INFO - [2026-10-09T10:46:27.478+0000] {dag.py:3036} INFO - Sync 1 DAGs
[2026-10-09T10:46:27.493+0000] {logging_mixin.py:188} INFO - [2026-10-09T10:46:27.493+0000] {dag.py:3823} INFO - Setting next_dagrun for fx_rates_dag to 2026-10-08 12:00:00+00:00, run_after=2026-10-09 12:00:00+00:00
[2026-10-09T10:46:27.530+0000] {processor.py:183} INFO - Processing /opt/airflow/dags/fx_rates_dag.py took 0.090 seconds
[2026-10-09T10:46:57.629+0000] {processor.py:161} INFO - Started process (PID=367) to work on /opt/airflow/dags/fx_rates_dag.py
[2026-10-09T10:46:57.630+0000] {processor.py:830} INFO - Processing file /opt/airflow/dags/fx_rates_dag.py for tasks to queue
[2026-10-09T10:46:57.631+0000] {logging_mixin.py:188} INFO - [2026-10-09T10:46:57.631+0000] {dagbag.py:538} INFO - Filling up the DagBag from /opt/airflow/dags/fx_rates_dag.py
[2026-10-09T10:46:57.646+0000] {processor.py:840} INFO - DAG(s) 'fx_rates_dag' retrieved from /opt/airflow/dags/fx_rates_dag.py
[2026-10-09T10:46:57.662+0000] {logging_mixin.py:188} INFO - [2026-10-09T10:46:57.662+0000] {dag.py:3036} INFO - Sync 1 DAGs
[2026-10-09T10:46:57.676+0000] {logging_mixin.py:188} INFO - [2026-10-09T10:46:57.676+0000] {dag.py:3823} INFO - Setting next_dagrun for fx_rates_dag to 2026-10-08 12:00:00+00:00, run_after=2026-10-09 12:00:00+00:00
[2026-10-09T10:46:57.712+0000] {processor.py:183} INFO - Processing /opt/airflow/dags/fx_rates_dag.py took 0.084 seconds
[2026-10-09T10:47:27.863+0000] {processor.py:161} INFO - Started process (PID=368) to work on /opt/airflow/dags/fx_rates_dag.py
[2026-10-09T10:47:27.864+0000] {processor.py:830} INFO - Processing file /opt/airflow/dags/fx_rates_dag.py for tasks to queue
[2026-10-09T10:47:27.865+0000] {logging_mixin.py:188} INFO - [2026-10-09T10:47:27.865+0000] {dagbag.py:538} INFO - Filling up the DagBag from /opt/airflow/dags/fx_rates_dag.py
[2026-10-09T10:47:27.881+0000] {processor.py:840} INFO - DAG(s) 'fx_rates_dag' retrieved from /opt/airflow/dags/fx_rates_dag.py
[2026-10-09T10:47:27.896+0000] {logging_mixin.py:188} INFO - [2026-10-09T10:47:27.896+0000] {dag.py:3036} INFO - Sync 1 DAGs
[2026-10-09T10:47:27.909+0000] {logging_mixin.py:188} INFO - [2026-10-09T10:47:27.909+0000] {dag.py:3823} INFO - Setting next_dagrun for fx_rates_dag to 2026-10-08 12:00:00+00:00, run_after=2026-10-09 12:00:00+00:00
[2026-10-09T10:47:27.945+0000] {processor.py:183} INFO - Processing /opt/airflow/dags/fx_rates_dag.py took 0.083 seconds
[2026-10-09T10:47:58.087+0000] {processor.py:161} INFO - Started process (PID=369) to work on /opt/airflow/dags/fx_rates_dag.py
[2026-10-09T10:47:58.088+0000] {processor.py:830} INFO - Processing file /opt/airflow/dags/fx_rates_dag.py for tasks to queue
[2026-10-09T10:47:58.089+0000] {logging_mixin.py:188} INFO - [2026-10-09T10:47:58.088+0000] {dagbag.py:538} INFO - Filling up the DagBag from /opt/airflow/dags/fx_rates_dag.py
[2026-10-09T10:47:58.105+0000] {processor.py:840} INFO - DAG(s) 'fx_rates_dag' retrieved from /opt/airflow/dags/fx_rates_dag.py
[2026-10-09T10:47:58.126+0000] {logging_mixin.py:188} INFO - [2026-10-09T10:47:58.126+0000] {dag.py:3036} INFO - Sync 1 DAGs
[2026-10-09T10:47:58.141+0000] {logging_mixin.py:188} INFO - [2026-10-09T10:47:58.141+0000] {dag.py:3823} INFO - Setting next_dagrun for fx_rates_dag to 2026-10-08 12:00:00+00:00, run_after=2026-10-09 12:00:00+00:00
[2026-10-09T10:47:58.180+0000] {processor.py:183} INFO - Processing /opt/airflow/dags/fx_rates_dag.py took 0.096 seconds
[2026-10-09T10:48:28.412+0000] {processor.py:161} INFO - Started process (PID=370) to work on /opt/airflow/dags/fx_rates_dag.py
[2026-10-09T10:48:28.413+0000] {processor.py:830} INFO - Processing file /opt/airflow/dags/fx_rates_dag.py for tasks to queue
[2026-10-09T10:48:28.414+0000] {logging_mixin.py:188} INFO - [2026-10-09T10:48:28.414+0000] {dagbag.py:538} INFO - Filling up the DagBag from /opt/airflow/dags/fx_rates_dag.py
[2026-10-09T10:48:28.429+0000] {processor.py:840} INFO - DAG(s) 'fx_rates_dag' retrieved from /opt/airflow/dags/fx_rates_dag.py
[2026-10-09T10:48:28.444+0000] {logging_mixin.py:188} INFO - [2026-10-09T10:48:28.444+0000] {dag.py:3036} INFO - Sync 1 DAGs
[2026-10-09T10:48:28.458+0000] {logging_mixin.py:188} INFO - [2026-10-09T10:48:28.458+0000] {dag.py:3823} INFO - Setting next_dagrun for fx_rates_dag to 2026-10-08 12:00:00+00:00, run_after=2026-10-09 12:00:00+00:00
[2026-10-09T10:48:28.496+0000] {processor.py:183} INFO - Processing /opt/airflow/dags/fx_rates_dag.py took 0.086 seconds
[2026-10-09T10:48:58.635+0000] {processor.py:161} INFO - Started process (PID=371) to work on /opt/airflow/dags/fx_rates_dag.py
[2026-10-09T10:48:58.636+0000] {processor.py:830} INFO - Processing file /opt/airflow/dags/fx_rates_dag.py for tasks to queue
[2026-10-09T10:48:58.637+0000] {logging_mixin.py:188} INFO - [2026-10-09T10:48:58.637+0000] {dagbag.py:538} INFO - Filling up the DagBag from /opt/airflow/dags/fx_rates_dag.py
[2026-10-09T10:48:58.652+0000] {processor.py:840} INFO - DAG(s) 'fx_rates_dag' retrieved from /opt/airflow/dags/fx_rates_dag.py
[2026-10-09T10:48:58.667+0000] {logging_mixin.py:188} INFO - [2026-10-09T10:48:58.667+0000] {dag.py:3036} INFO - Sync 1 DAGs
[2026-10-09T10:48:58.682+0000] {logging_mixin.py:188} INFO - [2026-10-09T10:48:58.682+0000] {dag.py:3823} INFO - Setting next_dagrun for fx_rates_dag to 2026-10-08 12:00:00+00:00, run_after=2026-10-09 12:00:00+00:00
[2026-10-09T10:48:58.720+0000] {processor.py:183} INFO - Processing /opt/airflow/dags/fx_rates_dag.py took 0.086 seconds
[2026-10-09T10:49:28.861+0000] {processor.py:161} INFO - Started process (PID=372) to work on /opt/airflow/dags/fx_rates_dag.py
[2026-10-09T10:49:28.862+0000] {processor.py:830} INFO - Processing file /opt/airflow/dags/fx_rates_dag.py for tasks to queue
[2026-10-09T10:49:28.863+0000] {logging_mixin.py:188} INFO - [2026-10-09T10:49:28.863+0000] {dagbag.py:538} INFO - Filling up the DagBag from /opt/airflow/dags/fx_rates_dag.py
[2026-10-09T10:49:28.878+0000] {processor.py:840} INFO - DAG(s) 'fx_rates_dag' retrieved from /opt/airflow/dags/fx_rates_dag.py
[2026-10-09T10:49:28.894+0000] {logging_mixin.py:188} INFO - [2026-10-09T10:49:28.893+0000] {dag.py:3036} INFO - Sync 1 DAGs
[2026-10-09T10:49:28.908+0000] {logging_mixin.py:188} INFO - [2026-10-09T10:49:28.907+0000] {dag.py:3823} INFO - Setting next_dagrun for fx_rates_dag to 2026-10-08 12:00:00+00:00, run_after=2026-10-09 12:00:00+00:00
[2026-10-09T10:49:28.944+0000] {processor.py:183} INFO - Processing /opt/airflow/dags/fx_rates_dag.py took 0.084 seconds
[2026-10-09T10:49:59.084+0000] {processor.py:161} INFO - Started process (PID=373) to work on /opt/airflow/dags/fx_rates_dag.py
[2026-10-09T10:49:59.085+0000] {processor.py:830} INFO - Processing file /opt/airflow/dags/fx_rates_dag.py for tasks to queue
[2026-10-09T10:49:59.086+0000] {logging_mixin.py:188} INFO - [2026-10-09T10:49:59.085+0000] {dagbag.py:538} INFO - Filling up the DagBag from /opt/airflow/dags/fx_rates_dag.py
[2026-10-09T10:49:59.102+0000] {processor.py:840} INFO - DAG(s) 'fx_rates_dag' retrieved from /opt/airflow/dags/fx_rates_dag.py
[2026-10-09T10:49:59.120+0000] {logging_mixin.py:188} INFO - [2026-10-09T10:49:59.120+0000] {dag.py:3036} INFO - Sync 1 DAGs
[2026-10-09T10:49:59.135+0000] {logging_mixin.py:188} INFO - [2026-10-09T10:49:59.135+0000] {dag.py:3823} INFO - Setting next_dagrun for fx_rates_dag to 2026-10-08 12:00:00+00:00, run_after=2026-10-09 12:00:00+00:00
[2026-10-09T10:49:59.172+0000] {processor.py:183} INFO - Processing /opt/airflow/dags/fx_rates_dag.py took 0.090 seconds
[2026-10-09T10:50:29.332+0000] {processor.py:161} INFO - Started process (PID=374) to work on /opt/airflow/dags/fx_rates_dag.py
[2026-10-09T10:50:29.333+0000] {processor.py:830} INFO - Processing file /opt/airflow/dags/fx_rates_dag.py for tasks to queue
[2026-10-09T10:50:29.334+0000] {logging_mixin.py:188} INFO - [2026-10-09T10:50:29.334+0000] {dagbag.py:538} INFO - Filling up the DagBag from /opt/airflow/dags/fx_rates_dag.py
[2026-10-09T10:50:29.350+0000] {processor.py:840} INFO - DAG(s) 'fx_rates_dag' retrieved from /opt/airflow/dags/fx_rates_dag.py
[2026-10-09T10:50:29.369+0000] {logging_mixin.py:188} INFO - [2026-10-09T10:50:29.369+0000] {dag.py:3036} INFO - Sync 1 DAGs
[2026-10-09T10:50:29.383+0000] {logging_mixin.py:188} INFO - [2026-10-09T10:50:29.383+0000] {dag.py:3823} INFO - Setting next_dagrun for fx_rates_dag to 2026-10-08 12:00:00+00:00, run_after=2026-10-09 12:00:00+00:00
[2026-10-09T10:50:29.422+0000] {processor.py:183} INFO - Processing /opt/airflow/dags/fx_rates_dag.py took 0.091 seconds
[2026-10-09T10:50:59.678+0000] {processor.py:161} INFO - Started process (PID=375) to work on /opt/airflow/dags/fx_rates_dag.py
[2026-10-09T10:50:59.679+0000] {processor.py:830} INFO - Processing file /opt/airflow/dags/fx_rates_dag.py for tasks to queue
[2026-10-09T10:50:59.680+0000] {logging_mixin.py:188} INFO - [2026-10-09T10:50:59.680+0000] {dagbag.py:538} INFO - Filling up the DagBag from /opt/airflow/dags/fx_rates_dag.py
[2026-10-09T10:50:59.697+0000] {processor.py:840} INFO - DAG(s) 'fx_rates_dag' retrieved from /opt/airflow/dags/fx_rates_dag.py
[2026-10-09T10:50:59.714+0000] {logging_mixin.py:188} INFO - [2026-10-09T10:50:59.714+0000] {dag.py:3036} INFO - Sync 1 DAGs
[2026-10-09T10:50:59.729+0000] {logging_mixin.py:188} INFO - [2026-10-09T10:50:59.728+0000] {dag.py:3823} INFO - Setting next_dagrun for fx_rates_dag to 2026-10-08 12:00:00+00:00, run_after=2026-10-09 12:00:00+00:00
[2026-10-09T10:50:59.766+0000] {processor.py:183} INFO - Processing /opt/airflow/dags/fx_rates_dag.py took 0.091 seconds
[2026-10-09T10:51:29.906+0000] {processor.py:161} INFO - Started process (PID=376) to work on /opt/airflow/dags/fx_rates_dag.py
[2026-10-09T10:51:29.907+0000] {processor.py:830} INFO - Processing file /opt/airflow/dags/fx_rates_dag.py for tasks to queue
[2026-10-09T10:51:29.908+0000] {logging_mixin.py:188} INFO - [2026-10-09T10:51:29.908+0000] {dagbag.py:538} INFO - Filling up the DagBag from /opt/airflow/dags/fx_rates_dag.py
[2026-10-09T10:51:29.923+0000] {processor.py:840} INFO - DAG(s) 'fx_rates_dag' retrieved from /opt/airflow/dags/fx_rates_dag.py
[2026-10-09T10:51:29.938+0000] {logging_mixin.py:188} INFO - [2026-10-09T10:51:29.938+0000] {dag.py:3036} INFO - Sync 1 DAGs
[2026-10-09T10:51:29.951+0000] {logging_mixin.py:188} INFO - [2026-10-09T10:51:29.951+0000] {dag.py:3823} INFO - Setting next_dagrun for fx_rates_dag to 2026-10-08 12:00:00+00:00, run_after=2026-10-09 12:00:00+00:00
[2026-10-09T10:51:29.988+0000] {processor.py:183} INFO - Processing /opt/airflow/dags/fx_rates_dag.py took 0.083 seconds
[2026-10-09T10:52:00.131+0000] {processor.py:161} INFO - Started process (PID=377) to work on /opt/airflow/dags/fx_rates_dag.py
[2026-10-09T10:52:00.132+0000] {processor.py:830} INFO - Processing file /opt/airflow/dags/fx_rates_dag.py for tasks to queue
[2026-10-09T10:52:00.134+0000] {logging_mixin.py:188} INFO - [2026-10-09T10:52:00.133+0000] {dagbag.py:538} INFO - Filling up the DagBag from /opt/airflow/dags/fx_rates_dag.py
[2026-10-09T10:52:00.149+0000] {processor.py:840} INFO - DAG(s) 'fx_rates_dag' retrieved from /opt/airflow/dags/fx_rates_dag.py
[2026-10-09T10:52:00.164+0000] {logging_mixin.py:188} INFO - [2026-10-09T10:52:00.164+0000] {dag.py:3036} INFO - Sync 1 DAGs
[2026-10-09T10:52:00.177+0000] {logging_mixin.py:188} INFO - [2026-10-09T10:52:00.177+0000] {dag.py:3823} INFO - Setting next_dagrun for fx_rates_dag to 2026-10-08 12:00:00+00:00, run_after=2026-10-09 12:00:00+00:00
[2026-10-09T10:52:00.214+0000] {processor.py:183} INFO - Processing /opt/airflow/dags/fx_rates_dag.py took 0.085 seconds
[2026-10-09T10:52:30.361+0000] {processor.py:161} INFO - Started process (PID=378) to work on /opt/airflow/dags/fx_rates_dag.py
[2026-10-09T10:52:30.362+0000] {processor.py:830} INFO - Processing file /opt/airflow/dags/fx_rates_dag.py for tasks to queue
[2026-10-09T10:52:30.363+0000] {logging_mixin.py:188} INFO - [2026-10-09T10:52:30.363+0000] {dagbag.py:538} INFO - Filling up the DagBag from /opt/airflow/dags/fx_rates_dag.py
[2026-10-09T10:52:30.380+0000] {processor.py:840} INFO - DAG(s) 'fx_rates_dag' retrieved from /opt/airflow/dags/fx_rates_dag.py
[2026-10-09T10:52:30.399+0000] {logging_mixin.py:188} INFO - [2026-10-09T10:52:30.399+0000] {dag.py:3036} INFO - Sync 1 DAGs
[2026-10-09T10:52:30.413+0000] {logging_mixin.py:188} INFO - [2026-10-09T10:52:30.413+0000] {dag.py:3823} INFO - Setting next_dagrun for fx_rates_dag to 2026-10-08 12:00:00+00:00, run_after=2026-10-09 12:00:00+00:00
[2026-10-09T10:52:30.451+0000] {processor.py:183} INFO - Processing /opt/airflow/dags/fx_rates_dag.py took 0.092 seconds
[2026-10-09T10:53:00.686+0000] {processor.py:161} INFO - Started process (PID=379) to work on /opt/airflow/dags/fx_rates_dag.py
[2026-10-09T10:53:00.687+0000] {processor.py:830} INFO - Processing file /opt/airflow/dags/fx_rates_dag.py for tasks to queue
[2026-10-09T10:53:00.688+0000] {logging_mixin.py:188} INFO - [2026-10-09T10:53:00.688+0000] {dagbag.py:538} INFO - Filling up the DagBag from /opt/airflow/dags/fx_rates_dag.py
[2026-10-09T10:53:00.703+0000] {processor.py:840} INFO - DAG(s) 'fx_rates_dag' retrieved from /opt/airflow/dags/fx_rates_dag.py
[2026-10-09T10:53:00.719+0000] {logging_mixin.py:188} INFO - [2026-10-09T10:53:00.719+0000] {dag.py:3036} INFO - Sync 1 DAGs
[2026-10-09T10:53:00.733+0000] {logging_mixin.py:188} INFO - [2026-10-09T10:53:00.733+0000] {dag.py:3823} INFO - Setting next_dagrun for fx_rates_dag to 2026-10-08 12:00:00+00:00, run_after=2026-10-09 12:00:00+00:00
[2026-10-09T10:53:00.771+0000] {processor.py:183} INFO - Processing /opt/airflow/dags/fx_rates_dag.py took 0.086 seconds
[2026-10-09T10:53:30.916+0000] {processor.py:161} INFO - Started process (PID=380) to work on /opt/airflow/dags/fx_rates_dag.py
[2026-10-09T10:53:30.917+0000] {processor.py:830} INFO - Processing file /opt/airflow/dags/fx_rates_dag.py for tasks to queue
[2026-10-09T10:53:30.918+0000] {logging_mixin.py:188} INFO - [2026-10-09T10:53:30.918+0000] {dagbag.py:538} INFO - Filling up the DagBag from /opt/airflow/dags/fx_rates_dag.py
[2026-10-09T10:53:30.933+0000] {processor.py:840} INFO - DAG(s) 'fx_rates_dag' retrieved from /opt/airflow/dags/fx_rates_dag.py
[2026-10-09T10:53:30.950+0000] {logging_mixin.py:188} INFO - [2026-10-09T10:53:30.950+0000] {dag.py:3036} INFO - Sync 1 DAGs
[2026-10-09T10:53:30.964+0000] {logging_mixin.py:188} INFO - [2026-10-09T10:53:30.964+0000] {dag.py:3823} INFO - Setting next_dagrun for fx_rates_dag to 2026-10-08 12:00:00+00:00, run_after=2026-10-09 12:00:00+00:00
[2026-10-09T10:53:31.002+0000] {processor.py:183} INFO - Processing /opt/airflow/dags/fx_rates_dag.py took 0.088 seconds
[2026-10-09T10:54:01.144+0000] {processor.py:161} INFO - Started process (PID=381) to work on /opt/airflow/dags/fx_rates_dag.py
[2026-10-09T10:54:01.146+0000] {processor.py:830} INFO - Processing file /opt/airflow/dags/fx_rates_dag.py for tasks to queue
[2026-10-09T10:54:01.146+0000] {logging_mixin.py:188} INFO - [2026-10-09T10:54:01.146+0000] {dagbag.py:538} INFO - Filling up the DagBag from /opt/airflow/dags/fx_rates_dag.py
[2026-10-09T10:54:01.164+0000] {processor.py:840} INFO - DAG(s) 'fx_rates_dag' retrieved from /opt/airflow/dags/fx_rates_dag.py
[2026-10-09T10:54:01.183+0000] {logging_mixin.py:188} INFO - [2026-10-09T10:54:01.183+0000] {dag.py:3036} INFO - Sync 1 DAGs
[2026-10-09T10:54:01.197+0000] {logging_mixin.py:188} INFO - [2026-10-09T10:54:01.197+0000] {dag.py:3823} INFO - Setting next_dagrun for fx_rates_dag to 2026-10-08 12:00:00+00:00, run_after=2026-10-09 12:00:00+00:00
[2026-10-09T10:54:01.235+0000] {processor.py:183} INFO - Processing /opt/airflow/dags/fx_rates_dag.py took 0.092 seconds
[2026-10-09T10:54:31.467+0000] {processor.py:161} INFO - Started process (PID=382) to work on /opt/airflow/dags/fx_rates_dag.py
[2026-10-09T10:54:31.468+0000] {processor.py:830} INFO - Processing file /opt/airflow/dags/fx_rates_dag.py for tasks to queue
[2026-10-09T10:54:31.469+0000] {logging_mixin.py:188} INFO - [2026-10-09T10:54:31.468+0000] {dagbag.py:538} INFO - Filling up the DagBag from /opt/airflow/dags/fx_rates_dag.py
[2026-10-09T10:54:31.484+0000] {processor.py:840} INFO - DAG(s) 'fx_rates_dag' retrieved from /opt/airflow/dags/fx_rates_dag.py
[2026-10-09T10:54:31.500+0000] {logging_mixin.py:188} INFO - [2026-10-09T10:54:31.500+0000] {dag.py:3036} INFO - Sync 1 DAGs
[2026-10-09T10:54:31.515+0000] {logging_mixin.py:188} INFO - [2026-10-09T10:54:31.515+0000] {dag.py:3823} INFO - Setting next_dagrun for fx_rates_dag to 2026-10-08 12:00:00+00:00, run_after=2026-10-09 12:00:00+00:00
[2026-10-09T10:54:31.551+0000] {processor.py:183} INFO - Processing /opt/airflow/dags/fx_rates_dag.py took 0.087 seconds
[2026-10-09T10:55:01.693+0000] {processor.py:161} INFO - Started process (PID=383) to work on /opt/airflow/dags/fx_rates_dag.py
[2026-10-09T10:55:01.694+0000] {processor.py:830} INFO - Processing file /opt/airflow/dags/fx_rates_dag.py for tasks to queue
[2026-10-09T10:55:01.695+0000] {logging_mixin.py:188} INFO - [2026-10-09T10:55:01.695+0000] {dagbag.py:538} INFO - Filling up the DagBag from /opt/airflow/dags/fx_rates_dag.py
[2026-10-09T10:55:01.711+0000] {processor.py:840} INFO - DAG(s) 'fx_rates_dag' retrieved from /opt/airflow/dags/fx_rates_dag.py
[2026-10-09T10:55:01.727+0000] {logging_mixin.py:188} INFO - [2026-10-09T10:55:01.727+0000] {dag.py:3036} INFO - Sync 1 DAGs
[2026-10-09T10:55:01.741+0000] {logging_mixin.py:188} INFO - [2026-10-09T10:55:01.741+0000] {dag.py:3823} INFO - Setting next_dagrun for fx_rates_dag to 2026-10-08 12:00:00+00:00, run_after=2026-10-09 12:00:00+00:00
[2026-10-09T10:55:01.780+0000] {processor.py:183} INFO - Processing /opt/airflow/dags/fx_rates_dag.py took 0.090 seconds
[2026-10-09T10:55:31.922+0000] {processor.py:161} INFO - Started process (PID=384) to work on /opt/airflow/dags/fx_rates_dag.py
[2026-10-09T10:55:31.923+0000] {processor.py:830} INFO - Processing file /opt/airflow/dags/fx_rates_dag.py for tasks to queue
[2026-10-09T10:55:31.923+0000] {logging_mixin.py:188} INFO - [2026-10-09T10:55:31.923+0000] {dagbag.py:538} INFO - Filling up the DagBag from /opt/airflow/dags/fx_rates_dag.py
[2026-10-09T10:55:31.939+0000] {processor.py:840} INFO - DAG(s) 'fx_rates_dag' retrieved from /opt/airflow/dags/fx_rates_dag.py
[2026-10-09T10:55:31.954+0000] {logging_mixin.py:188} INFO - [2026-10-09T10:55:31.954+0000] {dag.py:3036} INFO - Sync 1 DAGs
[2026-10-09T10:55:31.967+0000] {logging_mixin.py:188} INFO - [2026-10-09T10:55:31.967+0000] {dag.py:3823} INFO - Setting next_dagrun for fx_rates_dag to 2026-10-08 12:00:00+00:00, run_after=2026-10-09 12:00:00+00:00
[2026-10-09T10:55:32.006+0000] {processor.py:183} INFO - Processing /opt/airflow/dags/fx_rates_dag.py took 0.086 seconds
[2026-10-09T10:56:02.150+0000] {processor.py:161} INFO - Started process (PID=385) to work on /opt/airflow/dags/fx_rates_dag.py
[2026-10-09T10:56:02.151+0000] {processor.py:830} INFO - Processing file /opt/airflow/dags/fx_rates_dag.py for tasks to queue
[2026-10-09T10:56:02.152+0000] {logging_mixin.py:188} INFO - [2026-10-09T10:56:02.152+0000] {dagbag.py:538} INFO - Filling up the DagBag from /opt/airflow/dags/fx_rates_dag.py
[2026-10-09T10:56:02.167+0000] {processor.py:840} INFO - DAG(s) 'fx_rates_dag' retrieved from /opt/airflow/dags/fx_rates_dag.py
[2026-10-09T10:56:02.183+0000] {logging_mixin.py:188} INFO - [2026-10-09T10:56:02.183+0000] {dag.py:3036} INFO - Sync 1 DAGs
[2026-10-09T10:56:02.197+0000] {logging_mixin.py:188} INFO - [2026-10-09T10:56:02.197+0000] {dag.py:3823} INFO - Setting next_dagrun for fx_rates_dag to 2026-10-08 12:00:00+00:00, run_after=2026-10-09 12:00:00+00:00
[2026-10-09T10:56:02.234+0000] {processor.py:183} INFO - Processing /opt/airflow/dags/fx_rates_dag.py took 0.086 seconds
[2026-10-09T10:56:32.377+0000] {processor.py:161} INFO - Started process (PID=386) to work on /opt/airflow/dags/fx_rates_dag.py
[2026-10-09T10:56:32.378+0000] {processor.py:830} INFO - Processing file /opt/airflow/dags/fx_rates_dag.py for tasks to queue
[2026-10-09T10:56:32.379+0000] {logging_mixin.py:188} INFO - [2026-10-09T10:56:32.379+0000] {dagbag.py:538} INFO - Filling up the DagBag from /opt/airflow/dags/fx_rates_dag.py
[2026-10-09T10:56:32.395+0000] {processor.py:840} INFO - DAG(s) 'fx_rates_dag' retrieved from /opt/airflow/dags/fx_rates_dag.py
[2026-10-09T10:56:32.411+0000] {logging_mixin.py:188} INFO - [2026-10-09T10:56:32.411+0000] {dag.py:3036} INFO - Sync 1 DAGs
[2026-10-09T10:56:32.425+0000] {logging_mixin.py:188} INFO - [2026-10-09T10:56:32.425+0000] {dag.py:3823} INFO - Setting next_dagrun for fx_rates_dag to 2026-10-08 12:00:00+00:00, run_after=2026-10-09 12:00:00+00:00
[2026-10-09T10:56:32.462+0000] {processor.py:183} INFO - Processing /opt/airflow/dags/fx_rates_dag.py took 0.088 seconds
[2026-10-09T10:57:02.498+0000] {processor.py:161} INFO - Started process (PID=387) to work on /opt/airflow/dags/fx_rates_dag.py
[2026-10-09T10:57:02.499+0000] {processor.py:830} INFO - Processing file /opt/airflow/dags/fx_rates_dag.py for tasks to queue
[2026-10-09T10:57:02.500+0000] {logging_mixin.py:188} INFO - [2026-10-09T10:57:02.500+0000] {dagbag.py:538} INFO - Filling up the DagBag from /opt/airflow/dags/fx_rates_dag.py
[2026-10-09T10:57:02.515+0000] {processor.py:840} INFO - DAG(s) 'fx_rates_dag' retrieved from /opt/airflow/dags/fx_rates_dag.py
[2026-10-09T10:57:02.530+0000] {logging_mixin.py:188} INFO - [2026-10-09T10:57:02.530+0000] {dag.py:3036} INFO - Sync 1 DAGs
[2026-10-09T10:57:02.544+0000] {logging_mixin.py:188} INFO - [2026-10-09T10:57:02.544+0000] {dag.py:3823} INFO - Setting next_dagrun for fx_rates_dag to 2026-10-08 12:00:00+00:00, run_after=2026-10-09 12:00:00+00:00
[2026-10-09T10:57:02.579+0000] {processor.py:183} INFO - Processing /opt/airflow/dags/fx_rates_dag.py took 0.083 seconds
[2026-10-09T10:57:32.726+0000] {processor.py:161} INFO - Started process (PID=388) to work on /opt/airflow/dags/fx_rates_dag.py
[2026-10-09T10:57:32.726+0000] {processor.py:830} INFO - Processing file /opt/airflow/dags/fx_rates_dag.py for tasks to queue
[2026-10-09T10:57:32.727+0000] {logging_mixin.py:188} INFO - [2026-10-09T10:57:32.727+0000] {dagbag.py:538} INFO - Filling up the DagBag from /opt/airflow/dags/fx_rates_dag.py
[2026-10-09T10:57:32.743+0000] {processor.py:840} INFO - DAG(s) 'fx_rates_dag' retrieved from /opt/airflow/dags/fx_rates_dag.py
[2026-10-09T10:57:32.759+0000] {logging_mixin.py:188} INFO - [2026-10-09T10:57:32.759+0000] {dag.py:3036} INFO - Sync 1 DAGs
[2026-10-09T10:57:32.773+0000] {logging_mixin.py:188} INFO - [2026-10-09T10:57:32.773+0000] {dag.py:3823} INFO - Setting next_dagrun for fx_rates_dag to 2026-10-08 12:00:00+00:00, run_after=2026-10-09 12:00:00+00:00
[2026-10-09T10:57:32.810+0000] {processor.py:183} INFO - Processing /opt/airflow/dags/fx_rates_dag.py took 0.086 seconds
[2026-10-09T10:58:02.955+0000] {processor.py:161} INFO - Started process (PID=389) to work on /opt/airflow/dags/fx_rates_dag.py
[2026-10-09T10:58:02.955+0000] {processor.py:830} INFO - Processing file /opt/airflow/dags/fx_rates_dag.py for tasks to queue
[2026-10-09T10:58:02.956+0000] {logging_mixin.py:188} INFO - [2026-10-09T10:58:02.956+0000] {dagbag.py:538} INFO - Filling up the DagBag from /opt/airflow/dags/fx_rates_dag.py
[2026-10-09T10:58:02.973+0000] {processor.py:840} INFO - DAG(s) 'fx_rates_dag' retrieved from /opt/airflow/dags/fx_rates_dag.py
[2026-10-09T10:58:02.990+0000] {logging_mixin.py:188} INFO - [2026-10-09T10:58:02.990+0000] {dag.py:3036} INFO - Sync 1 DAGs
[2026-10-09T10:58:03.005+0000] {logging_mixin.py:188} INFO - [2026-10-09T10:58:03.004+0000] {dag.py:3823} INFO - Setting next_dagrun for fx_rates_dag to 2026-10-08 12:00:00+00:00, run_after=2026-10-09 12:00:00+00:00
[2026-10-09T10:58:03.044+0000] {processor.py:183} INFO - Processing /opt/airflow/dags/fx_rates_dag.py took 0.091 seconds
[2026-10-09T10:58:33.192+0000] {processor.py:161} INFO - Started process (PID=390) to work on /opt/airflow/dags/fx_rates_dag.py
[2026-10-09T10:58:33.193+0000] {processor.py:830} INFO - Processing file /opt/airflow/dags/fx_rates_dag.py for tasks to queue
[2026-10-09T10:58:33.194+0000] {logging_mixin.py:188} INFO - [2026-10-09T10:58:33.194+0000] {dagbag.py:538} INFO - Filling up the DagBag from /opt/airflow/dags/fx_rates_dag.py
[2026-10-09T10:58:33.218+0000] {processor.py:840} INFO - DAG(s) 'fx_rates_dag' retrieved from /opt/airflow/dags/fx_rates_dag.py
[2026-10-09T10:58:33.241+0000] {logging_mixin.py:188} INFO - [2026-10-09T10:58:33.240+0000] {dag.py:3036} INFO - Sync 1 DAGs
[2026-10-09T10:58:33.259+0000] {logging_mixin.py:188} INFO - [2026-10-09T10:58:33.258+0000] {dag.py:3823} INFO - Setting next_dagrun for fx_rates_dag to 2026-10-08 12:00:00+00:00, run_after=2026-10-09 12:00:00+00:00
[2026-10-09T10:58:33.307+0000] {processor.py:183} INFO - Processing /opt/airflow/dags/fx_rates_dag.py took 0.118 seconds
[2026-10-09T10:59:03.518+0000] {processor.py:161} INFO - Started process (PID=391) to work on /opt/airflow/dags/fx_rates_dag.py
[2026-10-09T10:59:03.519+0000] {processor.py:830} INFO - Processing file /opt/airflow/dags/fx_rates_dag.py for tasks to queue
[2026-10-09T10:59:03.520+0000] {logging_mixin.py:188} INFO - [2026-10-09T10:59:03.520+0000] {dagbag.py:538} INFO - Filling up the DagBag from /opt/airflow/dags/fx_rates_dag.py
[2026-10-09T10:59:03.538+0000] {processor.py:840} INFO - DAG(s) 'fx_rates_dag' retrieved from /opt/airflow/dags/fx_rates_dag.py
[2026-10-09T10:59:03.558+0000] {logging_mixin.py:188} INFO - [2026-10-09T10:59:03.558+0000] {dag.py:3036} INFO - Sync 1 DAGs
[2026-10-09T10:59:03.574+0000] {logging_mixin.py:188} INFO - [2026-10-09T10:59:03.573+0000] {dag.py:3823} INFO - Setting next_dagrun for fx_rates_dag to 2026-10-08 12:00:00+00:00, run_after=2026-10-09 12:00:00+00:00
[2026-10-09T10:59:03.613+0000] {processor.py:183} INFO - Processing /opt/airflow/dags/fx_rates_dag.py took 0.098 seconds
[2026-10-09T10:59:33.763+0000] {processor.py:161} INFO - Started process (PID=392) to work on /opt/airflow/dags/fx_rates_dag.py
[2026-10-09T10:59:33.764+0000] {processor.py:830} INFO - Processing file /opt/airflow/dags/fx_rates_dag.py for tasks to queue
[2026-10-09T10:59:33.765+0000] {logging_mixin.py:188} INFO - [2026-10-09T10:59:33.765+0000] {dagbag.py:538} INFO - Filling up the DagBag from /opt/airflow/dags/fx_rates_dag.py
[2026-10-09T10:59:33.781+0000] {processor.py:840} INFO - DAG(s) 'fx_rates_dag' retrieved from /opt/airflow/dags/fx_rates_dag.py
[2026-10-09T10:59:33.797+0000] {logging_mixin.py:188} INFO - [2026-10-09T10:59:33.797+0000] {dag.py:3036} INFO - Sync 1 DAGs
[2026-10-09T10:59:33.811+0000] {logging_mixin.py:188} INFO - [2026-10-09T10:59:33.811+0000] {dag.py:3823} INFO - Setting next_dagrun for fx_rates_dag to 2026-10-08 12:00:00+00:00, run_after=2026-10-09 12:00:00+00:00
[2026-10-09T10:59:33.848+0000] {processor.py:183} INFO - Processing /opt/airflow/dags/fx_rates_dag.py took 0.086 seconds
[2026-10-09T11:00:03.992+0000] {processor.py:161} INFO - Started process (PID=393) to work on /opt/airflow/dags/fx_rates_dag.py
[2026-10-09T11:00:03.996+0000] {processor.py:830} INFO - Processing file /opt/airflow/dags/fx_rates_dag.py for tasks to queue
[2026-10-09T11:00:03.999+0000] {logging_mixin.py:188} INFO - [2026-10-09T11:00:03.998+0000] {dagbag.py:538} INFO - Filling up the DagBag from /opt/airflow/dags/fx_rates_dag.py
[2026-10-09T11:00:04.053+0000] {processor.py:840} INFO - DAG(s) 'fx_rates_dag' retrieved from /opt/airflow/dags/fx_rates_dag.py
[2026-10-09T11:00:04.090+0000] {logging_mixin.py:188} INFO - [2026-10-09T11:00:04.090+0000] {dag.py:3036} INFO - Sync 1 DAGs
[2026-10-09T11:00:04.107+0000] {logging_mixin.py:188} INFO - [2026-10-09T11:00:04.107+0000] {dag.py:3823} INFO - Setting next_dagrun for fx_rates_dag to 2026-10-08 12:00:00+00:00, run_after=2026-10-09 12:00:00+00:00
[2026-10-09T11:00:04.146+0000] {processor.py:183} INFO - Processing /opt/airflow/dags/fx_rates_dag.py took 0.158 seconds
[2026-10-09T11:00:34.320+0000] {processor.py:161} INFO - Started process (PID=394) to work on /opt/airflow/dags/fx_rates_dag.py
[2026-10-09T11:00:34.321+0000] {processor.py:830} INFO - Processing file /opt/airflow/dags/fx_rates_dag.py for tasks to queue
[2026-10-09T11:00:34.322+0000] {logging_mixin.py:188} INFO - [2026-10-09T11:00:34.322+0000] {dagbag.py:538} INFO - Filling up the DagBag from /opt/airflow/dags/fx_rates_dag.py
[2026-10-09T11:00:34.339+0000] {processor.py:840} INFO - DAG(s) 'fx_rates_dag' retrieved from /opt/airflow/dags/fx_rates_dag.py
[2026-10-09T11:00:34.354+0000] {logging_mixin.py:188} INFO - [2026-10-09T11:00:34.354+0000] {dag.py:3036} INFO - Sync 1 DAGs
[2026-10-09T11:00:34.369+0000] {logging_mixin.py:188} INFO - [2026-10-09T11:00:34.369+0000] {dag.py:3823} INFO - Setting next_dagrun for fx_rates_dag to 2026-10-08 12:00:00+00:00, run_after=2026-10-09 12:00:00+00:00
[2026-10-09T11:00:34.433+0000] {processor.py:183} INFO - Processing /opt/airflow/dags/fx_rates_dag.py took 0.114 seconds
[2026-10-09T11:01:04.651+0000] {processor.py:161} INFO - Started process (PID=395) to work on /opt/airflow/dags/fx_rates_dag.py
[2026-10-09T11:01:04.652+0000] {processor.py:830} INFO - Processing file /opt/airflow/dags/fx_rates_dag.py for tasks to queue
[2026-10-09T11:01:04.653+0000] {logging_mixin.py:188} INFO - [2026-10-09T11:01:04.652+0000] {dagbag.py:538} INFO - Filling up the DagBag from /opt/airflow/dags/fx_rates_dag.py
[2026-10-09T11:01:04.668+0000] {processor.py:840} INFO - DAG(s) 'fx_rates_dag' retrieved from /opt/airflow/dags/fx_rates_dag.py
[2026-10-09T11:01:04.685+0000] {logging_mixin.py:188} INFO - [2026-10-09T11:01:04.685+0000] {dag.py:3036} INFO - Sync 1 DAGs
[2026-10-09T11:01:04.699+0000] {logging_mixin.py:188} INFO - [2026-10-09T11:01:04.699+0000] {dag.py:3823} INFO - Setting next_dagrun for fx_rates_dag to 2026-10-08 12:00:00+00:00, run_after=2026-10-09 12:00:00+00:00
[2026-10-09T11:01:04.737+0000] {processor.py:183} INFO - Processing /opt/airflow/dags/fx_rates_dag.py took 0.088 seconds
[2026-10-09T11:01:34.881+0000] {processor.py:161} INFO - Started process (PID=396) to work on /opt/airflow/dags/fx_rates_dag.py
[2026-10-09T11:01:34.882+0000] {processor.py:830} INFO - Processing file /opt/airflow/dags/fx_rates_dag.py for tasks to queue
[2026-10-09T11:01:34.883+0000] {logging_mixin.py:188} INFO - [2026-10-09T11:01:34.883+0000] {dagbag.py:538} INFO - Filling up the DagBag from /opt/airflow/dags/fx_rates_dag.py
[2026-10-09T11:01:34.900+0000] {processor.py:840} INFO - DAG(s) 'fx_rates_dag' retrieved from /opt/airflow/dags/fx_rates_dag.py
[2026-10-09T11:01:34.918+0000] {logging_mixin.py:188} INFO - [2026-10-09T11:01:34.918+0000] {dag.py:3036} INFO - Sync 1 DAGs
[2026-10-09T11:01:34.934+0000] {logging_mixin.py:188} INFO - [2026-10-09T11:01:34.934+0000] {dag.py:3823} INFO - Setting next_dagrun for fx_rates_dag to 2026-10-08 12:00:00+00:00, run_after=2026-10-09 12:00:00+00:00
[2026-10-09T11:01:34.972+0000] {processor.py:183} INFO - Processing /opt/airflow/dags/fx_rates_dag.py took 0.092 seconds
[2026-10-09T11:02:05.214+0000] {processor.py:161} INFO - Started process (PID=397) to work on /opt/airflow/dags/fx_rates_dag.py
[2026-10-09T11:02:05.215+0000] {processor.py:830} INFO - Processing file /opt/airflow/dags/fx_rates_dag.py for tasks to queue
[2026-10-09T11:02:05.216+0000] {logging_mixin.py:188} INFO - [2026-10-09T11:02:05.216+0000] {dagbag.py:538} INFO - Filling up the DagBag from /opt/airflow/dags/fx_rates_dag.py
[2026-10-09T11:02:05.232+0000] {processor.py:840} INFO - DAG(s) 'fx_rates_dag' retrieved from /opt/airflow/dags/fx_rates_dag.py
[2026-10-09T11:02:05.248+0000] {logging_mixin.py:188} INFO - [2026-10-09T11:02:05.248+0000] {dag.py:3036} INFO - Sync 1 DAGs
[2026-10-09T11:02:05.262+0000] {logging_mixin.py:188} INFO - [2026-10-09T11:02:05.262+0000] {dag.py:3823} INFO - Setting next_dagrun for fx_rates_dag to 2026-10-08 12:00:00+00:00, run_after=2026-10-09 12:00:00+00:00
[2026-10-09T11:02:05.298+0000] {processor.py:183} INFO - Processing /opt/airflow/dags/fx_rates_dag.py took 0.086 seconds
[2026-10-09T11:02:35.426+0000] {processor.py:161} INFO - Started process (PID=398) to work on /opt/airflow/dags/fx_rates_dag.py
[2026-10-09T11:02:35.427+0000] {processor.py:830} INFO - Processing file /opt/airflow/dags/fx_rates_dag.py for tasks to queue
[2026-10-09T11:02:35.428+0000] {logging_mixin.py:188} INFO - [2026-10-09T11:02:35.428+0000] {dagbag.py:538} INFO - Filling up the DagBag from /opt/airflow/dags/fx_rates_dag.py
[2026-10-09T11:02:35.445+0000] {processor.py:840} INFO - DAG(s) 'fx_rates_dag' retrieved from /opt/airflow/dags/fx_rates_dag.py
[2026-10-09T11:02:35.463+0000] {logging_mixin.py:188} INFO - [2026-10-09T11:02:35.462+0000] {dag.py:3036} INFO - Sync 1 DAGs
[2026-10-09T11:02:35.479+0000] {logging_mixin.py:188} INFO - [2026-10-09T11:02:35.479+0000] {dag.py:3823} INFO - Setting next_dagrun for fx_rates_dag to 2026-10-08 12:00:00+00:00, run_after=2026-10-09 12:00:00+00:00
[2026-10-09T11:02:35.516+0000] {processor.py:183} INFO - Processing /opt/airflow/dags/fx_rates_dag.py took 0.093 seconds
[2026-10-09T11:03:05.773+0000] {processor.py:161} INFO - Started process (PID=399) to work on /opt/airflow/dags/fx_rates_dag.py
[2026-10-09T11:03:05.774+0000] {processor.py:830} INFO - Processing file /opt/airflow/dags/fx_rates_dag.py for tasks to queue
[2026-10-09T11:03:05.775+0000] {logging_mixin.py:188} INFO - [2026-10-09T11:03:05.774+0000] {dagbag.py:538} INFO - Filling up the DagBag from /opt/airflow/dags/fx_rates_dag.py
[2026-10-09T11:03:05.791+0000] {processor.py:840} INFO - DAG(s) 'fx_rates_dag' retrieved from /opt/airflow/dags/fx_rates_dag.py
[2026-10-09T11:03:05.810+0000] {logging_mixin.py:188} INFO - [2026-10-09T11:03:05.809+0000] {dag.py:3036} INFO - Sync 1 DAGs
[2026-10-09T11:03:05.827+0000] {logging_mixin.py:188} INFO - [2026-10-09T11:03:05.827+0000] {dag.py:3823} INFO - Setting next_dagrun for fx_rates_dag to 2026-10-08 12:00:00+00:00, run_after=2026-10-09 12:00:00+00:00
[2026-10-09T11:03:05.871+0000] {processor.py:183} INFO - Processing /opt/airflow/dags/fx_rates_dag.py took 0.100 seconds
[2026-10-09T11:03:36.116+0000] {processor.py:161} INFO - Started process (PID=400) to work on /opt/airflow/dags/fx_rates_dag.py
[2026-10-09T11:03:36.117+0000] {processor.py:830} INFO - Processing file /opt/airflow/dags/fx_rates_dag.py for tasks to queue
[2026-10-09T11:03:36.118+0000] {logging_mixin.py:188} INFO - [2026-10-09T11:03:36.118+0000] {dagbag.py:538} INFO - Filling up the DagBag from /opt/airflow/dags/fx_rates_dag.py
[2026-10-09T11:03:36.133+0000] {processor.py:840} INFO - DAG(s) 'fx_rates_dag' retrieved from /opt/airflow/dags/fx_rates_dag.py
[2026-10-09T11:03:36.148+0000] {logging_mixin.py:188} INFO - [2026-10-09T11:03:36.148+0000] {dag.py:3036} INFO - Sync 1 DAGs
[2026-10-09T11:03:36.164+0000] {logging_mixin.py:188} INFO - [2026-10-09T11:03:36.164+0000] {dag.py:3823} INFO - Setting next_dagrun for fx_rates_dag to 2026-10-08 12:00:00+00:00, run_after=2026-10-09 12:00:00+00:00
[2026-10-09T11:03:36.203+0000] {processor.py:183} INFO - Processing /opt/airflow/dags/fx_rates_dag.py took 0.088 seconds
[2026-10-09T11:04:06.347+0000] {processor.py:161} INFO - Started process (PID=401) to work on /opt/airflow/dags/fx_rates_dag.py
[2026-10-09T11:04:06.348+0000] {processor.py:830} INFO - Processing file /opt/airflow/dags/fx_rates_dag.py for tasks to queue
[2026-10-09T11:04:06.350+0000] {logging_mixin.py:188} INFO - [2026-10-09T11:04:06.349+0000] {dagbag.py:538} INFO - Filling up the DagBag from /opt/airflow/dags/fx_rates_dag.py
[2026-10-09T11:04:06.371+0000] {processor.py:840} INFO - DAG(s) 'fx_rates_dag' retrieved from /opt/airflow/dags/fx_rates_dag.py
[2026-10-09T11:04:06.397+0000] {logging_mixin.py:188} INFO - [2026-10-09T11:04:06.397+0000] {dag.py:3036} INFO - Sync 1 DAGs
[2026-10-09T11:04:06.415+0000] {logging_mixin.py:188} INFO - [2026-10-09T11:04:06.415+0000] {dag.py:3823} INFO - Setting next_dagrun for fx_rates_dag to 2026-10-08 12:00:00+00:00, run_after=2026-10-09 12:00:00+00:00
[2026-10-09T11:04:06.455+0000] {processor.py:183} INFO - Processing /opt/airflow/dags/fx_rates_dag.py took 0.111 seconds
[2026-10-09T11:04:36.669+0000] {processor.py:161} INFO - Started process (PID=403) to work on /opt/airflow/dags/fx_rates_dag.py
[2026-10-09T11:04:36.670+0000] {processor.py:830} INFO - Processing file /opt/airflow/dags/fx_rates_dag.py for tasks to queue
[2026-10-09T11:04:36.671+0000] {logging_mixin.py:188} INFO - [2026-10-09T11:04:36.670+0000] {dagbag.py:538} INFO - Filling up the DagBag from /opt/airflow/dags/fx_rates_dag.py
[2026-10-09T11:04:36.687+0000] {processor.py:840} INFO - DAG(s) 'fx_rates_dag' retrieved from /opt/airflow/dags/fx_rates_dag.py
[2026-10-09T11:04:36.704+0000] {logging_mixin.py:188} INFO - [2026-10-09T11:04:36.704+0000] {dag.py:3036} INFO - Sync 1 DAGs
[2026-10-09T11:04:36.718+0000] {logging_mixin.py:188} INFO - [2026-10-09T11:04:36.718+0000] {dag.py:3823} INFO - Setting next_dagrun for fx_rates_dag to 2026-10-08 12:00:00+00:00, run_after=2026-10-09 12:00:00+00:00
[2026-10-09T11:04:36.756+0000] {processor.py:183} INFO - Processing /opt/airflow/dags/fx_rates_dag.py took 0.090 seconds
[2026-10-09T11:05:06.897+0000] {processor.py:161} INFO - Started process (PID=404) to work on /opt/airflow/dags/fx_rates_dag.py
[2026-10-09T11:05:06.898+0000] {processor.py:830} INFO - Processing file /opt/airflow/dags/fx_rates_dag.py for tasks to queue
[2026-10-09T11:05:06.899+0000] {logging_mixin.py:188} INFO - [2026-10-09T11:05:06.899+0000] {dagbag.py:538} INFO - Filling up the DagBag from /opt/airflow/dags/fx_rates_dag.py
[2026-10-09T11:05:06.915+0000] {processor.py:840} INFO - DAG(s) 'fx_rates_dag' retrieved from /opt/airflow/dags/fx_rates_dag.py
[2026-10-09T11:05:06.932+0000] {logging_mixin.py:188} INFO - [2026-10-09T11:05:06.932+0000] {dag.py:3036} INFO - Sync 1 DAGs
[2026-10-09T11:05:06.946+0000] {logging_mixin.py:188} INFO - [2026-10-09T11:05:06.946+0000] {dag.py:3823} INFO - Setting next_dagrun for fx_rates_dag to 2026-10-08 12:00:00+00:00, run_after=2026-10-09 12:00:00+00:00
[2026-10-09T11:05:06.983+0000] {processor.py:183} INFO - Processing /opt/airflow/dags/fx_rates_dag.py took 0.088 seconds
[2026-10-09T11:05:37.129+0000] {processor.py:161} INFO - Started process (PID=405) to work on /opt/airflow/dags/fx_rates_dag.py
[2026-10-09T11:05:37.130+0000] {processor.py:830} INFO - Processing file /opt/airflow/dags/fx_rates_dag.py for tasks to queue
[2026-10-09T11:05:37.130+0000] {logging_mixin.py:188} INFO - [2026-10-09T11:05:37.130+0000] {dagbag.py:538} INFO - Filling up the DagBag from /opt/airflow/dags/fx_rates_dag.py
[2026-10-09T11:05:37.152+0000] {processor.py:840} INFO - DAG(s) 'fx_rates_dag' retrieved from /opt/airflow/dags/fx_rates_dag.py
[2026-10-09T11:05:37.172+0000] {logging_mixin.py:188} INFO - [2026-10-09T11:05:37.172+0000] {dag.py:3036} INFO - Sync 1 DAGs
[2026-10-09T11:05:37.187+0000] {logging_mixin.py:188} INFO - [2026-10-09T11:05:37.187+0000] {dag.py:3823} INFO - Setting next_dagrun for fx_rates_dag to 2026-10-08 12:00:00+00:00, run_after=2026-10-09 12:00:00+00:00
[2026-10-09T11:05:37.224+0000] {processor.py:183} INFO - Processing /opt/airflow/dags/fx_rates_dag.py took 0.098 seconds
[2026-10-09T11:06:07.454+0000] {processor.py:161} INFO - Started process (PID=406) to work on /opt/airflow/dags/fx_rates_dag.py
[2026-10-09T11:06:07.455+0000] {processor.py:830} INFO - Processing file /opt/airflow/dags/fx_rates_dag.py for tasks to queue
[2026-10-09T11:06:07.456+0000] {logging_mixin.py:188} INFO - [2026-10-09T11:06:07.456+0000] {dagbag.py:538} INFO - Filling up the DagBag from /opt/airflow/dags/fx_rates_dag.py
[2026-10-09T11:06:07.474+0000] {processor.py:840} INFO - DAG(s) 'fx_rates_dag' retrieved from /opt/airflow/dags/fx_rates_dag.py
[2026-10-09T11:06:07.491+0000] {logging_mixin.py:188} INFO - [2026-10-09T11:06:07.491+0000] {dag.py:3036} INFO - Sync 1 DAGs
[2026-10-09T11:06:07.504+0000] {logging_mixin.py:188} INFO - [2026-10-09T11:06:07.504+0000] {dag.py:3823} INFO - Setting next_dagrun for fx_rates_dag to 2026-10-08 12:00:00+00:00, run_after=2026-10-09 12:00:00+00:00
[2026-10-09T11:06:07.544+0000] {processor.py:183} INFO - Processing /opt/airflow/dags/fx_rates_dag.py took 0.092 seconds
[2026-10-09T11:06:37.776+0000] {processor.py:161} INFO - Started process (PID=407) to work on /opt/airflow/dags/fx_rates_dag.py
[2026-10-09T11:06:37.777+0000] {processor.py:830} INFO - Processing file /opt/airflow/dags/fx_rates_dag.py for tasks to queue
[2026-10-09T11:06:37.778+0000] {logging_mixin.py:188} INFO - [2026-10-09T11:06:37.778+0000] {dagbag.py:538} INFO - Filling up the DagBag from /opt/airflow/dags/fx_rates_dag.py
[2026-10-09T11:06:37.796+0000] {processor.py:840} INFO - DAG(s) 'fx_rates_dag' retrieved from /opt/airflow/dags/fx_rates_dag.py
[2026-10-09T11:06:37.813+0000] {logging_mixin.py:188} INFO - [2026-10-09T11:06:37.813+0000] {dag.py:3036} INFO - Sync 1 DAGs
[2026-10-09T11:06:37.827+0000] {logging_mixin.py:188} INFO - [2026-10-09T11:06:37.827+0000] {dag.py:3823} INFO - Setting next_dagrun for fx_rates_dag to 2026-10-08 12:00:00+00:00, run_after=2026-10-09 12:00:00+00:00
[2026-10-09T11:06:37.865+0000] {processor.py:183} INFO - Processing /opt/airflow/dags/fx_rates_dag.py took 0.091 seconds
[2026-10-09T11:07:08.009+0000] {processor.py:161} INFO - Started process (PID=408) to work on /opt/airflow/dags/fx_rates_dag.py
[2026-10-09T11:07:08.010+0000] {processor.py:830} INFO - Processing file /opt/airflow/dags/fx_rates_dag.py for tasks to queue
[2026-10-09T11:07:08.011+0000] {logging_mixin.py:188} INFO - [2026-10-09T11:07:08.010+0000] {dagbag.py:538} INFO - Filling up the DagBag from /opt/airflow/dags/fx_rates_dag.py
[2026-10-09T11:07:08.029+0000] {processor.py:840} INFO - DAG(s) 'fx_rates_dag' retrieved from /opt/airflow/dags/fx_rates_dag.py
[2026-10-09T11:07:08.048+0000] {logging_mixin.py:188} INFO - [2026-10-09T11:07:08.048+0000] {dag.py:3036} INFO - Sync 1 DAGs
[2026-10-09T11:07:08.068+0000] {logging_mixin.py:188} INFO - [2026-10-09T11:07:08.068+0000] {dag.py:3823} INFO - Setting next_dagrun for fx_rates_dag to 2026-10-08 12:00:00+00:00, run_after=2026-10-09 12:00:00+00:00
[2026-10-09T11:07:08.106+0000] {processor.py:183} INFO - Processing /opt/airflow/dags/fx_rates_dag.py took 0.099 seconds
[2026-10-09T11:07:38.333+0000] {processor.py:161} INFO - Started process (PID=409) to work on /opt/airflow/dags/fx_rates_dag.py
[2026-10-09T11:07:38.334+0000] {processor.py:830} INFO - Processing file /opt/airflow/dags/fx_rates_dag.py for tasks to queue
[2026-10-09T11:07:38.335+0000] {logging_mixin.py:188} INFO - [2026-10-09T11:07:38.335+0000] {dagbag.py:538} INFO - Filling up the DagBag from /opt/airflow/dags/fx_rates_dag.py
[2026-10-09T11:07:38.350+0000] {processor.py:840} INFO - DAG(s) 'fx_rates_dag' retrieved from /opt/airflow/dags/fx_rates_dag.py
[2026-10-09T11:07:38.366+0000] {logging_mixin.py:188} INFO - [2026-10-09T11:07:38.366+0000] {dag.py:3036} INFO - Sync 1 DAGs
[2026-10-09T11:07:38.379+0000] {logging_mixin.py:188} INFO - [2026-10-09T11:07:38.379+0000] {dag.py:3823} INFO - Setting next_dagrun for fx_rates_dag to 2026-10-08 12:00:00+00:00, run_after=2026-10-09 12:00:00+00:00
[2026-10-09T11:07:38.419+0000] {processor.py:183} INFO - Processing /opt/airflow/dags/fx_rates_dag.py took 0.088 seconds
[2026-10-09T11:08:08.561+0000] {processor.py:161} INFO - Started process (PID=410) to work on /opt/airflow/dags/fx_rates_dag.py
[2026-10-09T11:08:08.562+0000] {processor.py:830} INFO - Processing file /opt/airflow/dags/fx_rates_dag.py for tasks to queue
[2026-10-09T11:08:08.563+0000] {logging_mixin.py:188} INFO - [2026-10-09T11:08:08.563+0000] {dagbag.py:538} INFO - Filling up the DagBag from /opt/airflow/dags/fx_rates_dag.py
[2026-10-09T11:08:08.578+0000] {processor.py:840} INFO - DAG(s) 'fx_rates_dag' retrieved from /opt/airflow/dags/fx_rates_dag.py
[2026-10-09T11:08:08.594+0000] {logging_mixin.py:188} INFO - [2026-10-09T11:08:08.594+0000] {dag.py:3036} INFO - Sync 1 DAGs
[2026-10-09T11:08:08.607+0000] {logging_mixin.py:188} INFO - [2026-10-09T11:08:08.607+0000] {dag.py:3823} INFO - Setting next_dagrun for fx_rates_dag to 2026-10-08 12:00:00+00:00, run_after=2026-10-09 12:00:00+00:00
[2026-10-09T11:08:08.645+0000] {processor.py:183} INFO - Processing /opt/airflow/dags/fx_rates_dag.py took 0.086 seconds
[2026-10-09T11:08:38.787+0000] {processor.py:161} INFO - Started process (PID=411) to work on /opt/airflow/dags/fx_rates_dag.py
[2026-10-09T11:08:38.787+0000] {processor.py:830} INFO - Processing file /opt/airflow/dags/fx_rates_dag.py for tasks to queue
[2026-10-09T11:08:38.788+0000] {logging_mixin.py:188} INFO - [2026-10-09T11:08:38.788+0000] {dagbag.py:538} INFO - Filling up the DagBag from /opt/airflow/dags/fx_rates_dag.py
[2026-10-09T11:08:38.804+0000] {processor.py:840} INFO - DAG(s) 'fx_rates_dag' retrieved from /opt/airflow/dags/fx_rates_dag.py
[2026-10-09T11:08:38.820+0000] {logging_mixin.py:188} INFO - [2026-10-09T11:08:38.820+0000] {dag.py:3036} INFO - Sync 1 DAGs
[2026-10-09T11:08:38.842+0000] {logging_mixin.py:188} INFO - [2026-10-09T11:08:38.842+0000] {dag.py:3823} INFO - Setting next_dagrun for fx_rates_dag to 2026-10-08 12:00:00+00:00, run_after=2026-10-09 12:00:00+00:00
[2026-10-09T11:08:38.879+0000] {processor.py:183} INFO - Processing /opt/airflow/dags/fx_rates_dag.py took 0.094 seconds
[2026-10-09T11:09:09.112+0000] {processor.py:161} INFO - Started process (PID=412) to work on /opt/airflow/dags/fx_rates_dag.py
[2026-10-09T11:09:09.113+0000] {processor.py:830} INFO - Processing file /opt/airflow/dags/fx_rates_dag.py for tasks to queue
[2026-10-09T11:09:09.114+0000] {logging_mixin.py:188} INFO - [2026-10-09T11:09:09.113+0000] {dagbag.py:538} INFO - Filling up the DagBag from /opt/airflow/dags/fx_rates_dag.py
[2026-10-09T11:09:09.129+0000] {processor.py:840} INFO - DAG(s) 'fx_rates_dag' retrieved from /opt/airflow/dags/fx_rates_dag.py
[2026-10-09T11:09:09.145+0000] {logging_mixin.py:188} INFO - [2026-10-09T11:09:09.145+0000] {dag.py:3036} INFO - Sync 1 DAGs
[2026-10-09T11:09:09.160+0000] {logging_mixin.py:188} INFO - [2026-10-09T11:09:09.160+0000] {dag.py:3823} INFO - Setting next_dagrun for fx_rates_dag to 2026-10-08 12:00:00+00:00, run_after=2026-10-09 12:00:00+00:00
[2026-10-09T11:09:09.197+0000] {processor.py:183} INFO - Processing /opt/airflow/dags/fx_rates_dag.py took 0.087 seconds
[2026-10-09T11:09:39.337+0000] {processor.py:161} INFO - Started process (PID=413) to work on /opt/airflow/dags/fx_rates_dag.py
[2026-10-09T11:09:39.338+0000] {processor.py:830} INFO - Processing file /opt/airflow/dags/fx_rates_dag.py for tasks to queue
[2026-10-09T11:09:39.339+0000] {logging_mixin.py:188} INFO - [2026-10-09T11:09:39.339+0000] {dagbag.py:538} INFO - Filling up the DagBag from /opt/airflow/dags/fx_rates_dag.py
[2026-10-09T11:09:39.354+0000] {processor.py:840} INFO - DAG(s) 'fx_rates_dag' retrieved from /opt/airflow/dags/fx_rates_dag.py
[2026-10-09T11:09:39.370+0000] {logging_mixin.py:188} INFO - [2026-10-09T11:09:39.370+0000] {dag.py:3036} INFO - Sync 1 DAGs
[2026-10-09T11:09:39.384+0000] {logging_mixin.py:188} INFO - [2026-10-09T11:09:39.384+0000] {dag.py:3823} INFO - Setting next_dagrun for fx_rates_dag to 2026-10-08 12:00:00+00:00, run_after=2026-10-09 12:00:00+00:00
[2026-10-09T11:09:39.420+0000] {processor.py:183} INFO - Processing /opt/airflow/dags/fx_rates_dag.py took 0.085 seconds
[2026-10-09T11:10:09.565+0000] {processor.py:161} INFO - Started process (PID=414) to work on /opt/airflow/dags/fx_rates_dag.py
[2026-10-09T11:10:09.566+0000] {processor.py:830} INFO - Processing file /opt/airflow/dags/fx_rates_dag.py for tasks to queue
[2026-10-09T11:10:09.567+0000] {logging_mixin.py:188} INFO - [2026-10-09T11:10:09.567+0000] {dagbag.py:538} INFO - Filling up the DagBag from /opt/airflow/dags/fx_rates_dag.py
[2026-10-09T11:10:09.589+0000] {processor.py:840} INFO - DAG(s) 'fx_rates_dag' retrieved from /opt/airflow/dags/fx_rates_dag.py
[2026-10-09T11:10:09.612+0000] {logging_mixin.py:188} INFO - [2026-10-09T11:10:09.612+0000] {dag.py:3036} INFO - Sync 1 DAGs
[2026-10-09T11:10:09.631+0000] {logging_mixin.py:188} INFO - [2026-10-09T11:10:09.631+0000] {dag.py:3823} INFO - Setting next_dagrun for fx_rates_dag to 2026-10-08 12:00:00+00:00, run_after=2026-10-09 12:00:00+00:00
[2026-10-09T11:10:09.676+0000] {processor.py:183} INFO - Processing /opt/airflow/dags/fx_rates_dag.py took 0.114 seconds
[2026-10-09T11:10:39.891+0000] {processor.py:161} INFO - Started process (PID=415) to work on /opt/airflow/dags/fx_rates_dag.py
[2026-10-09T11:10:39.892+0000] {processor.py:830} INFO - Processing file /opt/airflow/dags/fx_rates_dag.py for tasks to queue
[2026-10-09T11:10:39.893+0000] {logging_mixin.py:188} INFO - [2026-10-09T11:10:39.893+0000] {dagbag.py:538} INFO - Filling up the DagBag from /opt/airflow/dags/fx_rates_dag.py
[2026-10-09T11:10:39.914+0000] {processor.py:840} INFO - DAG(s) 'fx_rates_dag' retrieved from /opt/airflow/dags/fx_rates_dag.py
[2026-10-09T11:10:39.934+0000] {logging_mixin.py:188} INFO - [2026-10-09T11:10:39.934+0000] {dag.py:3036} INFO - Sync 1 DAGs
[2026-10-09T11:10:39.949+0000] {logging_mixin.py:188} INFO - [2026-10-09T11:10:39.949+0000] {dag.py:3823} INFO - Setting next_dagrun for fx_rates_dag to 2026-10-08 12:00:00+00:00, run_after=2026-10-09 12:00:00+00:00
[2026-10-09T11:10:39.988+0000] {processor.py:183} INFO - Processing /opt/airflow/dags/fx_rates_dag.py took 0.099 seconds
[2026-10-09T11:11:10.221+0000] {processor.py:161} INFO - Started process (PID=416) to work on /opt/airflow/dags/fx_rates_dag.py
[2026-10-09T11:11:10.222+0000] {processor.py:830} INFO - Processing file /opt/airflow/dags/fx_rates_dag.py for tasks to queue
[2026-10-09T11:11:10.224+0000] {logging_mixin.py:188} INFO - [2026-10-09T11:11:10.223+0000] {dagbag.py:538} INFO - Filling up the DagBag from /opt/airflow/dags/fx_rates_dag.py
[2026-10-09T11:11:10.243+0000] {processor.py:840} INFO - DAG(s) 'fx_rates_dag' retrieved from /opt/airflow/dags/fx_rates_dag.py
[2026-10-09T11:11:10.263+0000] {logging_mixin.py:188} INFO - [2026-10-09T11:11:10.263+0000] {dag.py:3036} INFO - Sync 1 DAGs
[2026-10-09T11:11:10.279+0000] {logging_mixin.py:188} INFO - [2026-10-09T11:11:10.279+0000] {dag.py:3823} INFO - Setting next_dagrun for fx_rates_dag to 2026-10-08 12:00:00+00:00, run_after=2026-10-09 12:00:00+00:00
[2026-10-09T11:11:10.321+0000] {processor.py:183} INFO - Processing /opt/airflow/dags/fx_rates_dag.py took 0.103 seconds
[2026-10-09T11:11:40.522+0000] {processor.py:161} INFO - Started process (PID=417) to work on /opt/airflow/dags/fx_rates_dag.py
[2026-10-09T11:11:40.524+0000] {processor.py:830} INFO - Processing file /opt/airflow/dags/fx_rates_dag.py for tasks to queue
[2026-10-09T11:11:40.525+0000] {logging_mixin.py:188} INFO - [2026-10-09T11:11:40.524+0000] {dagbag.py:538} INFO - Filling up the DagBag from /opt/airflow/dags/fx_rates_dag.py
[2026-10-09T11:11:40.543+0000] {processor.py:840} INFO - DAG(s) 'fx_rates_dag' retrieved from /opt/airflow/dags/fx_rates_dag.py
[2026-10-09T11:11:40.561+0000] {logging_mixin.py:188} INFO - [2026-10-09T11:11:40.561+0000] {dag.py:3036} INFO - Sync 1 DAGs
[2026-10-09T11:11:40.578+0000] {logging_mixin.py:188} INFO - [2026-10-09T11:11:40.578+0000] {dag.py:3823} INFO - Setting next_dagrun for fx_rates_dag to 2026-10-08 12:00:00+00:00, run_after=2026-10-09 12:00:00+00:00
[2026-10-09T11:11:40.621+0000] {processor.py:183} INFO - Processing /opt/airflow/dags/fx_rates_dag.py took 0.101 seconds
[2026-10-09T11:12:10.849+0000] {processor.py:161} INFO - Started process (PID=418) to work on /opt/airflow/dags/fx_rates_dag.py
[2026-10-09T11:12:10.850+0000] {processor.py:830} INFO - Processing file /opt/airflow/dags/fx_rates_dag.py for tasks to queue
[2026-10-09T11:12:10.851+0000] {logging_mixin.py:188} INFO - [2026-10-09T11:12:10.851+0000] {dagbag.py:538} INFO - Filling up the DagBag from /opt/airflow/dags/fx_rates_dag.py
[2026-10-09T11:12:10.867+0000] {processor.py:840} INFO - DAG(s) 'fx_rates_dag' retrieved from /opt/airflow/dags/fx_rates_dag.py
[2026-10-09T11:12:10.884+0000] {logging_mixin.py:188} INFO - [2026-10-09T11:12:10.884+0000] {dag.py:3036} INFO - Sync 1 DAGs
[2026-10-09T11:12:10.898+0000] {logging_mixin.py:188} INFO - [2026-10-09T11:12:10.898+0000] {dag.py:3823} INFO - Setting next_dagrun for fx_rates_dag to 2026-10-08 12:00:00+00:00, run_after=2026-10-09 12:00:00+00:00
[2026-10-09T11:12:10.935+0000] {processor.py:183} INFO - Processing /opt/airflow/dags/fx_rates_dag.py took 0.087 seconds
[2026-10-09T11:12:41.096+0000] {processor.py:161} INFO - Started process (PID=419) to work on /opt/airflow/dags/fx_rates_dag.py
[2026-10-09T11:12:41.097+0000] {processor.py:830} INFO - Processing file /opt/airflow/dags/fx_rates_dag.py for tasks to queue
[2026-10-09T11:12:41.098+0000] {logging_mixin.py:188} INFO - [2026-10-09T11:12:41.098+0000] {dagbag.py:538} INFO - Filling up the DagBag from /opt/airflow/dags/fx_rates_dag.py
[2026-10-09T11:12:41.115+0000] {processor.py:840} INFO - DAG(s) 'fx_rates_dag' retrieved from /opt/airflow/dags/fx_rates_dag.py
[2026-10-09T11:12:41.133+0000] {logging_mixin.py:188} INFO - [2026-10-09T11:12:41.133+0000] {dag.py:3036} INFO - Sync 1 DAGs
[2026-10-09T11:12:41.147+0000] {logging_mixin.py:188} INFO - [2026-10-09T11:12:41.147+0000] {dag.py:3823} INFO - Setting next_dagrun for fx_rates_dag to 2026-10-08 12:00:00+00:00, run_after=2026-10-09 12:00:00+00:00
[2026-10-09T11:12:41.186+0000] {processor.py:183} INFO - Processing /opt/airflow/dags/fx_rates_dag.py took 0.091 seconds
[2026-10-09T11:13:11.422+0000] {processor.py:161} INFO - Started process (PID=420) to work on /opt/airflow/dags/fx_rates_dag.py
[2026-10-09T11:13:11.423+0000] {processor.py:830} INFO - Processing file /opt/airflow/dags/fx_rates_dag.py for tasks to queue
[2026-10-09T11:13:11.424+0000] {logging_mixin.py:188} INFO - [2026-10-09T11:13:11.424+0000] {dagbag.py:538} INFO - Filling up the DagBag from /opt/airflow/dags/fx_rates_dag.py
[2026-10-09T11:13:11.441+0000] {processor.py:840} INFO - DAG(s) 'fx_rates_dag' retrieved from /opt/airflow/dags/fx_rates_dag.py
[2026-10-09T11:13:11.456+0000] {logging_mixin.py:188} INFO - [2026-10-09T11:13:11.456+0000] {dag.py:3036} INFO - Sync 1 DAGs
[2026-10-09T11:13:11.471+0000] {logging_mixin.py:188} INFO - [2026-10-09T11:13:11.471+0000] {dag.py:3823} INFO - Setting next_dagrun for fx_rates_dag to 2026-10-08 12:00:00+00:00, run_after=2026-10-09 12:00:00+00:00
[2026-10-09T11:13:11.512+0000] {processor.py:183} INFO - Processing /opt/airflow/dags/fx_rates_dag.py took 0.091 seconds
[2026-10-09T11:13:41.749+0000] {processor.py:161} INFO - Started process (PID=421) to work on /opt/airflow/dags/fx_rates_dag.py
[2026-10-09T11:13:41.750+0000] {processor.py:830} INFO - Processing file /opt/airflow/dags/fx_rates_dag.py for tasks to queue
[2026-10-09T11:13:41.751+0000] {logging_mixin.py:188} INFO - [2026-10-09T11:13:41.751+0000] {dagbag.py:538} INFO - Filling up the DagBag from /opt/airflow/dags/fx_rates_dag.py
[2026-10-09T11:13:41.771+0000] {processor.py:840} INFO - DAG(s) 'fx_rates_dag' retrieved from /opt/airflow/dags/fx_rates_dag.py
[2026-10-09T11:13:41.793+0000] {logging_mixin.py:188} INFO - [2026-10-09T11:13:41.792+0000] {dag.py:3036} INFO - Sync 1 DAGs
[2026-10-09T11:13:41.810+0000] {logging_mixin.py:188} INFO - [2026-10-09T11:13:41.810+0000] {dag.py:3823} INFO - Setting next_dagrun for fx_rates_dag to 2026-10-08 12:00:00+00:00, run_after=2026-10-09 12:00:00+00:00
[2026-10-09T11:13:41.849+0000] {processor.py:183} INFO - Processing /opt/airflow/dags/fx_rates_dag.py took 0.103 seconds
[2026-10-09T11:14:12.073+0000] {processor.py:161} INFO - Started process (PID=422) to work on /opt/airflow/dags/fx_rates_dag.py
[2026-10-09T11:14:12.075+0000] {processor.py:830} INFO - Processing file /opt/airflow/dags/fx_rates_dag.py for tasks to queue
[2026-10-09T11:14:12.076+0000] {logging_mixin.py:188} INFO - [2026-10-09T11:14:12.075+0000] {dagbag.py:538} INFO - Filling up the DagBag from /opt/airflow/dags/fx_rates_dag.py
[2026-10-09T11:14:12.094+0000] {processor.py:840} INFO - DAG(s) 'fx_rates_dag' retrieved from /opt/airflow/dags/fx_rates_dag.py
[2026-10-09T11:14:12.112+0000] {logging_mixin.py:188} INFO - [2026-10-09T11:14:12.111+0000] {dag.py:3036} INFO - Sync 1 DAGs
[2026-10-09T11:14:12.126+0000] {logging_mixin.py:188} INFO - [2026-10-09T11:14:12.126+0000] {dag.py:3823} INFO - Setting next_dagrun for fx_rates_dag to 2026-10-08 12:00:00+00:00, run_after=2026-10-09 12:00:00+00:00
[2026-10-09T11:14:12.164+0000] {processor.py:183} INFO - Processing /opt/airflow/dags/fx_rates_dag.py took 0.093 seconds
[2026-10-09T11:14:42.348+0000] {processor.py:161} INFO - Started process (PID=423) to work on /opt/airflow/dags/fx_rates_dag.py
[2026-10-09T11:14:42.349+0000] {processor.py:830} INFO - Processing file /opt/airflow/dags/fx_rates_dag.py for tasks to queue
[2026-10-09T11:14:42.350+0000] {logging_mixin.py:188} INFO - [2026-10-09T11:14:42.349+0000] {dagbag.py:538} INFO - Filling up the DagBag from /opt/airflow/dags/fx_rates_dag.py
[2026-10-09T11:14:42.366+0000] {processor.py:840} INFO - DAG(s) 'fx_rates_dag' retrieved from /opt/airflow/dags/fx_rates_dag.py
[2026-10-09T11:14:42.382+0000] {logging_mixin.py:188} INFO - [2026-10-09T11:14:42.382+0000] {dag.py:3036} INFO - Sync 1 DAGs
[2026-10-09T11:14:42.398+0000] {logging_mixin.py:188} INFO - [2026-10-09T11:14:42.398+0000] {dag.py:3823} INFO - Setting next_dagrun for fx_rates_dag to 2026-10-08 12:00:00+00:00, run_after=2026-10-09 12:00:00+00:00
[2026-10-09T11:14:42.437+0000] {processor.py:183} INFO - Processing /opt/airflow/dags/fx_rates_dag.py took 0.092 seconds
[2026-10-09T11:15:12.638+0000] {processor.py:161} INFO - Started process (PID=424) to work on /opt/airflow/dags/fx_rates_dag.py
[2026-10-09T11:15:12.639+0000] {processor.py:830} INFO - Processing file /opt/airflow/dags/fx_rates_dag.py for tasks to queue
[2026-10-09T11:15:12.640+0000] {logging_mixin.py:188} INFO - [2026-10-09T11:15:12.639+0000] {dagbag.py:538} INFO - Filling up the DagBag from /opt/airflow/dags/fx_rates_dag.py
[2026-10-09T11:15:12.656+0000] {processor.py:840} INFO - DAG(s) 'fx_rates_dag' retrieved from /opt/airflow/dags/fx_rates_dag.py
[2026-10-09T11:15:12.674+0000] {logging_mixin.py:188} INFO - [2026-10-09T11:15:12.674+0000] {dag.py:3036} INFO - Sync 1 DAGs
[2026-10-09T11:15:12.693+0000] {logging_mixin.py:188} INFO - [2026-10-09T11:15:12.693+0000] {dag.py:3823} INFO - Setting next_dagrun for fx_rates_dag to 2026-10-08 12:00:00+00:00, run_after=2026-10-09 12:00:00+00:00
[2026-10-09T11:15:12.730+0000] {processor.py:183} INFO - Processing /opt/airflow/dags/fx_rates_dag.py took 0.095 seconds
[2026-10-09T11:15:42.962+0000] {processor.py:161} INFO - Started process (PID=425) to work on /opt/airflow/dags/fx_rates_dag.py
[2026-10-09T11:15:42.963+0000] {processor.py:830} INFO - Processing file /opt/airflow/dags/fx_rates_dag.py for tasks to queue
[2026-10-09T11:15:42.964+0000] {logging_mixin.py:188} INFO - [2026-10-09T11:15:42.964+0000] {dagbag.py:538} INFO - Filling up the DagBag from /opt/airflow/dags/fx_rates_dag.py
[2026-10-09T11:15:42.983+0000] {processor.py:840} INFO - DAG(s) 'fx_rates_dag' retrieved from /opt/airflow/dags/fx_rates_dag.py
[2026-10-09T11:15:43.001+0000] {logging_mixin.py:188} INFO - [2026-10-09T11:15:43.001+0000] {dag.py:3036} INFO - Sync 1 DAGs
[2026-10-09T11:15:43.016+0000] {logging_mixin.py:188} INFO - [2026-10-09T11:15:43.016+0000] {dag.py:3823} INFO - Setting next_dagrun for fx_rates_dag to 2026-10-08 12:00:00+00:00, run_after=2026-10-09 12:00:00+00:00
[2026-10-09T11:15:43.055+0000] {processor.py:183} INFO - Processing /opt/airflow/dags/fx_rates_dag.py took 0.095 seconds
[2026-10-09T11:16:13.288+0000] {processor.py:161} INFO - Started process (PID=426) to work on /opt/airflow/dags/fx_rates_dag.py
[2026-10-09T11:16:13.289+0000] {processor.py:830} INFO - Processing file /opt/airflow/dags/fx_rates_dag.py for tasks to queue
[2026-10-09T11:16:13.290+0000] {logging_mixin.py:188} INFO - [2026-10-09T11:16:13.290+0000] {dagbag.py:538} INFO - Filling up the DagBag from /opt/airflow/dags/fx_rates_dag.py
[2026-10-09T11:16:13.308+0000] {processor.py:840} INFO - DAG(s) 'fx_rates_dag' retrieved from /opt/airflow/dags/fx_rates_dag.py
[2026-10-09T11:16:13.337+0000] {logging_mixin.py:188} INFO - [2026-10-09T11:16:13.337+0000] {dag.py:3036} INFO - Sync 1 DAGs
[2026-10-09T11:16:13.352+0000] {logging_mixin.py:188} INFO - [2026-10-09T11:16:13.352+0000] {dag.py:3823} INFO - Setting next_dagrun for fx_rates_dag to 2026-10-08 12:00:00+00:00, run_after=2026-10-09 12:00:00+00:00
[2026-10-09T11:16:13.389+0000] {processor.py:183} INFO - Processing /opt/airflow/dags/fx_rates_dag.py took 0.103 seconds
[2026-10-09T11:16:43.617+0000] {processor.py:161} INFO - Started process (PID=427) to work on /opt/airflow/dags/fx_rates_dag.py
[2026-10-09T11:16:43.617+0000] {processor.py:830} INFO - Processing file /opt/airflow/dags/fx_rates_dag.py for tasks to queue
[2026-10-09T11:16:43.618+0000] {logging_mixin.py:188} INFO - [2026-10-09T11:16:43.618+0000] {dagbag.py:538} INFO - Filling up the DagBag from /opt/airflow/dags/fx_rates_dag.py
[2026-10-09T11:16:43.634+0000] {processor.py:840} INFO - DAG(s) 'fx_rates_dag' retrieved from /opt/airflow/dags/fx_rates_dag.py
[2026-10-09T11:16:43.649+0000] {logging_mixin.py:188} INFO - [2026-10-09T11:16:43.649+0000] {dag.py:3036} INFO - Sync 1 DAGs
[2026-10-09T11:16:43.663+0000] {logging_mixin.py:188} INFO - [2026-10-09T11:16:43.662+0000] {dag.py:3823} INFO - Setting next_dagrun for fx_rates_dag to 2026-10-08 12:00:00+00:00, run_after=2026-10-09 12:00:00+00:00
[2026-10-09T11:16:43.698+0000] {processor.py:183} INFO - Processing /opt/airflow/dags/fx_rates_dag.py took 0.084 seconds
[2026-10-09T11:17:13.842+0000] {processor.py:161} INFO - Started process (PID=428) to work on /opt/airflow/dags/fx_rates_dag.py
[2026-10-09T11:17:13.843+0000] {processor.py:830} INFO - Processing file /opt/airflow/dags/fx_rates_dag.py for tasks to queue
[2026-10-09T11:17:13.844+0000] {logging_mixin.py:188} INFO - [2026-10-09T11:17:13.844+0000] {dagbag.py:538} INFO - Filling up the DagBag from /opt/airflow/dags/fx_rates_dag.py
[2026-10-09T11:17:13.860+0000] {processor.py:840} INFO - DAG(s) 'fx_rates_dag' retrieved from /opt/airflow/dags/fx_rates_dag.py
[2026-10-09T11:17:13.889+0000] {logging_mixin.py:188} INFO - [2026-10-09T11:17:13.889+0000] {dag.py:3036} INFO - Sync 1 DAGs
[2026-10-09T11:17:13.902+0000] {logging_mixin.py:188} INFO - [2026-10-09T11:17:13.902+0000] {dag.py:3823} INFO - Setting next_dagrun for fx_rates_dag to 2026-10-08 12:00:00+00:00, run_after=2026-10-09 12:00:00+00:00
[2026-10-09T11:17:13.940+0000] {processor.py:183} INFO - Processing /opt/airflow/dags/fx_rates_dag.py took 0.099 seconds
[2026-10-09T11:17:44.166+0000] {processor.py:161} INFO - Started process (PID=429) to work on /opt/airflow/dags/fx_rates_dag.py
[2026-10-09T11:17:44.167+0000] {processor.py:830} INFO - Processing file /opt/airflow/dags/fx_rates_dag.py for tasks to queue
[2026-10-09T11:17:44.167+0000] {logging_mixin.py:188} INFO - [2026-10-09T11:17:44.167+0000] {dagbag.py:538} INFO - Filling up the DagBag from /opt/airflow/dags/fx_rates_dag.py
[2026-10-09T11:17:44.184+0000] {processor.py:840} INFO - DAG(s) 'fx_rates_dag' retrieved from /opt/airflow/dags/fx_rates_dag.py
[2026-10-09T11:17:44.218+0000] {logging_mixin.py:188} INFO - [2026-10-09T11:17:44.218+0000] {dag.py:3036} INFO - Sync 1 DAGs
[2026-10-09T11:17:44.234+0000] {logging_mixin.py:188} INFO - [2026-10-09T11:17:44.234+0000] {dag.py:3823} INFO - Setting next_dagrun for fx_rates_dag to 2026-10-08 12:00:00+00:00, run_after=2026-10-09 12:00:00+00:00
[2026-10-09T11:17:44.272+0000] {processor.py:183} INFO - Processing /opt/airflow/dags/fx_rates_dag.py took 0.108 seconds
[2026-10-09T11:18:14.492+0000] {processor.py:161} INFO - Started process (PID=430) to work on /opt/airflow/dags/fx_rates_dag.py
[2026-10-09T11:18:14.492+0000] {processor.py:830} INFO - Processing file /opt/airflow/dags/fx_rates_dag.py for tasks to queue
[2026-10-09T11:18:14.493+0000] {logging_mixin.py:188} INFO - [2026-10-09T11:18:14.493+0000] {dagbag.py:538} INFO - Filling up the DagBag from /opt/airflow/dags/fx_rates_dag.py
[2026-10-09T11:18:14.512+0000] {processor.py:840} INFO - DAG(s) 'fx_rates_dag' retrieved from /opt/airflow/dags/fx_rates_dag.py
[2026-10-09T11:18:14.530+0000] {logging_mixin.py:188} INFO - [2026-10-09T11:18:14.530+0000] {dag.py:3036} INFO - Sync 1 DAGs
[2026-10-09T11:18:14.545+0000] {logging_mixin.py:188} INFO - [2026-10-09T11:18:14.545+0000] {dag.py:3823} INFO - Setting next_dagrun for fx_rates_dag to 2026-10-08 12:00:00+00:00, run_after=2026-10-09 12:00:00+00:00
[2026-10-09T11:18:14.581+0000] {processor.py:183} INFO - Processing /opt/airflow/dags/fx_rates_dag.py took 0.091 seconds
[2026-10-09T11:18:44.723+0000] {processor.py:161} INFO - Started process (PID=431) to work on /opt/airflow/dags/fx_rates_dag.py
[2026-10-09T11:18:44.724+0000] {processor.py:830} INFO - Processing file /opt/airflow/dags/fx_rates_dag.py for tasks to queue
[2026-10-09T11:18:44.725+0000] {logging_mixin.py:188} INFO - [2026-10-09T11:18:44.725+0000] {dagbag.py:538} INFO - Filling up the DagBag from /opt/airflow/dags/fx_rates_dag.py
[2026-10-09T11:18:44.749+0000] {processor.py:840} INFO - DAG(s) 'fx_rates_dag' retrieved from /opt/airflow/dags/fx_rates_dag.py
[2026-10-09T11:18:44.774+0000] {logging_mixin.py:188} INFO - [2026-10-09T11:18:44.774+0000] {dag.py:3036} INFO - Sync 1 DAGs
[2026-10-09T11:18:44.794+0000] {logging_mixin.py:188} INFO - [2026-10-09T11:18:44.793+0000] {dag.py:3823} INFO - Setting next_dagrun for fx_rates_dag to 2026-10-08 12:00:00+00:00, run_after=2026-10-09 12:00:00+00:00
[2026-10-09T11:18:44.834+0000] {processor.py:183} INFO - Processing /opt/airflow/dags/fx_rates_dag.py took 0.114 seconds
[2026-10-09T11:19:15.065+0000] {processor.py:161} INFO - Started process (PID=432) to work on /opt/airflow/dags/fx_rates_dag.py
[2026-10-09T11:19:15.066+0000] {processor.py:830} INFO - Processing file /opt/airflow/dags/fx_rates_dag.py for tasks to queue
[2026-10-09T11:19:15.067+0000] {logging_mixin.py:188} INFO - [2026-10-09T11:19:15.067+0000] {dagbag.py:538} INFO - Filling up the DagBag from /opt/airflow/dags/fx_rates_dag.py
[2026-10-09T11:19:15.088+0000] {processor.py:840} INFO - DAG(s) 'fx_rates_dag' retrieved from /opt/airflow/dags/fx_rates_dag.py
[2026-10-09T11:19:15.113+0000] {logging_mixin.py:188} INFO - [2026-10-09T11:19:15.113+0000] {dag.py:3036} INFO - Sync 1 DAGs
[2026-10-09T11:19:15.134+0000] {logging_mixin.py:188} INFO - [2026-10-09T11:19:15.134+0000] {dag.py:3823} INFO - Setting next_dagrun for fx_rates_dag to 2026-10-08 12:00:00+00:00, run_after=2026-10-09 12:00:00+00:00
[2026-10-09T11:19:15.172+0000] {processor.py:183} INFO - Processing /opt/airflow/dags/fx_rates_dag.py took 0.110 seconds
[2026-10-09T11:19:45.386+0000] {processor.py:161} INFO - Started process (PID=433) to work on /opt/airflow/dags/fx_rates_dag.py
[2026-10-09T11:19:45.386+0000] {processor.py:830} INFO - Processing file /opt/airflow/dags/fx_rates_dag.py for tasks to queue
[2026-10-09T11:19:45.387+0000] {logging_mixin.py:188} INFO - [2026-10-09T11:19:45.387+0000] {dagbag.py:538} INFO - Filling up the DagBag from /opt/airflow/dags/fx_rates_dag.py
[2026-10-09T11:19:45.403+0000] {processor.py:840} INFO - DAG(s) 'fx_rates_dag' retrieved from /opt/airflow/dags/fx_rates_dag.py
[2026-10-09T11:19:45.423+0000] {logging_mixin.py:188} INFO - [2026-10-09T11:19:45.422+0000] {dag.py:3036} INFO - Sync 1 DAGs
[2026-10-09T11:19:45.436+0000] {logging_mixin.py:188} INFO - [2026-10-09T11:19:45.436+0000] {dag.py:3823} INFO - Setting next_dagrun for fx_rates_dag to 2026-10-08 12:00:00+00:00, run_after=2026-10-09 12:00:00+00:00
[2026-10-09T11:19:45.474+0000] {processor.py:183} INFO - Processing /opt/airflow/dags/fx_rates_dag.py took 0.090 seconds
[2026-10-09T11:20:15.617+0000] {processor.py:161} INFO - Started process (PID=434) to work on /opt/airflow/dags/fx_rates_dag.py
[2026-10-09T11:20:15.618+0000] {processor.py:830} INFO - Processing file /opt/airflow/dags/fx_rates_dag.py for tasks to queue
[2026-10-09T11:20:15.619+0000] {logging_mixin.py:188} INFO - [2026-10-09T11:20:15.619+0000] {dagbag.py:538} INFO - Filling up the DagBag from /opt/airflow/dags/fx_rates_dag.py
[2026-10-09T11:20:15.638+0000] {processor.py:840} INFO - DAG(s) 'fx_rates_dag' retrieved from /opt/airflow/dags/fx_rates_dag.py
[2026-10-09T11:20:15.659+0000] {logging_mixin.py:188} INFO - [2026-10-09T11:20:15.659+0000] {dag.py:3036} INFO - Sync 1 DAGs
[2026-10-09T11:20:15.677+0000] {logging_mixin.py:188} INFO - [2026-10-09T11:20:15.677+0000] {dag.py:3823} INFO - Setting next_dagrun for fx_rates_dag to 2026-10-08 12:00:00+00:00, run_after=2026-10-09 12:00:00+00:00
[2026-10-09T11:20:15.719+0000] {processor.py:183} INFO - Processing /opt/airflow/dags/fx_rates_dag.py took 0.105 seconds
[2026-10-09T11:20:45.923+0000] {processor.py:161} INFO - Started process (PID=435) to work on /opt/airflow/dags/fx_rates_dag.py
[2026-10-09T11:20:45.924+0000] {processor.py:830} INFO - Processing file /opt/airflow/dags/fx_rates_dag.py for tasks to queue
[2026-10-09T11:20:45.925+0000] {logging_mixin.py:188} INFO - [2026-10-09T11:20:45.924+0000] {dagbag.py:538} INFO - Filling up the DagBag from /opt/airflow/dags/fx_rates_dag.py
[2026-10-09T11:20:45.947+0000] {processor.py:840} INFO - DAG(s) 'fx_rates_dag' retrieved from /opt/airflow/dags/fx_rates_dag.py
[2026-10-09T11:20:45.968+0000] {logging_mixin.py:188} INFO - [2026-10-09T11:20:45.968+0000] {dag.py:3036} INFO - Sync 1 DAGs
[2026-10-09T11:20:45.986+0000] {logging_mixin.py:188} INFO - [2026-10-09T11:20:45.986+0000] {dag.py:3823} INFO - Setting next_dagrun for fx_rates_dag to 2026-10-08 12:00:00+00:00, run_after=2026-10-09 12:00:00+00:00
[2026-10-09T11:20:46.024+0000] {processor.py:183} INFO - Processing /opt/airflow/dags/fx_rates_dag.py took 0.103 seconds
[2026-10-09T11:21:16.232+0000] {processor.py:161} INFO - Started process (PID=436) to work on /opt/airflow/dags/fx_rates_dag.py
[2026-10-09T11:21:16.233+0000] {processor.py:830} INFO - Processing file /opt/airflow/dags/fx_rates_dag.py for tasks to queue
[2026-10-09T11:21:16.234+0000] {logging_mixin.py:188} INFO - [2026-10-09T11:21:16.234+0000] {dagbag.py:538} INFO - Filling up the DagBag from /opt/airflow/dags/fx_rates_dag.py
[2026-10-09T11:21:16.250+0000] {processor.py:840} INFO - DAG(s) 'fx_rates_dag' retrieved from /opt/airflow/dags/fx_rates_dag.py
[2026-10-09T11:21:16.271+0000] {logging_mixin.py:188} INFO - [2026-10-09T11:21:16.271+0000] {dag.py:3036} INFO - Sync 1 DAGs
[2026-10-09T11:21:16.286+0000] {logging_mixin.py:188} INFO - [2026-10-09T11:21:16.286+0000] {dag.py:3823} INFO - Setting next_dagrun for fx_rates_dag to 2026-10-08 12:00:00+00:00, run_after=2026-10-09 12:00:00+00:00
[2026-10-09T11:21:16.329+0000] {processor.py:183} INFO - Processing /opt/airflow/dags/fx_rates_dag.py took 0.099 seconds
[2026-10-09T11:21:46.561+0000] {processor.py:161} INFO - Started process (PID=437) to work on /opt/airflow/dags/fx_rates_dag.py
[2026-10-09T11:21:46.562+0000] {processor.py:830} INFO - Processing file /opt/airflow/dags/fx_rates_dag.py for tasks to queue
[2026-10-09T11:21:46.563+0000] {logging_mixin.py:188} INFO - [2026-10-09T11:21:46.563+0000] {dagbag.py:538} INFO - Filling up the DagBag from /opt/airflow/dags/fx_rates_dag.py
[2026-10-09T11:21:46.580+0000] {processor.py:840} INFO - DAG(s) 'fx_rates_dag' retrieved from /opt/airflow/dags/fx_rates_dag.py
[2026-10-09T11:21:46.602+0000] {logging_mixin.py:188} INFO - [2026-10-09T11:21:46.602+0000] {dag.py:3036} INFO - Sync 1 DAGs
[2026-10-09T11:21:46.617+0000] {logging_mixin.py:188} INFO - [2026-10-09T11:21:46.617+0000] {dag.py:3823} INFO - Setting next_dagrun for fx_rates_dag to 2026-10-08 12:00:00+00:00, run_after=2026-10-09 12:00:00+00:00
[2026-10-09T11:21:46.658+0000] {processor.py:183} INFO - Processing /opt/airflow/dags/fx_rates_dag.py took 0.100 seconds
[2026-10-09T11:22:16.885+0000] {processor.py:161} INFO - Started process (PID=438) to work on /opt/airflow/dags/fx_rates_dag.py
[2026-10-09T11:22:16.886+0000] {processor.py:830} INFO - Processing file /opt/airflow/dags/fx_rates_dag.py for tasks to queue
[2026-10-09T11:22:16.887+0000] {logging_mixin.py:188} INFO - [2026-10-09T11:22:16.887+0000] {dagbag.py:538} INFO - Filling up the DagBag from /opt/airflow/dags/fx_rates_dag.py
[2026-10-09T11:22:16.903+0000] {processor.py:840} INFO - DAG(s) 'fx_rates_dag' retrieved from /opt/airflow/dags/fx_rates_dag.py
[2026-10-09T11:22:16.920+0000] {logging_mixin.py:188} INFO - [2026-10-09T11:22:16.920+0000] {dag.py:3036} INFO - Sync 1 DAGs
[2026-10-09T11:22:16.941+0000] {logging_mixin.py:188} INFO - [2026-10-09T11:22:16.941+0000] {dag.py:3823} INFO - Setting next_dagrun for fx_rates_dag to 2026-10-08 12:00:00+00:00, run_after=2026-10-09 12:00:00+00:00
[2026-10-09T11:22:16.979+0000] {processor.py:183} INFO - Processing /opt/airflow/dags/fx_rates_dag.py took 0.096 seconds
[2026-10-09T11:22:47.212+0000] {processor.py:161} INFO - Started process (PID=439) to work on /opt/airflow/dags/fx_rates_dag.py
[2026-10-09T11:22:47.213+0000] {processor.py:830} INFO - Processing file /opt/airflow/dags/fx_rates_dag.py for tasks to queue
[2026-10-09T11:22:47.214+0000] {logging_mixin.py:188} INFO - [2026-10-09T11:22:47.214+0000] {dagbag.py:538} INFO - Filling up the DagBag from /opt/airflow/dags/fx_rates_dag.py
[2026-10-09T11:22:47.238+0000] {processor.py:840} INFO - DAG(s) 'fx_rates_dag' retrieved from /opt/airflow/dags/fx_rates_dag.py
[2026-10-09T11:22:47.260+0000] {logging_mixin.py:188} INFO - [2026-10-09T11:22:47.260+0000] {dag.py:3036} INFO - Sync 1 DAGs
[2026-10-09T11:22:47.282+0000] {logging_mixin.py:188} INFO - [2026-10-09T11:22:47.282+0000] {dag.py:3823} INFO - Setting next_dagrun for fx_rates_dag to 2026-10-08 12:00:00+00:00, run_after=2026-10-09 12:00:00+00:00
[2026-10-09T11:22:47.320+0000] {processor.py:183} INFO - Processing /opt/airflow/dags/fx_rates_dag.py took 0.110 seconds
[2026-10-09T11:23:17.546+0000] {processor.py:161} INFO - Started process (PID=440) to work on /opt/airflow/dags/fx_rates_dag.py
[2026-10-09T11:23:17.547+0000] {processor.py:830} INFO - Processing file /opt/airflow/dags/fx_rates_dag.py for tasks to queue
[2026-10-09T11:23:17.548+0000] {logging_mixin.py:188} INFO - [2026-10-09T11:23:17.548+0000] {dagbag.py:538} INFO - Filling up the DagBag from /opt/airflow/dags/fx_rates_dag.py
[2026-10-09T11:23:17.567+0000] {processor.py:840} INFO - DAG(s) 'fx_rates_dag' retrieved from /opt/airflow/dags/fx_rates_dag.py
[2026-10-09T11:23:17.586+0000] {logging_mixin.py:188} INFO - [2026-10-09T11:23:17.586+0000] {dag.py:3036} INFO - Sync 1 DAGs
[2026-10-09T11:23:17.602+0000] {logging_mixin.py:188} INFO - [2026-10-09T11:23:17.601+0000] {dag.py:3823} INFO - Setting next_dagrun for fx_rates_dag to 2026-10-08 12:00:00+00:00, run_after=2026-10-09 12:00:00+00:00
[2026-10-09T11:23:17.639+0000] {processor.py:183} INFO - Processing /opt/airflow/dags/fx_rates_dag.py took 0.100 seconds
[2026-10-09T11:23:47.866+0000] {processor.py:161} INFO - Started process (PID=441) to work on /opt/airflow/dags/fx_rates_dag.py
[2026-10-09T11:23:47.866+0000] {processor.py:830} INFO - Processing file /opt/airflow/dags/fx_rates_dag.py for tasks to queue
[2026-10-09T11:23:47.867+0000] {logging_mixin.py:188} INFO - [2026-10-09T11:23:47.867+0000] {dagbag.py:538} INFO - Filling up the DagBag from /opt/airflow/dags/fx_rates_dag.py
[2026-10-09T11:23:47.886+0000] {processor.py:840} INFO - DAG(s) 'fx_rates_dag' retrieved from /opt/airflow/dags/fx_rates_dag.py
[2026-10-09T11:23:47.911+0000] {logging_mixin.py:188} INFO - [2026-10-09T11:23:47.911+0000] {dag.py:3036} INFO - Sync 1 DAGs
[2026-10-09T11:23:47.928+0000] {logging_mixin.py:188} INFO - [2026-10-09T11:23:47.928+0000] {dag.py:3823} INFO - Setting next_dagrun for fx_rates_dag to 2026-10-08 12:00:00+00:00, run_after=2026-10-09 12:00:00+00:00
[2026-10-09T11:23:47.966+0000] {processor.py:183} INFO - Processing /opt/airflow/dags/fx_rates_dag.py took 0.104 seconds
[2026-10-09T11:24:18.189+0000] {processor.py:161} INFO - Started process (PID=442) to work on /opt/airflow/dags/fx_rates_dag.py
[2026-10-09T11:24:18.190+0000] {processor.py:830} INFO - Processing file /opt/airflow/dags/fx_rates_dag.py for tasks to queue
[2026-10-09T11:24:18.191+0000] {logging_mixin.py:188} INFO - [2026-10-09T11:24:18.190+0000] {dagbag.py:538} INFO - Filling up the DagBag from /opt/airflow/dags/fx_rates_dag.py
[2026-10-09T11:24:18.206+0000] {processor.py:840} INFO - DAG(s) 'fx_rates_dag' retrieved from /opt/airflow/dags/fx_rates_dag.py
[2026-10-09T11:24:18.221+0000] {logging_mixin.py:188} INFO - [2026-10-09T11:24:18.221+0000] {dag.py:3036} INFO - Sync 1 DAGs
[2026-10-09T11:24:18.235+0000] {logging_mixin.py:188} INFO - [2026-10-09T11:24:18.235+0000] {dag.py:3823} INFO - Setting next_dagrun for fx_rates_dag to 2026-10-08 12:00:00+00:00, run_after=2026-10-09 12:00:00+00:00
[2026-10-09T11:24:18.273+0000] {processor.py:183} INFO - Processing /opt/airflow/dags/fx_rates_dag.py took 0.086 seconds
[2026-10-09T11:24:48.413+0000] {processor.py:161} INFO - Started process (PID=443) to work on /opt/airflow/dags/fx_rates_dag.py
[2026-10-09T11:24:48.414+0000] {processor.py:830} INFO - Processing file /opt/airflow/dags/fx_rates_dag.py for tasks to queue
[2026-10-09T11:24:48.414+0000] {logging_mixin.py:188} INFO - [2026-10-09T11:24:48.414+0000] {dagbag.py:538} INFO - Filling up the DagBag from /opt/airflow/dags/fx_rates_dag.py
[2026-10-09T11:24:48.430+0000] {processor.py:840} INFO - DAG(s) 'fx_rates_dag' retrieved from /opt/airflow/dags/fx_rates_dag.py
[2026-10-09T11:24:48.448+0000] {logging_mixin.py:188} INFO - [2026-10-09T11:24:48.448+0000] {dag.py:3036} INFO - Sync 1 DAGs
[2026-10-09T11:24:48.461+0000] {logging_mixin.py:188} INFO - [2026-10-09T11:24:48.461+0000] {dag.py:3823} INFO - Setting next_dagrun for fx_rates_dag to 2026-10-08 12:00:00+00:00, run_after=2026-10-09 12:00:00+00:00
[2026-10-09T11:24:48.499+0000] {processor.py:183} INFO - Processing /opt/airflow/dags/fx_rates_dag.py took 0.088 seconds
[2026-10-09T11:25:18.639+0000] {processor.py:161} INFO - Started process (PID=444) to work on /opt/airflow/dags/fx_rates_dag.py
[2026-10-09T11:25:18.640+0000] {processor.py:830} INFO - Processing file /opt/airflow/dags/fx_rates_dag.py for tasks to queue
[2026-10-09T11:25:18.641+0000] {logging_mixin.py:188} INFO - [2026-10-09T11:25:18.640+0000] {dagbag.py:538} INFO - Filling up the DagBag from /opt/airflow/dags/fx_rates_dag.py
[2026-10-09T11:25:18.656+0000] {processor.py:840} INFO - DAG(s) 'fx_rates_dag' retrieved from /opt/airflow/dags/fx_rates_dag.py
[2026-10-09T11:25:18.672+0000] {logging_mixin.py:188} INFO - [2026-10-09T11:25:18.672+0000] {dag.py:3036} INFO - Sync 1 DAGs
[2026-10-09T11:25:18.685+0000] {logging_mixin.py:188} INFO - [2026-10-09T11:25:18.685+0000] {dag.py:3823} INFO - Setting next_dagrun for fx_rates_dag to 2026-10-08 12:00:00+00:00, run_after=2026-10-09 12:00:00+00:00
[2026-10-09T11:25:18.722+0000] {processor.py:183} INFO - Processing /opt/airflow/dags/fx_rates_dag.py took 0.085 seconds
[2026-10-09T11:25:48.865+0000] {processor.py:161} INFO - Started process (PID=445) to work on /opt/airflow/dags/fx_rates_dag.py
[2026-10-09T11:25:48.867+0000] {processor.py:830} INFO - Processing file /opt/airflow/dags/fx_rates_dag.py for tasks to queue
[2026-10-09T11:25:48.868+0000] {logging_mixin.py:188} INFO - [2026-10-09T11:25:48.868+0000] {dagbag.py:538} INFO - Filling up the DagBag from /opt/airflow/dags/fx_rates_dag.py
[2026-10-09T11:25:48.887+0000] {processor.py:840} INFO - DAG(s) 'fx_rates_dag' retrieved from /opt/airflow/dags/fx_rates_dag.py
[2026-10-09T11:25:48.910+0000] {logging_mixin.py:188} INFO - [2026-10-09T11:25:48.910+0000] {dag.py:3036} INFO - Sync 1 DAGs
[2026-10-09T11:25:48.928+0000] {logging_mixin.py:188} INFO - [2026-10-09T11:25:48.928+0000] {dag.py:3823} INFO - Setting next_dagrun for fx_rates_dag to 2026-10-08 12:00:00+00:00, run_after=2026-10-09 12:00:00+00:00
[2026-10-09T11:25:48.965+0000] {processor.py:183} INFO - Processing /opt/airflow/dags/fx_rates_dag.py took 0.103 seconds
[2026-10-09T11:26:19.197+0000] {processor.py:161} INFO - Started process (PID=446) to work on /opt/airflow/dags/fx_rates_dag.py
[2026-10-09T11:26:19.198+0000] {processor.py:830} INFO - Processing file /opt/airflow/dags/fx_rates_dag.py for tasks to queue
[2026-10-09T11:26:19.199+0000] {logging_mixin.py:188} INFO - [2026-10-09T11:26:19.199+0000] {dagbag.py:538} INFO - Filling up the DagBag from /opt/airflow/dags/fx_rates_dag.py
[2026-10-09T11:26:19.217+0000] {processor.py:840} INFO - DAG(s) 'fx_rates_dag' retrieved from /opt/airflow/dags/fx_rates_dag.py
[2026-10-09T11:26:19.237+0000] {logging_mixin.py:188} INFO - [2026-10-09T11:26:19.237+0000] {dag.py:3036} INFO - Sync 1 DAGs
[2026-10-09T11:26:19.254+0000] {logging_mixin.py:188} INFO - [2026-10-09T11:26:19.254+0000] {dag.py:3823} INFO - Setting next_dagrun for fx_rates_dag to 2026-10-08 12:00:00+00:00, run_after=2026-10-09 12:00:00+00:00
[2026-10-09T11:26:19.294+0000] {processor.py:183} INFO - Processing /opt/airflow/dags/fx_rates_dag.py took 0.102 seconds
[2026-10-09T11:26:49.517+0000] {processor.py:161} INFO - Started process (PID=447) to work on /opt/airflow/dags/fx_rates_dag.py
[2026-10-09T11:26:49.518+0000] {processor.py:830} INFO - Processing file /opt/airflow/dags/fx_rates_dag.py for tasks to queue
[2026-10-09T11:26:49.518+0000] {logging_mixin.py:188} INFO - [2026-10-09T11:26:49.518+0000] {dagbag.py:538} INFO - Filling up the DagBag from /opt/airflow/dags/fx_rates_dag.py
[2026-10-09T11:26:49.534+0000] {processor.py:840} INFO - DAG(s) 'fx_rates_dag' retrieved from /opt/airflow/dags/fx_rates_dag.py
[2026-10-09T11:26:49.551+0000] {logging_mixin.py:188} INFO - [2026-10-09T11:26:49.551+0000] {dag.py:3036} INFO - Sync 1 DAGs
[2026-10-09T11:26:49.575+0000] {logging_mixin.py:188} INFO - [2026-10-09T11:26:49.575+0000] {dag.py:3823} INFO - Setting next_dagrun for fx_rates_dag to 2026-10-08 12:00:00+00:00, run_after=2026-10-09 12:00:00+00:00
[2026-10-09T11:26:49.613+0000] {processor.py:183} INFO - Processing /opt/airflow/dags/fx_rates_dag.py took 0.098 seconds
[2026-10-09T11:27:19.840+0000] {processor.py:161} INFO - Started process (PID=448) to work on /opt/airflow/dags/fx_rates_dag.py
[2026-10-09T11:27:19.841+0000] {processor.py:830} INFO - Processing file /opt/airflow/dags/fx_rates_dag.py for tasks to queue
[2026-10-09T11:27:19.842+0000] {logging_mixin.py:188} INFO - [2026-10-09T11:27:19.842+0000] {dagbag.py:538} INFO - Filling up the DagBag from /opt/airflow/dags/fx_rates_dag.py
[2026-10-09T11:27:19.858+0000] {processor.py:840} INFO - DAG(s) 'fx_rates_dag' retrieved from /opt/airflow/dags/fx_rates_dag.py
[2026-10-09T11:27:19.883+0000] {logging_mixin.py:188} INFO - [2026-10-09T11:27:19.882+0000] {dag.py:3036} INFO - Sync 1 DAGs
[2026-10-09T11:27:19.909+0000] {logging_mixin.py:188} INFO - [2026-10-09T11:27:19.909+0000] {dag.py:3823} INFO - Setting next_dagrun for fx_rates_dag to 2026-10-08 12:00:00+00:00, run_after=2026-10-09 12:00:00+00:00
[2026-10-09T11:27:19.953+0000] {processor.py:183} INFO - Processing /opt/airflow/dags/fx_rates_dag.py took 0.115 seconds
[2026-10-09T11:27:50.092+0000] {processor.py:161} INFO - Started process (PID=449) to work on /opt/airflow/dags/fx_rates_dag.py
[2026-10-09T11:27:50.092+0000] {processor.py:830} INFO - Processing file /opt/airflow/dags/fx_rates_dag.py for tasks to queue
[2026-10-09T11:27:50.093+0000] {logging_mixin.py:188} INFO - [2026-10-09T11:27:50.093+0000] {dagbag.py:538} INFO - Filling up the DagBag from /opt/airflow/dags/fx_rates_dag.py
[2026-10-09T11:27:50.110+0000] {processor.py:840} INFO - DAG(s) 'fx_rates_dag' retrieved from /opt/airflow/dags/fx_rates_dag.py
[2026-10-09T11:27:50.129+0000] {logging_mixin.py:188} INFO - [2026-10-09T11:27:50.129+0000] {dag.py:3036} INFO - Sync 1 DAGs
[2026-10-09T11:27:50.145+0000] {logging_mixin.py:188} INFO - [2026-10-09T11:27:50.145+0000] {dag.py:3823} INFO - Setting next_dagrun for fx_rates_dag to 2026-10-08 12:00:00+00:00, run_after=2026-10-09 12:00:00+00:00
[2026-10-09T11:27:50.183+0000] {processor.py:183} INFO - Processing /opt/airflow/dags/fx_rates_dag.py took 0.093 seconds
[2026-10-09T11:28:20.384+0000] {processor.py:161} INFO - Started process (PID=450) to work on /opt/airflow/dags/fx_rates_dag.py
[2026-10-09T11:28:20.385+0000] {processor.py:830} INFO - Processing file /opt/airflow/dags/fx_rates_dag.py for tasks to queue
[2026-10-09T11:28:20.386+0000] {logging_mixin.py:188} INFO - [2026-10-09T11:28:20.386+0000] {dagbag.py:538} INFO - Filling up the DagBag from /opt/airflow/dags/fx_rates_dag.py
[2026-10-09T11:28:20.402+0000] {processor.py:840} INFO - DAG(s) 'fx_rates_dag' retrieved from /opt/airflow/dags/fx_rates_dag.py
[2026-10-09T11:28:20.420+0000] {logging_mixin.py:188} INFO - [2026-10-09T11:28:20.420+0000] {dag.py:3036} INFO - Sync 1 DAGs
[2026-10-09T11:28:20.435+0000] {logging_mixin.py:188} INFO - [2026-10-09T11:28:20.435+0000] {dag.py:3823} INFO - Setting next_dagrun for fx_rates_dag to 2026-10-08 12:00:00+00:00, run_after=2026-10-09 12:00:00+00:00
[2026-10-09T11:28:20.474+0000] {processor.py:183} INFO - Processing /opt/airflow/dags/fx_rates_dag.py took 0.093 seconds
[2026-10-09T11:28:50.703+0000] {processor.py:161} INFO - Started process (PID=451) to work on /opt/airflow/dags/fx_rates_dag.py
[2026-10-09T11:28:50.704+0000] {processor.py:830} INFO - Processing file /opt/airflow/dags/fx_rates_dag.py for tasks to queue
[2026-10-09T11:28:50.705+0000] {logging_mixin.py:188} INFO - [2026-10-09T11:28:50.705+0000] {dagbag.py:538} INFO - Filling up the DagBag from /opt/airflow/dags/fx_rates_dag.py
[2026-10-09T11:28:50.723+0000] {processor.py:840} INFO - DAG(s) 'fx_rates_dag' retrieved from /opt/airflow/dags/fx_rates_dag.py
[2026-10-09T11:28:50.741+0000] {logging_mixin.py:188} INFO - [2026-10-09T11:28:50.741+0000] {dag.py:3036} INFO - Sync 1 DAGs
[2026-10-09T11:28:50.756+0000] {logging_mixin.py:188} INFO - [2026-10-09T11:28:50.756+0000] {dag.py:3823} INFO - Setting next_dagrun for fx_rates_dag to 2026-10-08 12:00:00+00:00, run_after=2026-10-09 12:00:00+00:00
[2026-10-09T11:28:50.795+0000] {processor.py:183} INFO - Processing /opt/airflow/dags/fx_rates_dag.py took 0.094 seconds
[2026-10-09T11:29:21.030+0000] {processor.py:161} INFO - Started process (PID=452) to work on /opt/airflow/dags/fx_rates_dag.py
[2026-10-09T11:29:21.031+0000] {processor.py:830} INFO - Processing file /opt/airflow/dags/fx_rates_dag.py for tasks to queue
[2026-10-09T11:29:21.032+0000] {logging_mixin.py:188} INFO - [2026-10-09T11:29:21.032+0000] {dagbag.py:538} INFO - Filling up the DagBag from /opt/airflow/dags/fx_rates_dag.py
[2026-10-09T11:29:21.050+0000] {processor.py:840} INFO - DAG(s) 'fx_rates_dag' retrieved from /opt/airflow/dags/fx_rates_dag.py
[2026-10-09T11:29:21.069+0000] {logging_mixin.py:188} INFO - [2026-10-09T11:29:21.069+0000] {dag.py:3036} INFO - Sync 1 DAGs
[2026-10-09T11:29:21.085+0000] {logging_mixin.py:188} INFO - [2026-10-09T11:29:21.085+0000] {dag.py:3823} INFO - Setting next_dagrun for fx_rates_dag to 2026-10-08 12:00:00+00:00, run_after=2026-10-09 12:00:00+00:00
[2026-10-09T11:29:21.123+0000] {processor.py:183} INFO - Processing /opt/airflow/dags/fx_rates_dag.py took 0.095 seconds
[2026-10-09T11:29:51.356+0000] {processor.py:161} INFO - Started process (PID=453) to work on /opt/airflow/dags/fx_rates_dag.py
[2026-10-09T11:29:51.357+0000] {processor.py:830} INFO - Processing file /opt/airflow/dags/fx_rates_dag.py for tasks to queue
[2026-10-09T11:29:51.358+0000] {logging_mixin.py:188} INFO - [2026-10-09T11:29:51.358+0000] {dagbag.py:538} INFO - Filling up the DagBag from /opt/airflow/dags/fx_rates_dag.py
[2026-10-09T11:29:51.376+0000] {processor.py:840} INFO - DAG(s) 'fx_rates_dag' retrieved from /opt/airflow/dags/fx_rates_dag.py
[2026-10-09T11:29:51.394+0000] {logging_mixin.py:188} INFO - [2026-10-09T11:29:51.394+0000] {dag.py:3036} INFO - Sync 1 DAGs
[2026-10-09T11:29:51.410+0000] {logging_mixin.py:188} INFO - [2026-10-09T11:29:51.410+0000] {dag.py:3823} INFO - Setting next_dagrun for fx_rates_dag to 2026-10-08 12:00:00+00:00, run_after=2026-10-09 12:00:00+00:00
[2026-10-09T11:29:51.447+0000] {processor.py:183} INFO - Processing /opt/airflow/dags/fx_rates_dag.py took 0.094 seconds
[2026-10-09T11:30:21.682+0000] {processor.py:161} INFO - Started process (PID=454) to work on /opt/airflow/dags/fx_rates_dag.py
[2026-10-09T11:30:21.683+0000] {processor.py:830} INFO - Processing file /opt/airflow/dags/fx_rates_dag.py for tasks to queue
[2026-10-09T11:30:21.684+0000] {logging_mixin.py:188} INFO - [2026-10-09T11:30:21.684+0000] {dagbag.py:538} INFO - Filling up the DagBag from /opt/airflow/dags/fx_rates_dag.py
[2026-10-09T11:30:21.699+0000] {processor.py:840} INFO - DAG(s) 'fx_rates_dag' retrieved from /opt/airflow/dags/fx_rates_dag.py
[2026-10-09T11:30:21.714+0000] {logging_mixin.py:188} INFO - [2026-10-09T11:30:21.714+0000] {dag.py:3036} INFO - Sync 1 DAGs
[2026-10-09T11:30:21.728+0000] {logging_mixin.py:188} INFO - [2026-10-09T11:30:21.728+0000] {dag.py:3823} INFO - Setting next_dagrun for fx_rates_dag to 2026-10-08 12:00:00+00:00, run_after=2026-10-09 12:00:00+00:00
[2026-10-09T11:30:21.765+0000] {processor.py:183} INFO - Processing /opt/airflow/dags/fx_rates_dag.py took 0.085 seconds
[2026-10-09T11:30:51.908+0000] {processor.py:161} INFO - Started process (PID=455) to work on /opt/airflow/dags/fx_rates_dag.py
[2026-10-09T11:30:51.909+0000] {processor.py:830} INFO - Processing file /opt/airflow/dags/fx_rates_dag.py for tasks to queue
[2026-10-09T11:30:51.910+0000] {logging_mixin.py:188} INFO - [2026-10-09T11:30:51.909+0000] {dagbag.py:538} INFO - Filling up the DagBag from /opt/airflow/dags/fx_rates_dag.py
[2026-10-09T11:30:51.927+0000] {processor.py:840} INFO - DAG(s) 'fx_rates_dag' retrieved from /opt/airflow/dags/fx_rates_dag.py
[2026-10-09T11:30:51.945+0000] {logging_mixin.py:188} INFO - [2026-10-09T11:30:51.945+0000] {dag.py:3036} INFO - Sync 1 DAGs
[2026-10-09T11:30:51.960+0000] {logging_mixin.py:188} INFO - [2026-10-09T11:30:51.960+0000] {dag.py:3823} INFO - Setting next_dagrun for fx_rates_dag to 2026-10-08 12:00:00+00:00, run_after=2026-10-09 12:00:00+00:00
[2026-10-09T11:30:51.996+0000] {processor.py:183} INFO - Processing /opt/airflow/dags/fx_rates_dag.py took 0.090 seconds
[2026-10-09T11:31:22.118+0000] {processor.py:161} INFO - Started process (PID=456) to work on /opt/airflow/dags/fx_rates_dag.py
[2026-10-09T11:31:22.119+0000] {processor.py:830} INFO - Processing file /opt/airflow/dags/fx_rates_dag.py for tasks to queue
[2026-10-09T11:31:22.120+0000] {logging_mixin.py:188} INFO - [2026-10-09T11:31:22.119+0000] {dagbag.py:538} INFO - Filling up the DagBag from /opt/airflow/dags/fx_rates_dag.py
[2026-10-09T11:31:22.137+0000] {processor.py:840} INFO - DAG(s) 'fx_rates_dag' retrieved from /opt/airflow/dags/fx_rates_dag.py
[2026-10-09T11:31:22.163+0000] {logging_mixin.py:188} INFO - [2026-10-09T11:31:22.163+0000] {dag.py:3036} INFO - Sync 1 DAGs
[2026-10-09T11:31:22.184+0000] {logging_mixin.py:188} INFO - [2026-10-09T11:31:22.184+0000] {dag.py:3823} INFO - Setting next_dagrun for fx_rates_dag to 2026-10-08 12:00:00+00:00, run_after=2026-10-09 12:00:00+00:00
[2026-10-09T11:31:22.227+0000] {processor.py:183} INFO - Processing /opt/airflow/dags/fx_rates_dag.py took 0.110 seconds
[2026-10-09T11:31:52.407+0000] {processor.py:161} INFO - Started process (PID=457) to work on /opt/airflow/dags/fx_rates_dag.py
[2026-10-09T11:31:52.408+0000] {processor.py:830} INFO - Processing file /opt/airflow/dags/fx_rates_dag.py for tasks to queue
[2026-10-09T11:31:52.409+0000] {logging_mixin.py:188} INFO - [2026-10-09T11:31:52.409+0000] {dagbag.py:538} INFO - Filling up the DagBag from /opt/airflow/dags/fx_rates_dag.py
[2026-10-09T11:31:52.427+0000] {processor.py:840} INFO - DAG(s) 'fx_rates_dag' retrieved from /opt/airflow/dags/fx_rates_dag.py
[2026-10-09T11:31:52.443+0000] {logging_mixin.py:188} INFO - [2026-10-09T11:31:52.443+0000] {dag.py:3036} INFO - Sync 1 DAGs
[2026-10-09T11:31:52.457+0000] {logging_mixin.py:188} INFO - [2026-10-09T11:31:52.457+0000] {dag.py:3823} INFO - Setting next_dagrun for fx_rates_dag to 2026-10-08 12:00:00+00:00, run_after=2026-10-09 12:00:00+00:00
[2026-10-09T11:31:52.498+0000] {processor.py:183} INFO - Processing /opt/airflow/dags/fx_rates_dag.py took 0.093 seconds
[2026-10-09T11:32:22.734+0000] {processor.py:161} INFO - Started process (PID=458) to work on /opt/airflow/dags/fx_rates_dag.py
[2026-10-09T11:32:22.735+0000] {processor.py:830} INFO - Processing file /opt/airflow/dags/fx_rates_dag.py for tasks to queue
[2026-10-09T11:32:22.735+0000] {logging_mixin.py:188} INFO - [2026-10-09T11:32:22.735+0000] {dagbag.py:538} INFO - Filling up the DagBag from /opt/airflow/dags/fx_rates_dag.py
[2026-10-09T11:32:22.751+0000] {processor.py:840} INFO - DAG(s) 'fx_rates_dag' retrieved from /opt/airflow/dags/fx_rates_dag.py
[2026-10-09T11:32:22.766+0000] {logging_mixin.py:188} INFO - [2026-10-09T11:32:22.766+0000] {dag.py:3036} INFO - Sync 1 DAGs
[2026-10-09T11:32:22.780+0000] {logging_mixin.py:188} INFO - [2026-10-09T11:32:22.780+0000] {dag.py:3823} INFO - Setting next_dagrun for fx_rates_dag to 2026-10-08 12:00:00+00:00, run_after=2026-10-09 12:00:00+00:00
[2026-10-09T11:32:22.817+0000] {processor.py:183} INFO - Processing /opt/airflow/dags/fx_rates_dag.py took 0.085 seconds
[2026-10-09T11:32:52.969+0000] {processor.py:161} INFO - Started process (PID=459) to work on /opt/airflow/dags/fx_rates_dag.py
[2026-10-09T11:32:52.971+0000] {processor.py:830} INFO - Processing file /opt/airflow/dags/fx_rates_dag.py for tasks to queue
[2026-10-09T11:32:52.973+0000] {logging_mixin.py:188} INFO - [2026-10-09T11:32:52.972+0000] {dagbag.py:538} INFO - Filling up the DagBag from /opt/airflow/dags/fx_rates_dag.py
[2026-10-09T11:32:53.002+0000] {processor.py:840} INFO - DAG(s) 'fx_rates_dag' retrieved from /opt/airflow/dags/fx_rates_dag.py
[2026-10-09T11:32:53.029+0000] {logging_mixin.py:188} INFO - [2026-10-09T11:32:53.029+0000] {dag.py:3036} INFO - Sync 1 DAGs
[2026-10-09T11:32:53.048+0000] {logging_mixin.py:188} INFO - [2026-10-09T11:32:53.048+0000] {dag.py:3823} INFO - Setting next_dagrun for fx_rates_dag to 2026-10-08 12:00:00+00:00, run_after=2026-10-09 12:00:00+00:00
[2026-10-09T11:32:53.089+0000] {processor.py:183} INFO - Processing /opt/airflow/dags/fx_rates_dag.py took 0.124 seconds
[2026-10-09T11:33:23.247+0000] {processor.py:161} INFO - Started process (PID=460) to work on /opt/airflow/dags/fx_rates_dag.py
[2026-10-09T11:33:23.248+0000] {processor.py:830} INFO - Processing file /opt/airflow/dags/fx_rates_dag.py for tasks to queue
[2026-10-09T11:33:23.249+0000] {logging_mixin.py:188} INFO - [2026-10-09T11:33:23.249+0000] {dagbag.py:538} INFO - Filling up the DagBag from /opt/airflow/dags/fx_rates_dag.py
[2026-10-09T11:33:23.267+0000] {processor.py:840} INFO - DAG(s) 'fx_rates_dag' retrieved from /opt/airflow/dags/fx_rates_dag.py
[2026-10-09T11:33:23.286+0000] {logging_mixin.py:188} INFO - [2026-10-09T11:33:23.286+0000] {dag.py:3036} INFO - Sync 1 DAGs
[2026-10-09T11:33:23.305+0000] {logging_mixin.py:188} INFO - [2026-10-09T11:33:23.305+0000] {dag.py:3823} INFO - Setting next_dagrun for fx_rates_dag to 2026-10-08 12:00:00+00:00, run_after=2026-10-09 12:00:00+00:00
[2026-10-09T11:33:23.345+0000] {processor.py:183} INFO - Processing /opt/airflow/dags/fx_rates_dag.py took 0.101 seconds
[2026-10-09T11:33:53.583+0000] {processor.py:161} INFO - Started process (PID=461) to work on /opt/airflow/dags/fx_rates_dag.py
[2026-10-09T11:33:53.584+0000] {processor.py:830} INFO - Processing file /opt/airflow/dags/fx_rates_dag.py for tasks to queue
[2026-10-09T11:33:53.585+0000] {logging_mixin.py:188} INFO - [2026-10-09T11:33:53.585+0000] {dagbag.py:538} INFO - Filling up the DagBag from /opt/airflow/dags/fx_rates_dag.py
[2026-10-09T11:33:53.604+0000] {processor.py:840} INFO - DAG(s) 'fx_rates_dag' retrieved from /opt/airflow/dags/fx_rates_dag.py
[2026-10-09T11:33:53.632+0000] {logging_mixin.py:188} INFO - [2026-10-09T11:33:53.631+0000] {dag.py:3036} INFO - Sync 1 DAGs
[2026-10-09T11:33:53.659+0000] {logging_mixin.py:188} INFO - [2026-10-09T11:33:53.659+0000] {dag.py:3823} INFO - Setting next_dagrun for fx_rates_dag to 2026-10-08 12:00:00+00:00, run_after=2026-10-09 12:00:00+00:00
[2026-10-09T11:33:53.703+0000] {processor.py:183} INFO - Processing /opt/airflow/dags/fx_rates_dag.py took 0.122 seconds
[2026-10-09T11:34:23.908+0000] {processor.py:161} INFO - Started process (PID=462) to work on /opt/airflow/dags/fx_rates_dag.py
[2026-10-09T11:34:23.909+0000] {processor.py:830} INFO - Processing file /opt/airflow/dags/fx_rates_dag.py for tasks to queue
[2026-10-09T11:34:23.910+0000] {logging_mixin.py:188} INFO - [2026-10-09T11:34:23.910+0000] {dagbag.py:538} INFO - Filling up the DagBag from /opt/airflow/dags/fx_rates_dag.py
[2026-10-09T11:34:23.925+0000] {processor.py:840} INFO - DAG(s) 'fx_rates_dag' retrieved from /opt/airflow/dags/fx_rates_dag.py
[2026-10-09T11:34:23.940+0000] {logging_mixin.py:188} INFO - [2026-10-09T11:34:23.940+0000] {dag.py:3036} INFO - Sync 1 DAGs
[2026-10-09T11:34:23.954+0000] {logging_mixin.py:188} INFO - [2026-10-09T11:34:23.954+0000] {dag.py:3823} INFO - Setting next_dagrun for fx_rates_dag to 2026-10-08 12:00:00+00:00, run_after=2026-10-09 12:00:00+00:00
[2026-10-09T11:34:23.993+0000] {processor.py:183} INFO - Processing /opt/airflow/dags/fx_rates_dag.py took 0.086 seconds
[2026-10-09T11:34:54.125+0000] {processor.py:161} INFO - Started process (PID=463) to work on /opt/airflow/dags/fx_rates_dag.py
[2026-10-09T11:34:54.127+0000] {processor.py:830} INFO - Processing file /opt/airflow/dags/fx_rates_dag.py for tasks to queue
[2026-10-09T11:34:54.128+0000] {logging_mixin.py:188} INFO - [2026-10-09T11:34:54.128+0000] {dagbag.py:538} INFO - Filling up the DagBag from /opt/airflow/dags/fx_rates_dag.py
[2026-10-09T11:34:54.147+0000] {processor.py:840} INFO - DAG(s) 'fx_rates_dag' retrieved from /opt/airflow/dags/fx_rates_dag.py
[2026-10-09T11:34:54.165+0000] {logging_mixin.py:188} INFO - [2026-10-09T11:34:54.165+0000] {dag.py:3036} INFO - Sync 1 DAGs
[2026-10-09T11:34:54.182+0000] {logging_mixin.py:188} INFO - [2026-10-09T11:34:54.181+0000] {dag.py:3823} INFO - Setting next_dagrun for fx_rates_dag to 2026-10-08 12:00:00+00:00, run_after=2026-10-09 12:00:00+00:00
[2026-10-09T11:34:54.228+0000] {processor.py:183} INFO - Processing /opt/airflow/dags/fx_rates_dag.py took 0.104 seconds
[2026-10-09T11:35:24.478+0000] {processor.py:161} INFO - Started process (PID=464) to work on /opt/airflow/dags/fx_rates_dag.py
[2026-10-09T11:35:24.479+0000] {processor.py:830} INFO - Processing file /opt/airflow/dags/fx_rates_dag.py for tasks to queue
[2026-10-09T11:35:24.480+0000] {logging_mixin.py:188} INFO - [2026-10-09T11:35:24.480+0000] {dagbag.py:538} INFO - Filling up the DagBag from /opt/airflow/dags/fx_rates_dag.py
[2026-10-09T11:35:24.496+0000] {processor.py:840} INFO - DAG(s) 'fx_rates_dag' retrieved from /opt/airflow/dags/fx_rates_dag.py
[2026-10-09T11:35:24.515+0000] {logging_mixin.py:188} INFO - [2026-10-09T11:35:24.515+0000] {dag.py:3036} INFO - Sync 1 DAGs
[2026-10-09T11:35:24.532+0000] {logging_mixin.py:188} INFO - [2026-10-09T11:35:24.532+0000] {dag.py:3823} INFO - Setting next_dagrun for fx_rates_dag to 2026-10-08 12:00:00+00:00, run_after=2026-10-09 12:00:00+00:00
[2026-10-09T11:35:24.571+0000] {processor.py:183} INFO - Processing /opt/airflow/dags/fx_rates_dag.py took 0.095 seconds
[2026-10-09T11:35:54.824+0000] {processor.py:161} INFO - Started process (PID=465) to work on /opt/airflow/dags/fx_rates_dag.py
[2026-10-09T11:35:54.825+0000] {processor.py:830} INFO - Processing file /opt/airflow/dags/fx_rates_dag.py for tasks to queue
[2026-10-09T11:35:54.826+0000] {logging_mixin.py:188} INFO - [2026-10-09T11:35:54.826+0000] {dagbag.py:538} INFO - Filling up the DagBag from /opt/airflow/dags/fx_rates_dag.py
[2026-10-09T11:35:54.841+0000] {processor.py:840} INFO - DAG(s) 'fx_rates_dag' retrieved from /opt/airflow/dags/fx_rates_dag.py
[2026-10-09T11:35:54.856+0000] {logging_mixin.py:188} INFO - [2026-10-09T11:35:54.856+0000] {dag.py:3036} INFO - Sync 1 DAGs
[2026-10-09T11:35:54.870+0000] {logging_mixin.py:188} INFO - [2026-10-09T11:35:54.870+0000] {dag.py:3823} INFO - Setting next_dagrun for fx_rates_dag to 2026-10-08 12:00:00+00:00, run_after=2026-10-09 12:00:00+00:00
[2026-10-09T11:35:54.907+0000] {processor.py:183} INFO - Processing /opt/airflow/dags/fx_rates_dag.py took 0.084 seconds
[2026-10-09T11:36:25.047+0000] {processor.py:161} INFO - Started process (PID=466) to work on /opt/airflow/dags/fx_rates_dag.py
[2026-10-09T11:36:25.047+0000] {processor.py:830} INFO - Processing file /opt/airflow/dags/fx_rates_dag.py for tasks to queue
[2026-10-09T11:36:25.048+0000] {logging_mixin.py:188} INFO - [2026-10-09T11:36:25.048+0000] {dagbag.py:538} INFO - Filling up the DagBag from /opt/airflow/dags/fx_rates_dag.py
[2026-10-09T11:36:25.064+0000] {processor.py:840} INFO - DAG(s) 'fx_rates_dag' retrieved from /opt/airflow/dags/fx_rates_dag.py
[2026-10-09T11:36:25.092+0000] {logging_mixin.py:188} INFO - [2026-10-09T11:36:25.092+0000] {dag.py:3036} INFO - Sync 1 DAGs
[2026-10-09T11:36:25.107+0000] {logging_mixin.py:188} INFO - [2026-10-09T11:36:25.107+0000] {dag.py:3823} INFO - Setting next_dagrun for fx_rates_dag to 2026-10-08 12:00:00+00:00, run_after=2026-10-09 12:00:00+00:00
[2026-10-09T11:36:25.145+0000] {processor.py:183} INFO - Processing /opt/airflow/dags/fx_rates_dag.py took 0.101 seconds
[2026-10-09T11:36:55.370+0000] {processor.py:161} INFO - Started process (PID=467) to work on /opt/airflow/dags/fx_rates_dag.py
[2026-10-09T11:36:55.370+0000] {processor.py:830} INFO - Processing file /opt/airflow/dags/fx_rates_dag.py for tasks to queue
[2026-10-09T11:36:55.371+0000] {logging_mixin.py:188} INFO - [2026-10-09T11:36:55.371+0000] {dagbag.py:538} INFO - Filling up the DagBag from /opt/airflow/dags/fx_rates_dag.py
[2026-10-09T11:36:55.386+0000] {processor.py:840} INFO - DAG(s) 'fx_rates_dag' retrieved from /opt/airflow/dags/fx_rates_dag.py
[2026-10-09T11:36:55.402+0000] {logging_mixin.py:188} INFO - [2026-10-09T11:36:55.402+0000] {dag.py:3036} INFO - Sync 1 DAGs
[2026-10-09T11:36:55.416+0000] {logging_mixin.py:188} INFO - [2026-10-09T11:36:55.415+0000] {dag.py:3823} INFO - Setting next_dagrun for fx_rates_dag to 2026-10-08 12:00:00+00:00, run_after=2026-10-09 12:00:00+00:00
[2026-10-09T11:36:55.453+0000] {processor.py:183} INFO - Processing /opt/airflow/dags/fx_rates_dag.py took 0.085 seconds
[2026-10-09T11:37:25.592+0000] {processor.py:161} INFO - Started process (PID=468) to work on /opt/airflow/dags/fx_rates_dag.py
[2026-10-09T11:37:25.593+0000] {processor.py:830} INFO - Processing file /opt/airflow/dags/fx_rates_dag.py for tasks to queue
[2026-10-09T11:37:25.594+0000] {logging_mixin.py:188} INFO - [2026-10-09T11:37:25.594+0000] {dagbag.py:538} INFO - Filling up the DagBag from /opt/airflow/dags/fx_rates_dag.py
[2026-10-09T11:37:25.609+0000] {processor.py:840} INFO - DAG(s) 'fx_rates_dag' retrieved from /opt/airflow/dags/fx_rates_dag.py
[2026-10-09T11:37:25.625+0000] {logging_mixin.py:188} INFO - [2026-10-09T11:37:25.625+0000] {dag.py:3036} INFO - Sync 1 DAGs
[2026-10-09T11:37:25.639+0000] {logging_mixin.py:188} INFO - [2026-10-09T11:37:25.639+0000] {dag.py:3823} INFO - Setting next_dagrun for fx_rates_dag to 2026-10-08 12:00:00+00:00, run_after=2026-10-09 12:00:00+00:00
[2026-10-09T11:37:25.676+0000] {processor.py:183} INFO - Processing /opt/airflow/dags/fx_rates_dag.py took 0.085 seconds
[2026-10-09T11:37:55.817+0000] {processor.py:161} INFO - Started process (PID=469) to work on /opt/airflow/dags/fx_rates_dag.py
[2026-10-09T11:37:55.818+0000] {processor.py:830} INFO - Processing file /opt/airflow/dags/fx_rates_dag.py for tasks to queue
[2026-10-09T11:37:55.819+0000] {logging_mixin.py:188} INFO - [2026-10-09T11:37:55.818+0000] {dagbag.py:538} INFO - Filling up the DagBag from /opt/airflow/dags/fx_rates_dag.py
[2026-10-09T11:37:55.834+0000] {processor.py:840} INFO - DAG(s) 'fx_rates_dag' retrieved from /opt/airflow/dags/fx_rates_dag.py
[2026-10-09T11:37:55.850+0000] {logging_mixin.py:188} INFO - [2026-10-09T11:37:55.850+0000] {dag.py:3036} INFO - Sync 1 DAGs
[2026-10-09T11:37:55.865+0000] {logging_mixin.py:188} INFO - [2026-10-09T11:37:55.865+0000] {dag.py:3823} INFO - Setting next_dagrun for fx_rates_dag to 2026-10-08 12:00:00+00:00, run_after=2026-10-09 12:00:00+00:00
[2026-10-09T11:37:55.906+0000] {processor.py:183} INFO - Processing /opt/airflow/dags/fx_rates_dag.py took 0.091 seconds
[2026-10-09T11:38:26.144+0000] {processor.py:161} INFO - Started process (PID=470) to work on /opt/airflow/dags/fx_rates_dag.py
[2026-10-09T11:38:26.144+0000] {processor.py:830} INFO - Processing file /opt/airflow/dags/fx_rates_dag.py for tasks to queue
[2026-10-09T11:38:26.145+0000] {logging_mixin.py:188} INFO - [2026-10-09T11:38:26.145+0000] {dagbag.py:538} INFO - Filling up the DagBag from /opt/airflow/dags/fx_rates_dag.py
[2026-10-09T11:38:26.161+0000] {processor.py:840} INFO - DAG(s) 'fx_rates_dag' retrieved from /opt/airflow/dags/fx_rates_dag.py
[2026-10-09T11:38:26.176+0000] {logging_mixin.py:188} INFO - [2026-10-09T11:38:26.176+0000] {dag.py:3036} INFO - Sync 1 DAGs
[2026-10-09T11:38:26.190+0000] {logging_mixin.py:188} INFO - [2026-10-09T11:38:26.190+0000] {dag.py:3823} INFO - Setting next_dagrun for fx_rates_dag to 2026-10-08 12:00:00+00:00, run_after=2026-10-09 12:00:00+00:00
[2026-10-09T11:38:26.227+0000] {processor.py:183} INFO - Processing /opt/airflow/dags/fx_rates_dag.py took 0.085 seconds
[2026-10-09T11:38:56.369+0000] {processor.py:161} INFO - Started process (PID=471) to work on /opt/airflow/dags/fx_rates_dag.py
[2026-10-09T11:38:56.370+0000] {processor.py:830} INFO - Processing file /opt/airflow/dags/fx_rates_dag.py for tasks to queue
[2026-10-09T11:38:56.371+0000] {logging_mixin.py:188} INFO - [2026-10-09T11:38:56.370+0000] {dagbag.py:538} INFO - Filling up the DagBag from /opt/airflow/dags/fx_rates_dag.py
[2026-10-09T11:38:56.386+0000] {processor.py:840} INFO - DAG(s) 'fx_rates_dag' retrieved from /opt/airflow/dags/fx_rates_dag.py
[2026-10-09T11:38:56.401+0000] {logging_mixin.py:188} INFO - [2026-10-09T11:38:56.401+0000] {dag.py:3036} INFO - Sync 1 DAGs
[2026-10-09T11:38:56.415+0000] {logging_mixin.py:188} INFO - [2026-10-09T11:38:56.415+0000] {dag.py:3823} INFO - Setting next_dagrun for fx_rates_dag to 2026-10-08 12:00:00+00:00, run_after=2026-10-09 12:00:00+00:00
[2026-10-09T11:38:56.453+0000] {processor.py:183} INFO - Processing /opt/airflow/dags/fx_rates_dag.py took 0.086 seconds
[2026-10-09T11:39:26.594+0000] {processor.py:161} INFO - Started process (PID=472) to work on /opt/airflow/dags/fx_rates_dag.py
[2026-10-09T11:39:26.595+0000] {processor.py:830} INFO - Processing file /opt/airflow/dags/fx_rates_dag.py for tasks to queue
[2026-10-09T11:39:26.596+0000] {logging_mixin.py:188} INFO - [2026-10-09T11:39:26.596+0000] {dagbag.py:538} INFO - Filling up the DagBag from /opt/airflow/dags/fx_rates_dag.py
[2026-10-09T11:39:26.611+0000] {processor.py:840} INFO - DAG(s) 'fx_rates_dag' retrieved from /opt/airflow/dags/fx_rates_dag.py
[2026-10-09T11:39:26.626+0000] {logging_mixin.py:188} INFO - [2026-10-09T11:39:26.626+0000] {dag.py:3036} INFO - Sync 1 DAGs
[2026-10-09T11:39:26.640+0000] {logging_mixin.py:188} INFO - [2026-10-09T11:39:26.640+0000] {dag.py:3823} INFO - Setting next_dagrun for fx_rates_dag to 2026-10-08 12:00:00+00:00, run_after=2026-10-09 12:00:00+00:00
[2026-10-09T11:39:26.677+0000] {processor.py:183} INFO - Processing /opt/airflow/dags/fx_rates_dag.py took 0.085 seconds
[2026-10-09T11:39:56.803+0000] {processor.py:161} INFO - Started process (PID=473) to work on /opt/airflow/dags/fx_rates_dag.py
[2026-10-09T11:39:56.804+0000] {processor.py:830} INFO - Processing file /opt/airflow/dags/fx_rates_dag.py for tasks to queue
[2026-10-09T11:39:56.805+0000] {logging_mixin.py:188} INFO - [2026-10-09T11:39:56.804+0000] {dagbag.py:538} INFO - Filling up the DagBag from /opt/airflow/dags/fx_rates_dag.py
[2026-10-09T11:39:56.820+0000] {processor.py:840} INFO - DAG(s) 'fx_rates_dag' retrieved from /opt/airflow/dags/fx_rates_dag.py
[2026-10-09T11:39:56.835+0000] {logging_mixin.py:188} INFO - [2026-10-09T11:39:56.835+0000] {dag.py:3036} INFO - Sync 1 DAGs
[2026-10-09T11:39:56.849+0000] {logging_mixin.py:188} INFO - [2026-10-09T11:39:56.849+0000] {dag.py:3823} INFO - Setting next_dagrun for fx_rates_dag to 2026-10-08 12:00:00+00:00, run_after=2026-10-09 12:00:00+00:00
[2026-10-09T11:39:56.887+0000] {processor.py:183} INFO - Processing /opt/airflow/dags/fx_rates_dag.py took 0.085 seconds
[2026-10-09T11:40:27.029+0000] {processor.py:161} INFO - Started process (PID=474) to work on /opt/airflow/dags/fx_rates_dag.py
[2026-10-09T11:40:27.030+0000] {processor.py:830} INFO - Processing file /opt/airflow/dags/fx_rates_dag.py for tasks to queue
[2026-10-09T11:40:27.031+0000] {logging_mixin.py:188} INFO - [2026-10-09T11:40:27.031+0000] {dagbag.py:538} INFO - Filling up the DagBag from /opt/airflow/dags/fx_rates_dag.py
[2026-10-09T11:40:27.046+0000] {processor.py:840} INFO - DAG(s) 'fx_rates_dag' retrieved from /opt/airflow/dags/fx_rates_dag.py
[2026-10-09T11:40:27.061+0000] {logging_mixin.py:188} INFO - [2026-10-09T11:40:27.061+0000] {dag.py:3036} INFO - Sync 1 DAGs
[2026-10-09T11:40:27.075+0000] {logging_mixin.py:188} INFO - [2026-10-09T11:40:27.075+0000] {dag.py:3823} INFO - Setting next_dagrun for fx_rates_dag to 2026-10-08 12:00:00+00:00, run_after=2026-10-09 12:00:00+00:00
[2026-10-09T11:40:27.113+0000] {processor.py:183} INFO - Processing /opt/airflow/dags/fx_rates_dag.py took 0.085 seconds
[2026-10-09T11:40:57.254+0000] {processor.py:161} INFO - Started process (PID=475) to work on /opt/airflow/dags/fx_rates_dag.py
[2026-10-09T11:40:57.255+0000] {processor.py:830} INFO - Processing file /opt/airflow/dags/fx_rates_dag.py for tasks to queue
[2026-10-09T11:40:57.256+0000] {logging_mixin.py:188} INFO - [2026-10-09T11:40:57.255+0000] {dagbag.py:538} INFO - Filling up the DagBag from /opt/airflow/dags/fx_rates_dag.py
[2026-10-09T11:40:57.271+0000] {processor.py:840} INFO - DAG(s) 'fx_rates_dag' retrieved from /opt/airflow/dags/fx_rates_dag.py
[2026-10-09T11:40:57.287+0000] {logging_mixin.py:188} INFO - [2026-10-09T11:40:57.287+0000] {dag.py:3036} INFO - Sync 1 DAGs
[2026-10-09T11:40:57.301+0000] {logging_mixin.py:188} INFO - [2026-10-09T11:40:57.301+0000] {dag.py:3823} INFO - Setting next_dagrun for fx_rates_dag to 2026-10-08 12:00:00+00:00, run_after=2026-10-09 12:00:00+00:00
[2026-10-09T11:40:57.339+0000] {processor.py:183} INFO - Processing /opt/airflow/dags/fx_rates_dag.py took 0.087 seconds
[2026-10-09T11:41:27.480+0000] {processor.py:161} INFO - Started process (PID=476) to work on /opt/airflow/dags/fx_rates_dag.py
[2026-10-09T11:41:27.481+0000] {processor.py:830} INFO - Processing file /opt/airflow/dags/fx_rates_dag.py for tasks to queue
[2026-10-09T11:41:27.482+0000] {logging_mixin.py:188} INFO - [2026-10-09T11:41:27.482+0000] {dagbag.py:538} INFO - Filling up the DagBag from /opt/airflow/dags/fx_rates_dag.py
[2026-10-09T11:41:27.502+0000] {processor.py:840} INFO - DAG(s) 'fx_rates_dag' retrieved from /opt/airflow/dags/fx_rates_dag.py
[2026-10-09T11:41:27.523+0000] {logging_mixin.py:188} INFO - [2026-10-09T11:41:27.522+0000] {dag.py:3036} INFO - Sync 1 DAGs
[2026-10-09T11:41:27.538+0000] {logging_mixin.py:188} INFO - [2026-10-09T11:41:27.538+0000] {dag.py:3823} INFO - Setting next_dagrun for fx_rates_dag to 2026-10-08 12:00:00+00:00, run_after=2026-10-09 12:00:00+00:00
[2026-10-09T11:41:27.579+0000] {processor.py:183} INFO - Processing /opt/airflow/dags/fx_rates_dag.py took 0.101 seconds
[2026-10-09T11:41:57.710+0000] {processor.py:161} INFO - Started process (PID=477) to work on /opt/airflow/dags/fx_rates_dag.py
[2026-10-09T11:41:57.711+0000] {processor.py:830} INFO - Processing file /opt/airflow/dags/fx_rates_dag.py for tasks to queue
[2026-10-09T11:41:57.712+0000] {logging_mixin.py:188} INFO - [2026-10-09T11:41:57.712+0000] {dagbag.py:538} INFO - Filling up the DagBag from /opt/airflow/dags/fx_rates_dag.py
[2026-10-09T11:41:57.729+0000] {processor.py:840} INFO - DAG(s) 'fx_rates_dag' retrieved from /opt/airflow/dags/fx_rates_dag.py
[2026-10-09T11:41:57.745+0000] {logging_mixin.py:188} INFO - [2026-10-09T11:41:57.745+0000] {dag.py:3036} INFO - Sync 1 DAGs
[2026-10-09T11:41:57.759+0000] {logging_mixin.py:188} INFO - [2026-10-09T11:41:57.759+0000] {dag.py:3823} INFO - Setting next_dagrun for fx_rates_dag to 2026-10-08 12:00:00+00:00, run_after=2026-10-09 12:00:00+00:00
[2026-10-09T11:41:57.797+0000] {processor.py:183} INFO - Processing /opt/airflow/dags/fx_rates_dag.py took 0.089 seconds
[2026-10-09T11:42:27.945+0000] {processor.py:161} INFO - Started process (PID=478) to work on /opt/airflow/dags/fx_rates_dag.py
[2026-10-09T11:42:27.946+0000] {processor.py:830} INFO - Processing file /opt/airflow/dags/fx_rates_dag.py for tasks to queue
[2026-10-09T11:42:27.947+0000] {logging_mixin.py:188} INFO - [2026-10-09T11:42:27.947+0000] {dagbag.py:538} INFO - Filling up the DagBag from /opt/airflow/dags/fx_rates_dag.py
[2026-10-09T11:42:27.963+0000] {processor.py:840} INFO - DAG(s) 'fx_rates_dag' retrieved from /opt/airflow/dags/fx_rates_dag.py
[2026-10-09T11:42:27.980+0000] {logging_mixin.py:188} INFO - [2026-10-09T11:42:27.979+0000] {dag.py:3036} INFO - Sync 1 DAGs
[2026-10-09T11:42:27.994+0000] {logging_mixin.py:188} INFO - [2026-10-09T11:42:27.994+0000] {dag.py:3823} INFO - Setting next_dagrun for fx_rates_dag to 2026-10-08 12:00:00+00:00, run_after=2026-10-09 12:00:00+00:00
[2026-10-09T11:42:28.032+0000] {processor.py:183} INFO - Processing /opt/airflow/dags/fx_rates_dag.py took 0.089 seconds
[2026-10-09T11:42:58.193+0000] {processor.py:161} INFO - Started process (PID=479) to work on /opt/airflow/dags/fx_rates_dag.py
[2026-10-09T11:42:58.194+0000] {processor.py:830} INFO - Processing file /opt/airflow/dags/fx_rates_dag.py for tasks to queue
[2026-10-09T11:42:58.195+0000] {logging_mixin.py:188} INFO - [2026-10-09T11:42:58.195+0000] {dagbag.py:538} INFO - Filling up the DagBag from /opt/airflow/dags/fx_rates_dag.py
[2026-10-09T11:42:58.218+0000] {processor.py:840} INFO - DAG(s) 'fx_rates_dag' retrieved from /opt/airflow/dags/fx_rates_dag.py
[2026-10-09T11:42:58.240+0000] {logging_mixin.py:188} INFO - [2026-10-09T11:42:58.240+0000] {dag.py:3036} INFO - Sync 1 DAGs
[2026-10-09T11:42:58.260+0000] {logging_mixin.py:188} INFO - [2026-10-09T11:42:58.260+0000] {dag.py:3823} INFO - Setting next_dagrun for fx_rates_dag to 2026-10-08 12:00:00+00:00, run_after=2026-10-09 12:00:00+00:00
[2026-10-09T11:42:58.301+0000] {processor.py:183} INFO - Processing /opt/airflow/dags/fx_rates_dag.py took 0.111 seconds
[2026-10-09T11:43:28.533+0000] {processor.py:161} INFO - Started process (PID=480) to work on /opt/airflow/dags/fx_rates_dag.py
[2026-10-09T11:43:28.534+0000] {processor.py:830} INFO - Processing file /opt/airflow/dags/fx_rates_dag.py for tasks to queue
[2026-10-09T11:43:28.535+0000] {logging_mixin.py:188} INFO - [2026-10-09T11:43:28.535+0000] {dagbag.py:538} INFO - Filling up the DagBag from /opt/airflow/dags/fx_rates_dag.py
[2026-10-09T11:43:28.554+0000] {processor.py:840} INFO - DAG(s) 'fx_rates_dag' retrieved from /opt/airflow/dags/fx_rates_dag.py
[2026-10-09T11:43:28.575+0000] {logging_mixin.py:188} INFO - [2026-10-09T11:43:28.575+0000] {dag.py:3036} INFO - Sync 1 DAGs
[2026-10-09T11:43:28.590+0000] {logging_mixin.py:188} INFO - [2026-10-09T11:43:28.590+0000] {dag.py:3823} INFO - Setting next_dagrun for fx_rates_dag to 2026-10-08 12:00:00+00:00, run_after=2026-10-09 12:00:00+00:00
[2026-10-09T11:43:28.631+0000] {processor.py:183} INFO - Processing /opt/airflow/dags/fx_rates_dag.py took 0.100 seconds
[2026-10-09T11:43:58.868+0000] {processor.py:161} INFO - Started process (PID=481) to work on /opt/airflow/dags/fx_rates_dag.py
[2026-10-09T11:43:58.869+0000] {processor.py:830} INFO - Processing file /opt/airflow/dags/fx_rates_dag.py for tasks to queue
[2026-10-09T11:43:58.870+0000] {logging_mixin.py:188} INFO - [2026-10-09T11:43:58.870+0000] {dagbag.py:538} INFO - Filling up the DagBag from /opt/airflow/dags/fx_rates_dag.py
[2026-10-09T11:43:58.890+0000] {processor.py:840} INFO - DAG(s) 'fx_rates_dag' retrieved from /opt/airflow/dags/fx_rates_dag.py
[2026-10-09T11:43:58.912+0000] {logging_mixin.py:188} INFO - [2026-10-09T11:43:58.912+0000] {dag.py:3036} INFO - Sync 1 DAGs
[2026-10-09T11:43:58.929+0000] {logging_mixin.py:188} INFO - [2026-10-09T11:43:58.929+0000] {dag.py:3823} INFO - Setting next_dagrun for fx_rates_dag to 2026-10-08 12:00:00+00:00, run_after=2026-10-09 12:00:00+00:00
[2026-10-09T11:43:58.969+0000] {processor.py:183} INFO - Processing /opt/airflow/dags/fx_rates_dag.py took 0.104 seconds
[2026-10-09T11:44:29.197+0000] {processor.py:161} INFO - Started process (PID=482) to work on /opt/airflow/dags/fx_rates_dag.py
[2026-10-09T11:44:29.199+0000] {processor.py:830} INFO - Processing file /opt/airflow/dags/fx_rates_dag.py for tasks to queue
[2026-10-09T11:44:29.200+0000] {logging_mixin.py:188} INFO - [2026-10-09T11:44:29.200+0000] {dagbag.py:538} INFO - Filling up the DagBag from /opt/airflow/dags/fx_rates_dag.py
[2026-10-09T11:44:29.218+0000] {processor.py:840} INFO - DAG(s) 'fx_rates_dag' retrieved from /opt/airflow/dags/fx_rates_dag.py
[2026-10-09T11:44:29.236+0000] {logging_mixin.py:188} INFO - [2026-10-09T11:44:29.235+0000] {dag.py:3036} INFO - Sync 1 DAGs
[2026-10-09T11:44:29.251+0000] {logging_mixin.py:188} INFO - [2026-10-09T11:44:29.251+0000] {dag.py:3823} INFO - Setting next_dagrun for fx_rates_dag to 2026-10-08 12:00:00+00:00, run_after=2026-10-09 12:00:00+00:00
[2026-10-09T11:44:29.290+0000] {processor.py:183} INFO - Processing /opt/airflow/dags/fx_rates_dag.py took 0.095 seconds
[2026-10-09T11:44:59.536+0000] {processor.py:161} INFO - Started process (PID=483) to work on /opt/airflow/dags/fx_rates_dag.py
[2026-10-09T11:44:59.537+0000] {processor.py:830} INFO - Processing file /opt/airflow/dags/fx_rates_dag.py for tasks to queue
[2026-10-09T11:44:59.539+0000] {logging_mixin.py:188} INFO - [2026-10-09T11:44:59.538+0000] {dagbag.py:538} INFO - Filling up the DagBag from /opt/airflow/dags/fx_rates_dag.py
[2026-10-09T11:44:59.559+0000] {processor.py:840} INFO - DAG(s) 'fx_rates_dag' retrieved from /opt/airflow/dags/fx_rates_dag.py
[2026-10-09T11:44:59.581+0000] {logging_mixin.py:188} INFO - [2026-10-09T11:44:59.581+0000] {dag.py:3036} INFO - Sync 1 DAGs
[2026-10-09T11:44:59.597+0000] {logging_mixin.py:188} INFO - [2026-10-09T11:44:59.597+0000] {dag.py:3823} INFO - Setting next_dagrun for fx_rates_dag to 2026-10-08 12:00:00+00:00, run_after=2026-10-09 12:00:00+00:00
[2026-10-09T11:44:59.639+0000] {processor.py:183} INFO - Processing /opt/airflow/dags/fx_rates_dag.py took 0.106 seconds
[2026-10-09T11:45:29.863+0000] {processor.py:161} INFO - Started process (PID=484) to work on /opt/airflow/dags/fx_rates_dag.py
[2026-10-09T11:45:29.864+0000] {processor.py:830} INFO - Processing file /opt/airflow/dags/fx_rates_dag.py for tasks to queue
[2026-10-09T11:45:29.866+0000] {logging_mixin.py:188} INFO - [2026-10-09T11:45:29.865+0000] {dagbag.py:538} INFO - Filling up the DagBag from /opt/airflow/dags/fx_rates_dag.py
[2026-10-09T11:45:29.884+0000] {processor.py:840} INFO - DAG(s) 'fx_rates_dag' retrieved from /opt/airflow/dags/fx_rates_dag.py
[2026-10-09T11:45:29.902+0000] {logging_mixin.py:188} INFO - [2026-10-09T11:45:29.902+0000] {dag.py:3036} INFO - Sync 1 DAGs
[2026-10-09T11:45:29.917+0000] {logging_mixin.py:188} INFO - [2026-10-09T11:45:29.917+0000] {dag.py:3823} INFO - Setting next_dagrun for fx_rates_dag to 2026-10-08 12:00:00+00:00, run_after=2026-10-09 12:00:00+00:00
[2026-10-09T11:45:29.956+0000] {processor.py:183} INFO - Processing /opt/airflow/dags/fx_rates_dag.py took 0.095 seconds
[2026-10-09T11:46:00.169+0000] {processor.py:161} INFO - Started process (PID=485) to work on /opt/airflow/dags/fx_rates_dag.py
[2026-10-09T11:46:00.170+0000] {processor.py:830} INFO - Processing file /opt/airflow/dags/fx_rates_dag.py for tasks to queue
[2026-10-09T11:46:00.171+0000] {logging_mixin.py:188} INFO - [2026-10-09T11:46:00.171+0000] {dagbag.py:538} INFO - Filling up the DagBag from /opt/airflow/dags/fx_rates_dag.py
[2026-10-09T11:46:00.188+0000] {processor.py:840} INFO - DAG(s) 'fx_rates_dag' retrieved from /opt/airflow/dags/fx_rates_dag.py
[2026-10-09T11:46:00.205+0000] {logging_mixin.py:188} INFO - [2026-10-09T11:46:00.205+0000] {dag.py:3036} INFO - Sync 1 DAGs
[2026-10-09T11:46:00.219+0000] {logging_mixin.py:188} INFO - [2026-10-09T11:46:00.219+0000] {dag.py:3823} INFO - Setting next_dagrun for fx_rates_dag to 2026-10-08 12:00:00+00:00, run_after=2026-10-09 12:00:00+00:00
[2026-10-09T11:46:00.259+0000] {processor.py:183} INFO - Processing /opt/airflow/dags/fx_rates_dag.py took 0.092 seconds
[2026-10-09T11:46:30.502+0000] {processor.py:161} INFO - Started process (PID=486) to work on /opt/airflow/dags/fx_rates_dag.py
[2026-10-09T11:46:30.503+0000] {processor.py:830} INFO - Processing file /opt/airflow/dags/fx_rates_dag.py for tasks to queue
[2026-10-09T11:46:30.504+0000] {logging_mixin.py:188} INFO - [2026-10-09T11:46:30.503+0000] {dagbag.py:538} INFO - Filling up the DagBag from /opt/airflow/dags/fx_rates_dag.py
[2026-10-09T11:46:30.521+0000] {processor.py:840} INFO - DAG(s) 'fx_rates_dag' retrieved from /opt/airflow/dags/fx_rates_dag.py
[2026-10-09T11:46:30.547+0000] {logging_mixin.py:188} INFO - [2026-10-09T11:46:30.546+0000] {dag.py:3036} INFO - Sync 1 DAGs
[2026-10-09T11:46:30.561+0000] {logging_mixin.py:188} INFO - [2026-10-09T11:46:30.561+0000] {dag.py:3823} INFO - Setting next_dagrun for fx_rates_dag to 2026-10-08 12:00:00+00:00, run_after=2026-10-09 12:00:00+00:00
[2026-10-09T11:46:30.598+0000] {processor.py:183} INFO - Processing /opt/airflow/dags/fx_rates_dag.py took 0.099 seconds
[2026-10-09T11:47:00.834+0000] {processor.py:161} INFO - Started process (PID=487) to work on /opt/airflow/dags/fx_rates_dag.py
[2026-10-09T11:47:00.835+0000] {processor.py:830} INFO - Processing file /opt/airflow/dags/fx_rates_dag.py for tasks to queue
[2026-10-09T11:47:00.837+0000] {logging_mixin.py:188} INFO - [2026-10-09T11:47:00.836+0000] {dagbag.py:538} INFO - Filling up the DagBag from /opt/airflow/dags/fx_rates_dag.py
[2026-10-09T11:47:00.856+0000] {processor.py:840} INFO - DAG(s) 'fx_rates_dag' retrieved from /opt/airflow/dags/fx_rates_dag.py
[2026-10-09T11:47:00.876+0000] {logging_mixin.py:188} INFO - [2026-10-09T11:47:00.876+0000] {dag.py:3036} INFO - Sync 1 DAGs
[2026-10-09T11:47:00.895+0000] {logging_mixin.py:188} INFO - [2026-10-09T11:47:00.895+0000] {dag.py:3823} INFO - Setting next_dagrun for fx_rates_dag to 2026-10-08 12:00:00+00:00, run_after=2026-10-09 12:00:00+00:00
[2026-10-09T11:47:00.938+0000] {processor.py:183} INFO - Processing /opt/airflow/dags/fx_rates_dag.py took 0.107 seconds
[2026-10-09T11:47:31.170+0000] {processor.py:161} INFO - Started process (PID=488) to work on /opt/airflow/dags/fx_rates_dag.py
[2026-10-09T11:47:31.171+0000] {processor.py:830} INFO - Processing file /opt/airflow/dags/fx_rates_dag.py for tasks to queue
[2026-10-09T11:47:31.172+0000] {logging_mixin.py:188} INFO - [2026-10-09T11:47:31.172+0000] {dagbag.py:538} INFO - Filling up the DagBag from /opt/airflow/dags/fx_rates_dag.py
[2026-10-09T11:47:31.190+0000] {processor.py:840} INFO - DAG(s) 'fx_rates_dag' retrieved from /opt/airflow/dags/fx_rates_dag.py
[2026-10-09T11:47:31.209+0000] {logging_mixin.py:188} INFO - [2026-10-09T11:47:31.209+0000] {dag.py:3036} INFO - Sync 1 DAGs
[2026-10-09T11:47:31.225+0000] {logging_mixin.py:188} INFO - [2026-10-09T11:47:31.225+0000] {dag.py:3823} INFO - Setting next_dagrun for fx_rates_dag to 2026-10-08 12:00:00+00:00, run_after=2026-10-09 12:00:00+00:00
[2026-10-09T11:47:31.265+0000] {processor.py:183} INFO - Processing /opt/airflow/dags/fx_rates_dag.py took 0.097 seconds
[2026-10-09T11:48:01.500+0000] {processor.py:161} INFO - Started process (PID=489) to work on /opt/airflow/dags/fx_rates_dag.py
[2026-10-09T11:48:01.501+0000] {processor.py:830} INFO - Processing file /opt/airflow/dags/fx_rates_dag.py for tasks to queue
[2026-10-09T11:48:01.502+0000] {logging_mixin.py:188} INFO - [2026-10-09T11:48:01.502+0000] {dagbag.py:538} INFO - Filling up the DagBag from /opt/airflow/dags/fx_rates_dag.py
[2026-10-09T11:48:01.520+0000] {processor.py:840} INFO - DAG(s) 'fx_rates_dag' retrieved from /opt/airflow/dags/fx_rates_dag.py
[2026-10-09T11:48:01.538+0000] {logging_mixin.py:188} INFO - [2026-10-09T11:48:01.537+0000] {dag.py:3036} INFO - Sync 1 DAGs
[2026-10-09T11:48:01.552+0000] {logging_mixin.py:188} INFO - [2026-10-09T11:48:01.552+0000] {dag.py:3823} INFO - Setting next_dagrun for fx_rates_dag to 2026-10-08 12:00:00+00:00, run_after=2026-10-09 12:00:00+00:00
[2026-10-09T11:48:01.593+0000] {processor.py:183} INFO - Processing /opt/airflow/dags/fx_rates_dag.py took 0.096 seconds
[2026-10-09T11:48:31.831+0000] {processor.py:161} INFO - Started process (PID=490) to work on /opt/airflow/dags/fx_rates_dag.py
[2026-10-09T11:48:31.832+0000] {processor.py:830} INFO - Processing file /opt/airflow/dags/fx_rates_dag.py for tasks to queue
[2026-10-09T11:48:31.834+0000] {logging_mixin.py:188} INFO - [2026-10-09T11:48:31.833+0000] {dagbag.py:538} INFO - Filling up the DagBag from /opt/airflow/dags/fx_rates_dag.py
[2026-10-09T11:48:31.853+0000] {processor.py:840} INFO - DAG(s) 'fx_rates_dag' retrieved from /opt/airflow/dags/fx_rates_dag.py
[2026-10-09T11:48:31.874+0000] {logging_mixin.py:188} INFO - [2026-10-09T11:48:31.874+0000] {dag.py:3036} INFO - Sync 1 DAGs
[2026-10-09T11:48:31.890+0000] {logging_mixin.py:188} INFO - [2026-10-09T11:48:31.890+0000] {dag.py:3823} INFO - Setting next_dagrun for fx_rates_dag to 2026-10-08 12:00:00+00:00, run_after=2026-10-09 12:00:00+00:00
[2026-10-09T11:48:31.930+0000] {processor.py:183} INFO - Processing /opt/airflow/dags/fx_rates_dag.py took 0.100 seconds
[2026-10-09T11:49:02.141+0000] {processor.py:161} INFO - Started process (PID=491) to work on /opt/airflow/dags/fx_rates_dag.py
[2026-10-09T11:49:02.142+0000] {processor.py:830} INFO - Processing file /opt/airflow/dags/fx_rates_dag.py for tasks to queue
[2026-10-09T11:49:02.143+0000] {logging_mixin.py:188} INFO - [2026-10-09T11:49:02.142+0000] {dagbag.py:538} INFO - Filling up the DagBag from /opt/airflow/dags/fx_rates_dag.py
[2026-10-09T11:49:02.161+0000] {processor.py:840} INFO - DAG(s) 'fx_rates_dag' retrieved from /opt/airflow/dags/fx_rates_dag.py
[2026-10-09T11:49:02.180+0000] {logging_mixin.py:188} INFO - [2026-10-09T11:49:02.180+0000] {dag.py:3036} INFO - Sync 1 DAGs
[2026-10-09T11:49:02.195+0000] {logging_mixin.py:188} INFO - [2026-10-09T11:49:02.195+0000] {dag.py:3823} INFO - Setting next_dagrun for fx_rates_dag to 2026-10-08 12:00:00+00:00, run_after=2026-10-09 12:00:00+00:00
[2026-10-09T11:49:02.235+0000] {processor.py:183} INFO - Processing /opt/airflow/dags/fx_rates_dag.py took 0.096 seconds
[2026-10-09T11:49:32.498+0000] {processor.py:161} INFO - Started process (PID=492) to work on /opt/airflow/dags/fx_rates_dag.py
[2026-10-09T11:49:32.499+0000] {processor.py:830} INFO - Processing file /opt/airflow/dags/fx_rates_dag.py for tasks to queue
[2026-10-09T11:49:32.501+0000] {logging_mixin.py:188} INFO - [2026-10-09T11:49:32.500+0000] {dagbag.py:538} INFO - Filling up the DagBag from /opt/airflow/dags/fx_rates_dag.py
[2026-10-09T11:49:32.518+0000] {processor.py:840} INFO - DAG(s) 'fx_rates_dag' retrieved from /opt/airflow/dags/fx_rates_dag.py
[2026-10-09T11:49:32.536+0000] {logging_mixin.py:188} INFO - [2026-10-09T11:49:32.536+0000] {dag.py:3036} INFO - Sync 1 DAGs
[2026-10-09T11:49:32.550+0000] {logging_mixin.py:188} INFO - [2026-10-09T11:49:32.550+0000] {dag.py:3823} INFO - Setting next_dagrun for fx_rates_dag to 2026-10-08 12:00:00+00:00, run_after=2026-10-09 12:00:00+00:00
[2026-10-09T11:49:32.589+0000] {processor.py:183} INFO - Processing /opt/airflow/dags/fx_rates_dag.py took 0.092 seconds
[2026-10-09T11:50:02.851+0000] {processor.py:161} INFO - Started process (PID=493) to work on /opt/airflow/dags/fx_rates_dag.py
[2026-10-09T11:50:02.852+0000] {processor.py:830} INFO - Processing file /opt/airflow/dags/fx_rates_dag.py for tasks to queue
[2026-10-09T11:50:02.853+0000] {logging_mixin.py:188} INFO - [2026-10-09T11:50:02.853+0000] {dagbag.py:538} INFO - Filling up the DagBag from /opt/airflow/dags/fx_rates_dag.py
[2026-10-09T11:50:02.871+0000] {processor.py:840} INFO - DAG(s) 'fx_rates_dag' retrieved from /opt/airflow/dags/fx_rates_dag.py
[2026-10-09T11:50:02.889+0000] {logging_mixin.py:188} INFO - [2026-10-09T11:50:02.889+0000] {dag.py:3036} INFO - Sync 1 DAGs
[2026-10-09T11:50:02.905+0000] {logging_mixin.py:188} INFO - [2026-10-09T11:50:02.905+0000] {dag.py:3823} INFO - Setting next_dagrun for fx_rates_dag to 2026-10-08 12:00:00+00:00, run_after=2026-10-09 12:00:00+00:00
[2026-10-09T11:50:02.945+0000] {processor.py:183} INFO - Processing /opt/airflow/dags/fx_rates_dag.py took 0.097 seconds
[2026-10-09T11:50:33.190+0000] {processor.py:161} INFO - Started process (PID=494) to work on /opt/airflow/dags/fx_rates_dag.py
[2026-10-09T11:50:33.191+0000] {processor.py:830} INFO - Processing file /opt/airflow/dags/fx_rates_dag.py for tasks to queue
[2026-10-09T11:50:33.191+0000] {logging_mixin.py:188} INFO - [2026-10-09T11:50:33.191+0000] {dagbag.py:538} INFO - Filling up the DagBag from /opt/airflow/dags/fx_rates_dag.py
[2026-10-09T11:50:33.212+0000] {processor.py:840} INFO - DAG(s) 'fx_rates_dag' retrieved from /opt/airflow/dags/fx_rates_dag.py
[2026-10-09T11:50:33.232+0000] {logging_mixin.py:188} INFO - [2026-10-09T11:50:33.231+0000] {dag.py:3036} INFO - Sync 1 DAGs
[2026-10-09T11:50:33.246+0000] {logging_mixin.py:188} INFO - [2026-10-09T11:50:33.246+0000] {dag.py:3823} INFO - Setting next_dagrun for fx_rates_dag to 2026-10-08 12:00:00+00:00, run_after=2026-10-09 12:00:00+00:00
[2026-10-09T11:50:33.284+0000] {processor.py:183} INFO - Processing /opt/airflow/dags/fx_rates_dag.py took 0.096 seconds
[2026-10-09T11:51:03.521+0000] {processor.py:161} INFO - Started process (PID=495) to work on /opt/airflow/dags/fx_rates_dag.py
[2026-10-09T11:51:03.522+0000] {processor.py:830} INFO - Processing file /opt/airflow/dags/fx_rates_dag.py for tasks to queue
[2026-10-09T11:51:03.523+0000] {logging_mixin.py:188} INFO - [2026-10-09T11:51:03.522+0000] {dagbag.py:538} INFO - Filling up the DagBag from /opt/airflow/dags/fx_rates_dag.py
[2026-10-09T11:51:03.540+0000] {processor.py:840} INFO - DAG(s) 'fx_rates_dag' retrieved from /opt/airflow/dags/fx_rates_dag.py
[2026-10-09T11:51:03.555+0000] {logging_mixin.py:188} INFO - [2026-10-09T11:51:03.555+0000] {dag.py:3036} INFO - Sync 1 DAGs
[2026-10-09T11:51:03.572+0000] {logging_mixin.py:188} INFO - [2026-10-09T11:51:03.572+0000] {dag.py:3823} INFO - Setting next_dagrun for fx_rates_dag to 2026-10-08 12:00:00+00:00, run_after=2026-10-09 12:00:00+00:00
[2026-10-09T11:51:03.610+0000] {processor.py:183} INFO - Processing /opt/airflow/dags/fx_rates_dag.py took 0.091 seconds
[2026-10-09T11:51:33.852+0000] {processor.py:161} INFO - Started process (PID=496) to work on /opt/airflow/dags/fx_rates_dag.py
[2026-10-09T11:51:33.852+0000] {processor.py:830} INFO - Processing file /opt/airflow/dags/fx_rates_dag.py for tasks to queue
[2026-10-09T11:51:33.853+0000] {logging_mixin.py:188} INFO - [2026-10-09T11:51:33.853+0000] {dagbag.py:538} INFO - Filling up the DagBag from /opt/airflow/dags/fx_rates_dag.py
[2026-10-09T11:51:33.871+0000] {processor.py:840} INFO - DAG(s) 'fx_rates_dag' retrieved from /opt/airflow/dags/fx_rates_dag.py
[2026-10-09T11:51:33.889+0000] {logging_mixin.py:188} INFO - [2026-10-09T11:51:33.888+0000] {dag.py:3036} INFO - Sync 1 DAGs
[2026-10-09T11:51:33.908+0000] {logging_mixin.py:188} INFO - [2026-10-09T11:51:33.907+0000] {dag.py:3823} INFO - Setting next_dagrun for fx_rates_dag to 2026-10-08 12:00:00+00:00, run_after=2026-10-09 12:00:00+00:00
[2026-10-09T11:51:33.948+0000] {processor.py:183} INFO - Processing /opt/airflow/dags/fx_rates_dag.py took 0.098 seconds
[2026-10-09T11:52:04.158+0000] {processor.py:161} INFO - Started process (PID=497) to work on /opt/airflow/dags/fx_rates_dag.py
[2026-10-09T11:52:04.159+0000] {processor.py:830} INFO - Processing file /opt/airflow/dags/fx_rates_dag.py for tasks to queue
[2026-10-09T11:52:04.160+0000] {logging_mixin.py:188} INFO - [2026-10-09T11:52:04.160+0000] {dagbag.py:538} INFO - Filling up the DagBag from /opt/airflow/dags/fx_rates_dag.py
[2026-10-09T11:52:04.179+0000] {processor.py:840} INFO - DAG(s) 'fx_rates_dag' retrieved from /opt/airflow/dags/fx_rates_dag.py
[2026-10-09T11:52:04.198+0000] {logging_mixin.py:188} INFO - [2026-10-09T11:52:04.198+0000] {dag.py:3036} INFO - Sync 1 DAGs
[2026-10-09T11:52:04.214+0000] {logging_mixin.py:188} INFO - [2026-10-09T11:52:04.214+0000] {dag.py:3823} INFO - Setting next_dagrun for fx_rates_dag to 2026-10-08 12:00:00+00:00, run_after=2026-10-09 12:00:00+00:00
[2026-10-09T11:52:04.253+0000] {processor.py:183} INFO - Processing /opt/airflow/dags/fx_rates_dag.py took 0.098 seconds
[2026-10-09T11:52:34.473+0000] {processor.py:161} INFO - Started process (PID=498) to work on /opt/airflow/dags/fx_rates_dag.py
[2026-10-09T11:52:34.474+0000] {processor.py:830} INFO - Processing file /opt/airflow/dags/fx_rates_dag.py for tasks to queue
[2026-10-09T11:52:34.475+0000] {logging_mixin.py:188} INFO - [2026-10-09T11:52:34.475+0000] {dagbag.py:538} INFO - Filling up the DagBag from /opt/airflow/dags/fx_rates_dag.py
[2026-10-09T11:52:34.492+0000] {processor.py:840} INFO - DAG(s) 'fx_rates_dag' retrieved from /opt/airflow/dags/fx_rates_dag.py
[2026-10-09T11:52:34.510+0000] {logging_mixin.py:188} INFO - [2026-10-09T11:52:34.510+0000] {dag.py:3036} INFO - Sync 1 DAGs
[2026-10-09T11:52:34.525+0000] {logging_mixin.py:188} INFO - [2026-10-09T11:52:34.525+0000] {dag.py:3823} INFO - Setting next_dagrun for fx_rates_dag to 2026-10-08 12:00:00+00:00, run_after=2026-10-09 12:00:00+00:00
[2026-10-09T11:52:34.565+0000] {processor.py:183} INFO - Processing /opt/airflow/dags/fx_rates_dag.py took 0.093 seconds
[2026-10-09T11:53:04.807+0000] {processor.py:161} INFO - Started process (PID=499) to work on /opt/airflow/dags/fx_rates_dag.py
[2026-10-09T11:53:04.808+0000] {processor.py:830} INFO - Processing file /opt/airflow/dags/fx_rates_dag.py for tasks to queue
[2026-10-09T11:53:04.809+0000] {logging_mixin.py:188} INFO - [2026-10-09T11:53:04.809+0000] {dagbag.py:538} INFO - Filling up the DagBag from /opt/airflow/dags/fx_rates_dag.py
[2026-10-09T11:53:04.824+0000] {processor.py:840} INFO - DAG(s) 'fx_rates_dag' retrieved from /opt/airflow/dags/fx_rates_dag.py
[2026-10-09T11:53:04.842+0000] {logging_mixin.py:188} INFO - [2026-10-09T11:53:04.842+0000] {dag.py:3036} INFO - Sync 1 DAGs
[2026-10-09T11:53:04.855+0000] {logging_mixin.py:188} INFO - [2026-10-09T11:53:04.855+0000] {dag.py:3823} INFO - Setting next_dagrun for fx_rates_dag to 2026-10-08 12:00:00+00:00, run_after=2026-10-09 12:00:00+00:00
[2026-10-09T11:53:04.893+0000] {processor.py:183} INFO - Processing /opt/airflow/dags/fx_rates_dag.py took 0.088 seconds
[2026-10-09T11:53:35.042+0000] {processor.py:161} INFO - Started process (PID=500) to work on /opt/airflow/dags/fx_rates_dag.py
[2026-10-09T11:53:35.043+0000] {processor.py:830} INFO - Processing file /opt/airflow/dags/fx_rates_dag.py for tasks to queue
[2026-10-09T11:53:35.044+0000] {logging_mixin.py:188} INFO - [2026-10-09T11:53:35.044+0000] {dagbag.py:538} INFO - Filling up the DagBag from /opt/airflow/dags/fx_rates_dag.py
[2026-10-09T11:53:35.060+0000] {processor.py:840} INFO - DAG(s) 'fx_rates_dag' retrieved from /opt/airflow/dags/fx_rates_dag.py
[2026-10-09T11:53:35.076+0000] {logging_mixin.py:188} INFO - [2026-10-09T11:53:35.076+0000] {dag.py:3036} INFO - Sync 1 DAGs
[2026-10-09T11:53:35.090+0000] {logging_mixin.py:188} INFO - [2026-10-09T11:53:35.090+0000] {dag.py:3823} INFO - Setting next_dagrun for fx_rates_dag to 2026-10-08 12:00:00+00:00, run_after=2026-10-09 12:00:00+00:00
[2026-10-09T11:53:35.128+0000] {processor.py:183} INFO - Processing /opt/airflow/dags/fx_rates_dag.py took 0.087 seconds
[2026-10-09T11:54:05.279+0000] {processor.py:161} INFO - Started process (PID=501) to work on /opt/airflow/dags/fx_rates_dag.py
[2026-10-09T11:54:05.280+0000] {processor.py:830} INFO - Processing file /opt/airflow/dags/fx_rates_dag.py for tasks to queue
[2026-10-09T11:54:05.281+0000] {logging_mixin.py:188} INFO - [2026-10-09T11:54:05.280+0000] {dagbag.py:538} INFO - Filling up the DagBag from /opt/airflow/dags/fx_rates_dag.py
[2026-10-09T11:54:05.301+0000] {processor.py:840} INFO - DAG(s) 'fx_rates_dag' retrieved from /opt/airflow/dags/fx_rates_dag.py
[2026-10-09T11:54:05.320+0000] {logging_mixin.py:188} INFO - [2026-10-09T11:54:05.320+0000] {dag.py:3036} INFO - Sync 1 DAGs
[2026-10-09T11:54:05.337+0000] {logging_mixin.py:188} INFO - [2026-10-09T11:54:05.337+0000] {dag.py:3823} INFO - Setting next_dagrun for fx_rates_dag to 2026-10-08 12:00:00+00:00, run_after=2026-10-09 12:00:00+00:00
[2026-10-09T11:54:05.376+0000] {processor.py:183} INFO - Processing /opt/airflow/dags/fx_rates_dag.py took 0.100 seconds
[2026-10-09T11:54:35.568+0000] {processor.py:161} INFO - Started process (PID=502) to work on /opt/airflow/dags/fx_rates_dag.py
[2026-10-09T11:54:35.569+0000] {processor.py:830} INFO - Processing file /opt/airflow/dags/fx_rates_dag.py for tasks to queue
[2026-10-09T11:54:35.570+0000] {logging_mixin.py:188} INFO - [2026-10-09T11:54:35.570+0000] {dagbag.py:538} INFO - Filling up the DagBag from /opt/airflow/dags/fx_rates_dag.py
[2026-10-09T11:54:35.589+0000] {processor.py:840} INFO - DAG(s) 'fx_rates_dag' retrieved from /opt/airflow/dags/fx_rates_dag.py
[2026-10-09T11:54:35.606+0000] {logging_mixin.py:188} INFO - [2026-10-09T11:54:35.606+0000] {dag.py:3036} INFO - Sync 1 DAGs
[2026-10-09T11:54:35.622+0000] {logging_mixin.py:188} INFO - [2026-10-09T11:54:35.622+0000] {dag.py:3823} INFO - Setting next_dagrun for fx_rates_dag to 2026-10-08 12:00:00+00:00, run_after=2026-10-09 12:00:00+00:00
[2026-10-09T11:54:35.661+0000] {processor.py:183} INFO - Processing /opt/airflow/dags/fx_rates_dag.py took 0.096 seconds
[2026-10-09T11:55:05.908+0000] {processor.py:161} INFO - Started process (PID=503) to work on /opt/airflow/dags/fx_rates_dag.py
[2026-10-09T11:55:05.909+0000] {processor.py:830} INFO - Processing file /opt/airflow/dags/fx_rates_dag.py for tasks to queue
[2026-10-09T11:55:05.910+0000] {logging_mixin.py:188} INFO - [2026-10-09T11:55:05.909+0000] {dagbag.py:538} INFO - Filling up the DagBag from /opt/airflow/dags/fx_rates_dag.py
[2026-10-09T11:55:05.928+0000] {processor.py:840} INFO - DAG(s) 'fx_rates_dag' retrieved from /opt/airflow/dags/fx_rates_dag.py
[2026-10-09T11:55:05.945+0000] {logging_mixin.py:188} INFO - [2026-10-09T11:55:05.945+0000] {dag.py:3036} INFO - Sync 1 DAGs
[2026-10-09T11:55:05.960+0000] {logging_mixin.py:188} INFO - [2026-10-09T11:55:05.960+0000] {dag.py:3823} INFO - Setting next_dagrun for fx_rates_dag to 2026-10-08 12:00:00+00:00, run_after=2026-10-09 12:00:00+00:00
[2026-10-09T11:55:06.000+0000] {processor.py:183} INFO - Processing /opt/airflow/dags/fx_rates_dag.py took 0.094 seconds
[2026-10-09T11:55:36.241+0000] {processor.py:161} INFO - Started process (PID=504) to work on /opt/airflow/dags/fx_rates_dag.py
[2026-10-09T11:55:36.242+0000] {processor.py:830} INFO - Processing file /opt/airflow/dags/fx_rates_dag.py for tasks to queue
[2026-10-09T11:55:36.243+0000] {logging_mixin.py:188} INFO - [2026-10-09T11:55:36.243+0000] {dagbag.py:538} INFO - Filling up the DagBag from /opt/airflow/dags/fx_rates_dag.py
[2026-10-09T11:55:36.260+0000] {processor.py:840} INFO - DAG(s) 'fx_rates_dag' retrieved from /opt/airflow/dags/fx_rates_dag.py
[2026-10-09T11:55:36.278+0000] {logging_mixin.py:188} INFO - [2026-10-09T11:55:36.277+0000] {dag.py:3036} INFO - Sync 1 DAGs
[2026-10-09T11:55:36.292+0000] {logging_mixin.py:188} INFO - [2026-10-09T11:55:36.292+0000] {dag.py:3823} INFO - Setting next_dagrun for fx_rates_dag to 2026-10-08 12:00:00+00:00, run_after=2026-10-09 12:00:00+00:00
[2026-10-09T11:55:36.332+0000] {processor.py:183} INFO - Processing /opt/airflow/dags/fx_rates_dag.py took 0.092 seconds
[2026-10-09T11:56:06.579+0000] {processor.py:161} INFO - Started process (PID=505) to work on /opt/airflow/dags/fx_rates_dag.py
[2026-10-09T11:56:06.580+0000] {processor.py:830} INFO - Processing file /opt/airflow/dags/fx_rates_dag.py for tasks to queue
[2026-10-09T11:56:06.580+0000] {logging_mixin.py:188} INFO - [2026-10-09T11:56:06.580+0000] {dagbag.py:538} INFO - Filling up the DagBag from /opt/airflow/dags/fx_rates_dag.py
[2026-10-09T11:56:06.598+0000] {processor.py:840} INFO - DAG(s) 'fx_rates_dag' retrieved from /opt/airflow/dags/fx_rates_dag.py
[2026-10-09T11:56:06.616+0000] {logging_mixin.py:188} INFO - [2026-10-09T11:56:06.616+0000] {dag.py:3036} INFO - Sync 1 DAGs
[2026-10-09T11:56:06.633+0000] {logging_mixin.py:188} INFO - [2026-10-09T11:56:06.633+0000] {dag.py:3823} INFO - Setting next_dagrun for fx_rates_dag to 2026-10-08 12:00:00+00:00, run_after=2026-10-09 12:00:00+00:00
[2026-10-09T11:56:06.673+0000] {processor.py:183} INFO - Processing /opt/airflow/dags/fx_rates_dag.py took 0.097 seconds
[2026-10-09T11:56:36.914+0000] {processor.py:161} INFO - Started process (PID=506) to work on /opt/airflow/dags/fx_rates_dag.py
[2026-10-09T11:56:36.915+0000] {processor.py:830} INFO - Processing file /opt/airflow/dags/fx_rates_dag.py for tasks to queue
[2026-10-09T11:56:36.916+0000] {logging_mixin.py:188} INFO - [2026-10-09T11:56:36.916+0000] {dagbag.py:538} INFO - Filling up the DagBag from /opt/airflow/dags/fx_rates_dag.py
[2026-10-09T11:56:36.935+0000] {processor.py:840} INFO - DAG(s) 'fx_rates_dag' retrieved from /opt/airflow/dags/fx_rates_dag.py
[2026-10-09T11:56:36.952+0000] {logging_mixin.py:188} INFO - [2026-10-09T11:56:36.952+0000] {dag.py:3036} INFO - Sync 1 DAGs
[2026-10-09T11:56:36.968+0000] {logging_mixin.py:188} INFO - [2026-10-09T11:56:36.968+0000] {dag.py:3823} INFO - Setting next_dagrun for fx_rates_dag to 2026-10-08 12:00:00+00:00, run_after=2026-10-09 12:00:00+00:00
[2026-10-09T11:56:37.008+0000] {processor.py:183} INFO - Processing /opt/airflow/dags/fx_rates_dag.py took 0.096 seconds
[2026-10-09T11:57:07.253+0000] {processor.py:161} INFO - Started process (PID=507) to work on /opt/airflow/dags/fx_rates_dag.py
[2026-10-09T11:57:07.254+0000] {processor.py:830} INFO - Processing file /opt/airflow/dags/fx_rates_dag.py for tasks to queue
[2026-10-09T11:57:07.255+0000] {logging_mixin.py:188} INFO - [2026-10-09T11:57:07.255+0000] {dagbag.py:538} INFO - Filling up the DagBag from /opt/airflow/dags/fx_rates_dag.py
[2026-10-09T11:57:07.273+0000] {processor.py:840} INFO - DAG(s) 'fx_rates_dag' retrieved from /opt/airflow/dags/fx_rates_dag.py
[2026-10-09T11:57:07.293+0000] {logging_mixin.py:188} INFO - [2026-10-09T11:57:07.293+0000] {dag.py:3036} INFO - Sync 1 DAGs
[2026-10-09T11:57:07.309+0000] {logging_mixin.py:188} INFO - [2026-10-09T11:57:07.309+0000] {dag.py:3823} INFO - Setting next_dagrun for fx_rates_dag to 2026-10-08 12:00:00+00:00, run_after=2026-10-09 12:00:00+00:00
[2026-10-09T11:57:07.350+0000] {processor.py:183} INFO - Processing /opt/airflow/dags/fx_rates_dag.py took 0.101 seconds
[2026-10-09T11:57:37.587+0000] {processor.py:161} INFO - Started process (PID=508) to work on /opt/airflow/dags/fx_rates_dag.py
[2026-10-09T11:57:37.588+0000] {processor.py:830} INFO - Processing file /opt/airflow/dags/fx_rates_dag.py for tasks to queue
[2026-10-09T11:57:37.588+0000] {logging_mixin.py:188} INFO - [2026-10-09T11:57:37.588+0000] {dagbag.py:538} INFO - Filling up the DagBag from /opt/airflow/dags/fx_rates_dag.py
[2026-10-09T11:57:37.607+0000] {processor.py:840} INFO - DAG(s) 'fx_rates_dag' retrieved from /opt/airflow/dags/fx_rates_dag.py
[2026-10-09T11:57:37.624+0000] {logging_mixin.py:188} INFO - [2026-10-09T11:57:37.624+0000] {dag.py:3036} INFO - Sync 1 DAGs
[2026-10-09T11:57:37.643+0000] {logging_mixin.py:188} INFO - [2026-10-09T11:57:37.643+0000] {dag.py:3823} INFO - Setting next_dagrun for fx_rates_dag to 2026-10-08 12:00:00+00:00, run_after=2026-10-09 12:00:00+00:00
[2026-10-09T11:57:37.684+0000] {processor.py:183} INFO - Processing /opt/airflow/dags/fx_rates_dag.py took 0.099 seconds
[2026-10-09T11:58:07.922+0000] {processor.py:161} INFO - Started process (PID=509) to work on /opt/airflow/dags/fx_rates_dag.py
[2026-10-09T11:58:07.923+0000] {processor.py:830} INFO - Processing file /opt/airflow/dags/fx_rates_dag.py for tasks to queue
[2026-10-09T11:58:07.924+0000] {logging_mixin.py:188} INFO - [2026-10-09T11:58:07.924+0000] {dagbag.py:538} INFO - Filling up the DagBag from /opt/airflow/dags/fx_rates_dag.py
[2026-10-09T11:58:07.941+0000] {processor.py:840} INFO - DAG(s) 'fx_rates_dag' retrieved from /opt/airflow/dags/fx_rates_dag.py
[2026-10-09T11:58:07.959+0000] {logging_mixin.py:188} INFO - [2026-10-09T11:58:07.959+0000] {dag.py:3036} INFO - Sync 1 DAGs
[2026-10-09T11:58:07.974+0000] {logging_mixin.py:188} INFO - [2026-10-09T11:58:07.974+0000] {dag.py:3823} INFO - Setting next_dagrun for fx_rates_dag to 2026-10-08 12:00:00+00:00, run_after=2026-10-09 12:00:00+00:00
[2026-10-09T11:58:08.012+0000] {processor.py:183} INFO - Processing /opt/airflow/dags/fx_rates_dag.py took 0.092 seconds
[2026-10-09T11:58:38.233+0000] {processor.py:161} INFO - Started process (PID=510) to work on /opt/airflow/dags/fx_rates_dag.py
[2026-10-09T11:58:38.235+0000] {processor.py:830} INFO - Processing file /opt/airflow/dags/fx_rates_dag.py for tasks to queue
[2026-10-09T11:58:38.236+0000] {logging_mixin.py:188} INFO - [2026-10-09T11:58:38.236+0000] {dagbag.py:538} INFO - Filling up the DagBag from /opt/airflow/dags/fx_rates_dag.py
[2026-10-09T11:58:38.259+0000] {processor.py:840} INFO - DAG(s) 'fx_rates_dag' retrieved from /opt/airflow/dags/fx_rates_dag.py
[2026-10-09T11:58:38.280+0000] {logging_mixin.py:188} INFO - [2026-10-09T11:58:38.280+0000] {dag.py:3036} INFO - Sync 1 DAGs
[2026-10-09T11:58:38.299+0000] {logging_mixin.py:188} INFO - [2026-10-09T11:58:38.299+0000] {dag.py:3823} INFO - Setting next_dagrun for fx_rates_dag to 2026-10-08 12:00:00+00:00, run_after=2026-10-09 12:00:00+00:00
[2026-10-09T11:58:38.340+0000] {processor.py:183} INFO - Processing /opt/airflow/dags/fx_rates_dag.py took 0.109 seconds
[2026-10-09T11:59:08.569+0000] {processor.py:161} INFO - Started process (PID=511) to work on /opt/airflow/dags/fx_rates_dag.py
[2026-10-09T11:59:08.569+0000] {processor.py:830} INFO - Processing file /opt/airflow/dags/fx_rates_dag.py for tasks to queue
[2026-10-09T11:59:08.570+0000] {logging_mixin.py:188} INFO - [2026-10-09T11:59:08.570+0000] {dagbag.py:538} INFO - Filling up the DagBag from /opt/airflow/dags/fx_rates_dag.py
[2026-10-09T11:59:08.587+0000] {processor.py:840} INFO - DAG(s) 'fx_rates_dag' retrieved from /opt/airflow/dags/fx_rates_dag.py
[2026-10-09T11:59:08.603+0000] {logging_mixin.py:188} INFO - [2026-10-09T11:59:08.603+0000] {dag.py:3036} INFO - Sync 1 DAGs
[2026-10-09T11:59:08.619+0000] {logging_mixin.py:188} INFO - [2026-10-09T11:59:08.618+0000] {dag.py:3823} INFO - Setting next_dagrun for fx_rates_dag to 2026-10-08 12:00:00+00:00, run_after=2026-10-09 12:00:00+00:00
[2026-10-09T11:59:08.657+0000] {processor.py:183} INFO - Processing /opt/airflow/dags/fx_rates_dag.py took 0.091 seconds
[2026-10-09T11:59:38.810+0000] {processor.py:161} INFO - Started process (PID=512) to work on /opt/airflow/dags/fx_rates_dag.py
[2026-10-09T11:59:38.811+0000] {processor.py:830} INFO - Processing file /opt/airflow/dags/fx_rates_dag.py for tasks to queue
[2026-10-09T11:59:38.812+0000] {logging_mixin.py:188} INFO - [2026-10-09T11:59:38.812+0000] {dagbag.py:538} INFO - Filling up the DagBag from /opt/airflow/dags/fx_rates_dag.py
[2026-10-09T11:59:38.828+0000] {processor.py:840} INFO - DAG(s) 'fx_rates_dag' retrieved from /opt/airflow/dags/fx_rates_dag.py
[2026-10-09T11:59:38.847+0000] {logging_mixin.py:188} INFO - [2026-10-09T11:59:38.847+0000] {dag.py:3036} INFO - Sync 1 DAGs
[2026-10-09T11:59:38.861+0000] {logging_mixin.py:188} INFO - [2026-10-09T11:59:38.861+0000] {dag.py:3823} INFO - Setting next_dagrun for fx_rates_dag to 2026-10-08 12:00:00+00:00, run_after=2026-10-09 12:00:00+00:00
[2026-10-09T11:59:38.903+0000] {processor.py:183} INFO - Processing /opt/airflow/dags/fx_rates_dag.py took 0.094 seconds
[2026-10-09T12:00:09.148+0000] {processor.py:161} INFO - Started process (PID=531) to work on /opt/airflow/dags/fx_rates_dag.py
[2026-10-09T12:00:09.149+0000] {processor.py:830} INFO - Processing file /opt/airflow/dags/fx_rates_dag.py for tasks to queue
[2026-10-09T12:00:09.150+0000] {logging_mixin.py:188} INFO - [2026-10-09T12:00:09.150+0000] {dagbag.py:538} INFO - Filling up the DagBag from /opt/airflow/dags/fx_rates_dag.py
[2026-10-09T12:00:09.167+0000] {processor.py:840} INFO - DAG(s) 'fx_rates_dag' retrieved from /opt/airflow/dags/fx_rates_dag.py
[2026-10-09T12:00:09.183+0000] {logging_mixin.py:188} INFO - [2026-10-09T12:00:09.183+0000] {dag.py:3036} INFO - Sync 1 DAGs
[2026-10-09T12:00:09.199+0000] {logging_mixin.py:188} INFO - [2026-10-09T12:00:09.199+0000] {dag.py:3823} INFO - Setting next_dagrun for fx_rates_dag to 2026-10-09 12:00:00+00:00, run_after=2026-10-10 12:00:00+00:00
[2026-10-09T12:00:09.238+0000] {processor.py:183} INFO - Processing /opt/airflow/dags/fx_rates_dag.py took 0.092 seconds
[2026-10-09T12:00:39.487+0000] {processor.py:161} INFO - Started process (PID=532) to work on /opt/airflow/dags/fx_rates_dag.py
[2026-10-09T12:00:39.488+0000] {processor.py:830} INFO - Processing file /opt/airflow/dags/fx_rates_dag.py for tasks to queue
[2026-10-09T12:00:39.489+0000] {logging_mixin.py:188} INFO - [2026-10-09T12:00:39.488+0000] {dagbag.py:538} INFO - Filling up the DagBag from /opt/airflow/dags/fx_rates_dag.py
[2026-10-09T12:00:39.505+0000] {processor.py:840} INFO - DAG(s) 'fx_rates_dag' retrieved from /opt/airflow/dags/fx_rates_dag.py
[2026-10-09T12:00:39.523+0000] {logging_mixin.py:188} INFO - [2026-10-09T12:00:39.523+0000] {dag.py:3036} INFO - Sync 1 DAGs
[2026-10-09T12:00:39.538+0000] {logging_mixin.py:188} INFO - [2026-10-09T12:00:39.538+0000] {dag.py:3823} INFO - Setting next_dagrun for fx_rates_dag to 2026-10-09 12:00:00+00:00, run_after=2026-10-10 12:00:00+00:00
[2026-10-09T12:00:39.578+0000] {processor.py:183} INFO - Processing /opt/airflow/dags/fx_rates_dag.py took 0.093 seconds
[2026-10-09T12:01:09.745+0000] {processor.py:161} INFO - Started process (PID=533) to work on /opt/airflow/dags/fx_rates_dag.py
[2026-10-09T12:01:09.747+0000] {processor.py:830} INFO - Processing file /opt/airflow/dags/fx_rates_dag.py for tasks to queue
[2026-10-09T12:01:09.748+0000] {logging_mixin.py:188} INFO - [2026-10-09T12:01:09.748+0000] {dagbag.py:538} INFO - Filling up the DagBag from /opt/airflow/dags/fx_rates_dag.py
[2026-10-09T12:01:09.770+0000] {processor.py:840} INFO - DAG(s) 'fx_rates_dag' retrieved from /opt/airflow/dags/fx_rates_dag.py
[2026-10-09T12:01:09.792+0000] {logging_mixin.py:188} INFO - [2026-10-09T12:01:09.792+0000] {dag.py:3036} INFO - Sync 1 DAGs
[2026-10-09T12:01:09.808+0000] {logging_mixin.py:188} INFO - [2026-10-09T12:01:09.808+0000] {dag.py:3823} INFO - Setting next_dagrun for fx_rates_dag to 2026-10-09 12:00:00+00:00, run_after=2026-10-10 12:00:00+00:00
[2026-10-09T12:01:09.846+0000] {processor.py:183} INFO - Processing /opt/airflow/dags/fx_rates_dag.py took 0.103 seconds
[2026-10-09T12:01:40.054+0000] {processor.py:161} INFO - Started process (PID=534) to work on /opt/airflow/dags/fx_rates_dag.py
[2026-10-09T12:01:40.055+0000] {processor.py:830} INFO - Processing file /opt/airflow/dags/fx_rates_dag.py for tasks to queue
[2026-10-09T12:01:40.056+0000] {logging_mixin.py:188} INFO - [2026-10-09T12:01:40.056+0000] {dagbag.py:538} INFO - Filling up the DagBag from /opt/airflow/dags/fx_rates_dag.py
[2026-10-09T12:01:40.074+0000] {processor.py:840} INFO - DAG(s) 'fx_rates_dag' retrieved from /opt/airflow/dags/fx_rates_dag.py
[2026-10-09T12:01:40.089+0000] {logging_mixin.py:188} INFO - [2026-10-09T12:01:40.089+0000] {dag.py:3036} INFO - Sync 1 DAGs
[2026-10-09T12:01:40.105+0000] {logging_mixin.py:188} INFO - [2026-10-09T12:01:40.105+0000] {dag.py:3823} INFO - Setting next_dagrun for fx_rates_dag to 2026-10-09 12:00:00+00:00, run_after=2026-10-10 12:00:00+00:00
[2026-10-09T12:01:40.148+0000] {processor.py:183} INFO - Processing /opt/airflow/dags/fx_rates_dag.py took 0.096 seconds
[2026-10-09T12:02:10.388+0000] {processor.py:161} INFO - Started process (PID=535) to work on /opt/airflow/dags/fx_rates_dag.py
[2026-10-09T12:02:10.389+0000] {processor.py:830} INFO - Processing file /opt/airflow/dags/fx_rates_dag.py for tasks to queue
[2026-10-09T12:02:10.390+0000] {logging_mixin.py:188} INFO - [2026-10-09T12:02:10.390+0000] {dagbag.py:538} INFO - Filling up the DagBag from /opt/airflow/dags/fx_rates_dag.py
[2026-10-09T12:02:10.408+0000] {processor.py:840} INFO - DAG(s) 'fx_rates_dag' retrieved from /opt/airflow/dags/fx_rates_dag.py
[2026-10-09T12:02:10.426+0000] {logging_mixin.py:188} INFO - [2026-10-09T12:02:10.426+0000] {dag.py:3036} INFO - Sync 1 DAGs
[2026-10-09T12:02:10.442+0000] {logging_mixin.py:188} INFO - [2026-10-09T12:02:10.442+0000] {dag.py:3823} INFO - Setting next_dagrun for fx_rates_dag to 2026-10-09 12:00:00+00:00, run_after=2026-10-10 12:00:00+00:00
[2026-10-09T12:02:10.483+0000] {processor.py:183} INFO - Processing /opt/airflow/dags/fx_rates_dag.py took 0.097 seconds
[2026-10-09T12:02:40.726+0000] {processor.py:161} INFO - Started process (PID=536) to work on /opt/airflow/dags/fx_rates_dag.py
[2026-10-09T12:02:40.727+0000] {processor.py:830} INFO - Processing file /opt/airflow/dags/fx_rates_dag.py for tasks to queue
[2026-10-09T12:02:40.727+0000] {logging_mixin.py:188} INFO - [2026-10-09T12:02:40.727+0000] {dagbag.py:538} INFO - Filling up the DagBag from /opt/airflow/dags/fx_rates_dag.py
[2026-10-09T12:02:40.743+0000] {processor.py:840} INFO - DAG(s) 'fx_rates_dag' retrieved from /opt/airflow/dags/fx_rates_dag.py
[2026-10-09T12:02:40.761+0000] {logging_mixin.py:188} INFO - [2026-10-09T12:02:40.761+0000] {dag.py:3036} INFO - Sync 1 DAGs
[2026-10-09T12:02:40.775+0000] {logging_mixin.py:188} INFO - [2026-10-09T12:02:40.775+0000] {dag.py:3823} INFO - Setting next_dagrun for fx_rates_dag to 2026-10-09 12:00:00+00:00, run_after=2026-10-10 12:00:00+00:00
[2026-10-09T12:02:40.814+0000] {processor.py:183} INFO - Processing /opt/airflow/dags/fx_rates_dag.py took 0.090 seconds
[2026-10-09T12:03:11.063+0000] {processor.py:161} INFO - Started process (PID=537) to work on /opt/airflow/dags/fx_rates_dag.py
[2026-10-09T12:03:11.064+0000] {processor.py:830} INFO - Processing file /opt/airflow/dags/fx_rates_dag.py for tasks to queue
[2026-10-09T12:03:11.065+0000] {logging_mixin.py:188} INFO - [2026-10-09T12:03:11.064+0000] {dagbag.py:538} INFO - Filling up the DagBag from /opt/airflow/dags/fx_rates_dag.py
[2026-10-09T12:03:11.082+0000] {processor.py:840} INFO - DAG(s) 'fx_rates_dag' retrieved from /opt/airflow/dags/fx_rates_dag.py
[2026-10-09T12:03:11.097+0000] {logging_mixin.py:188} INFO - [2026-10-09T12:03:11.097+0000] {dag.py:3036} INFO - Sync 1 DAGs
[2026-10-09T12:03:11.112+0000] {logging_mixin.py:188} INFO - [2026-10-09T12:03:11.112+0000] {dag.py:3823} INFO - Setting next_dagrun for fx_rates_dag to 2026-10-09 12:00:00+00:00, run_after=2026-10-10 12:00:00+00:00
[2026-10-09T12:03:11.152+0000] {processor.py:183} INFO - Processing /opt/airflow/dags/fx_rates_dag.py took 0.091 seconds
[2026-10-09T12:03:41.301+0000] {processor.py:161} INFO - Started process (PID=538) to work on /opt/airflow/dags/fx_rates_dag.py
[2026-10-09T12:03:41.302+0000] {processor.py:830} INFO - Processing file /opt/airflow/dags/fx_rates_dag.py for tasks to queue
[2026-10-09T12:03:41.303+0000] {logging_mixin.py:188} INFO - [2026-10-09T12:03:41.303+0000] {dagbag.py:538} INFO - Filling up the DagBag from /opt/airflow/dags/fx_rates_dag.py
[2026-10-09T12:03:41.320+0000] {processor.py:840} INFO - DAG(s) 'fx_rates_dag' retrieved from /opt/airflow/dags/fx_rates_dag.py
[2026-10-09T12:03:41.338+0000] {logging_mixin.py:188} INFO - [2026-10-09T12:03:41.338+0000] {dag.py:3036} INFO - Sync 1 DAGs
[2026-10-09T12:03:41.352+0000] {logging_mixin.py:188} INFO - [2026-10-09T12:03:41.352+0000] {dag.py:3823} INFO - Setting next_dagrun for fx_rates_dag to 2026-10-09 12:00:00+00:00, run_after=2026-10-10 12:00:00+00:00
[2026-10-09T12:03:41.393+0000] {processor.py:183} INFO - Processing /opt/airflow/dags/fx_rates_dag.py took 0.093 seconds
[2026-10-09T12:04:11.645+0000] {processor.py:161} INFO - Started process (PID=539) to work on /opt/airflow/dags/fx_rates_dag.py
[2026-10-09T12:04:11.647+0000] {processor.py:830} INFO - Processing file /opt/airflow/dags/fx_rates_dag.py for tasks to queue
[2026-10-09T12:04:11.651+0000] {logging_mixin.py:188} INFO - [2026-10-09T12:04:11.649+0000] {dagbag.py:538} INFO - Filling up the DagBag from /opt/airflow/dags/fx_rates_dag.py
[2026-10-09T12:04:11.691+0000] {processor.py:840} INFO - DAG(s) 'fx_rates_dag' retrieved from /opt/airflow/dags/fx_rates_dag.py
[2026-10-09T12:04:11.734+0000] {logging_mixin.py:188} INFO - [2026-10-09T12:04:11.733+0000] {dag.py:3036} INFO - Sync 1 DAGs
[2026-10-09T12:04:11.762+0000] {logging_mixin.py:188} INFO - [2026-10-09T12:04:11.762+0000] {dag.py:3823} INFO - Setting next_dagrun for fx_rates_dag to 2026-10-09 12:00:00+00:00, run_after=2026-10-10 12:00:00+00:00
[2026-10-09T12:04:11.805+0000] {processor.py:183} INFO - Processing /opt/airflow/dags/fx_rates_dag.py took 0.170 seconds
[2026-10-09T12:04:41.973+0000] {processor.py:161} INFO - Started process (PID=540) to work on /opt/airflow/dags/fx_rates_dag.py
[2026-10-09T12:04:41.974+0000] {processor.py:830} INFO - Processing file /opt/airflow/dags/fx_rates_dag.py for tasks to queue
[2026-10-09T12:04:41.975+0000] {logging_mixin.py:188} INFO - [2026-10-09T12:04:41.975+0000] {dagbag.py:538} INFO - Filling up the DagBag from /opt/airflow/dags/fx_rates_dag.py
[2026-10-09T12:04:41.995+0000] {processor.py:840} INFO - DAG(s) 'fx_rates_dag' retrieved from /opt/airflow/dags/fx_rates_dag.py
[2026-10-09T12:04:42.017+0000] {logging_mixin.py:188} INFO - [2026-10-09T12:04:42.016+0000] {dag.py:3036} INFO - Sync 1 DAGs
[2026-10-09T12:04:42.035+0000] {logging_mixin.py:188} INFO - [2026-10-09T12:04:42.034+0000] {dag.py:3823} INFO - Setting next_dagrun for fx_rates_dag to 2026-10-09 12:00:00+00:00, run_after=2026-10-10 12:00:00+00:00
[2026-10-09T12:04:42.075+0000] {processor.py:183} INFO - Processing /opt/airflow/dags/fx_rates_dag.py took 0.104 seconds
[2026-10-09T12:05:12.279+0000] {processor.py:161} INFO - Started process (PID=541) to work on /opt/airflow/dags/fx_rates_dag.py
[2026-10-09T12:05:12.280+0000] {processor.py:830} INFO - Processing file /opt/airflow/dags/fx_rates_dag.py for tasks to queue
[2026-10-09T12:05:12.281+0000] {logging_mixin.py:188} INFO - [2026-10-09T12:05:12.281+0000] {dagbag.py:538} INFO - Filling up the DagBag from /opt/airflow/dags/fx_rates_dag.py
[2026-10-09T12:05:12.300+0000] {processor.py:840} INFO - DAG(s) 'fx_rates_dag' retrieved from /opt/airflow/dags/fx_rates_dag.py
[2026-10-09T12:05:12.317+0000] {logging_mixin.py:188} INFO - [2026-10-09T12:05:12.317+0000] {dag.py:3036} INFO - Sync 1 DAGs
[2026-10-09T12:05:12.335+0000] {logging_mixin.py:188} INFO - [2026-10-09T12:05:12.335+0000] {dag.py:3823} INFO - Setting next_dagrun for fx_rates_dag to 2026-10-09 12:00:00+00:00, run_after=2026-10-10 12:00:00+00:00
[2026-10-09T12:05:12.387+0000] {processor.py:183} INFO - Processing /opt/airflow/dags/fx_rates_dag.py took 0.110 seconds
[2026-10-09T12:05:42.613+0000] {processor.py:161} INFO - Started process (PID=542) to work on /opt/airflow/dags/fx_rates_dag.py
[2026-10-09T12:05:42.614+0000] {processor.py:830} INFO - Processing file /opt/airflow/dags/fx_rates_dag.py for tasks to queue
[2026-10-09T12:05:42.616+0000] {logging_mixin.py:188} INFO - [2026-10-09T12:05:42.615+0000] {dagbag.py:538} INFO - Filling up the DagBag from /opt/airflow/dags/fx_rates_dag.py
[2026-10-09T12:05:42.636+0000] {processor.py:840} INFO - DAG(s) 'fx_rates_dag' retrieved from /opt/airflow/dags/fx_rates_dag.py
[2026-10-09T12:05:42.656+0000] {logging_mixin.py:188} INFO - [2026-10-09T12:05:42.656+0000] {dag.py:3036} INFO - Sync 1 DAGs
[2026-10-09T12:05:42.671+0000] {logging_mixin.py:188} INFO - [2026-10-09T12:05:42.671+0000] {dag.py:3823} INFO - Setting next_dagrun for fx_rates_dag to 2026-10-09 12:00:00+00:00, run_after=2026-10-10 12:00:00+00:00
[2026-10-09T12:05:42.710+0000] {processor.py:183} INFO - Processing /opt/airflow/dags/fx_rates_dag.py took 0.098 seconds
[2026-10-09T12:06:12.952+0000] {processor.py:161} INFO - Started process (PID=543) to work on /opt/airflow/dags/fx_rates_dag.py
[2026-10-09T12:06:12.952+0000] {processor.py:830} INFO - Processing file /opt/airflow/dags/fx_rates_dag.py for tasks to queue
[2026-10-09T12:06:12.953+0000] {logging_mixin.py:188} INFO - [2026-10-09T12:06:12.953+0000] {dagbag.py:538} INFO - Filling up the DagBag from /opt/airflow/dags/fx_rates_dag.py
[2026-10-09T12:06:12.969+0000] {processor.py:840} INFO - DAG(s) 'fx_rates_dag' retrieved from /opt/airflow/dags/fx_rates_dag.py
[2026-10-09T12:06:12.987+0000] {logging_mixin.py:188} INFO - [2026-10-09T12:06:12.987+0000] {dag.py:3036} INFO - Sync 1 DAGs
[2026-10-09T12:06:13.018+0000] {logging_mixin.py:188} INFO - [2026-10-09T12:06:13.018+0000] {dag.py:3823} INFO - Setting next_dagrun for fx_rates_dag to 2026-10-09 12:00:00+00:00, run_after=2026-10-10 12:00:00+00:00
[2026-10-09T12:06:13.061+0000] {processor.py:183} INFO - Processing /opt/airflow/dags/fx_rates_dag.py took 0.112 seconds
[2026-10-09T12:06:43.285+0000] {processor.py:161} INFO - Started process (PID=544) to work on /opt/airflow/dags/fx_rates_dag.py
[2026-10-09T12:06:43.286+0000] {processor.py:830} INFO - Processing file /opt/airflow/dags/fx_rates_dag.py for tasks to queue
[2026-10-09T12:06:43.287+0000] {logging_mixin.py:188} INFO - [2026-10-09T12:06:43.287+0000] {dagbag.py:538} INFO - Filling up the DagBag from /opt/airflow/dags/fx_rates_dag.py
[2026-10-09T12:06:43.311+0000] {processor.py:840} INFO - DAG(s) 'fx_rates_dag' retrieved from /opt/airflow/dags/fx_rates_dag.py
[2026-10-09T12:06:43.334+0000] {logging_mixin.py:188} INFO - [2026-10-09T12:06:43.333+0000] {dag.py:3036} INFO - Sync 1 DAGs
[2026-10-09T12:06:43.349+0000] {logging_mixin.py:188} INFO - [2026-10-09T12:06:43.349+0000] {dag.py:3823} INFO - Setting next_dagrun for fx_rates_dag to 2026-10-09 12:00:00+00:00, run_after=2026-10-10 12:00:00+00:00
[2026-10-09T12:06:43.389+0000] {processor.py:183} INFO - Processing /opt/airflow/dags/fx_rates_dag.py took 0.106 seconds
[2026-10-09T12:07:13.625+0000] {processor.py:161} INFO - Started process (PID=545) to work on /opt/airflow/dags/fx_rates_dag.py
[2026-10-09T12:07:13.627+0000] {processor.py:830} INFO - Processing file /opt/airflow/dags/fx_rates_dag.py for tasks to queue
[2026-10-09T12:07:13.628+0000] {logging_mixin.py:188} INFO - [2026-10-09T12:07:13.628+0000] {dagbag.py:538} INFO - Filling up the DagBag from /opt/airflow/dags/fx_rates_dag.py
[2026-10-09T12:07:13.645+0000] {processor.py:840} INFO - DAG(s) 'fx_rates_dag' retrieved from /opt/airflow/dags/fx_rates_dag.py
[2026-10-09T12:07:13.663+0000] {logging_mixin.py:188} INFO - [2026-10-09T12:07:13.663+0000] {dag.py:3036} INFO - Sync 1 DAGs
[2026-10-09T12:07:13.678+0000] {logging_mixin.py:188} INFO - [2026-10-09T12:07:13.678+0000] {dag.py:3823} INFO - Setting next_dagrun for fx_rates_dag to 2026-10-09 12:00:00+00:00, run_after=2026-10-10 12:00:00+00:00
[2026-10-09T12:07:13.718+0000] {processor.py:183} INFO - Processing /opt/airflow/dags/fx_rates_dag.py took 0.102 seconds
[2026-10-09T12:07:43.970+0000] {processor.py:161} INFO - Started process (PID=546) to work on /opt/airflow/dags/fx_rates_dag.py
[2026-10-09T12:07:43.971+0000] {processor.py:830} INFO - Processing file /opt/airflow/dags/fx_rates_dag.py for tasks to queue
[2026-10-09T12:07:43.972+0000] {logging_mixin.py:188} INFO - [2026-10-09T12:07:43.971+0000] {dagbag.py:538} INFO - Filling up the DagBag from /opt/airflow/dags/fx_rates_dag.py
[2026-10-09T12:07:43.991+0000] {processor.py:840} INFO - DAG(s) 'fx_rates_dag' retrieved from /opt/airflow/dags/fx_rates_dag.py
[2026-10-09T12:07:44.013+0000] {logging_mixin.py:188} INFO - [2026-10-09T12:07:44.013+0000] {dag.py:3036} INFO - Sync 1 DAGs
[2026-10-09T12:07:44.027+0000] {logging_mixin.py:188} INFO - [2026-10-09T12:07:44.027+0000] {dag.py:3823} INFO - Setting next_dagrun for fx_rates_dag to 2026-10-09 12:00:00+00:00, run_after=2026-10-10 12:00:00+00:00
[2026-10-09T12:07:44.068+0000] {processor.py:183} INFO - Processing /opt/airflow/dags/fx_rates_dag.py took 0.100 seconds
[2026-10-09T12:08:14.303+0000] {processor.py:161} INFO - Started process (PID=547) to work on /opt/airflow/dags/fx_rates_dag.py
[2026-10-09T12:08:14.304+0000] {processor.py:830} INFO - Processing file /opt/airflow/dags/fx_rates_dag.py for tasks to queue
[2026-10-09T12:08:14.305+0000] {logging_mixin.py:188} INFO - [2026-10-09T12:08:14.304+0000] {dagbag.py:538} INFO - Filling up the DagBag from /opt/airflow/dags/fx_rates_dag.py
[2026-10-09T12:08:14.322+0000] {processor.py:840} INFO - DAG(s) 'fx_rates_dag' retrieved from /opt/airflow/dags/fx_rates_dag.py
[2026-10-09T12:08:14.340+0000] {logging_mixin.py:188} INFO - [2026-10-09T12:08:14.339+0000] {dag.py:3036} INFO - Sync 1 DAGs
[2026-10-09T12:08:14.356+0000] {logging_mixin.py:188} INFO - [2026-10-09T12:08:14.356+0000] {dag.py:3823} INFO - Setting next_dagrun for fx_rates_dag to 2026-10-09 12:00:00+00:00, run_after=2026-10-10 12:00:00+00:00
[2026-10-09T12:08:14.397+0000] {processor.py:183} INFO - Processing /opt/airflow/dags/fx_rates_dag.py took 0.096 seconds
[2026-10-09T12:08:44.618+0000] {processor.py:161} INFO - Started process (PID=548) to work on /opt/airflow/dags/fx_rates_dag.py
[2026-10-09T12:08:44.619+0000] {processor.py:830} INFO - Processing file /opt/airflow/dags/fx_rates_dag.py for tasks to queue
[2026-10-09T12:08:44.620+0000] {logging_mixin.py:188} INFO - [2026-10-09T12:08:44.620+0000] {dagbag.py:538} INFO - Filling up the DagBag from /opt/airflow/dags/fx_rates_dag.py
[2026-10-09T12:08:44.641+0000] {processor.py:840} INFO - DAG(s) 'fx_rates_dag' retrieved from /opt/airflow/dags/fx_rates_dag.py
[2026-10-09T12:08:44.660+0000] {logging_mixin.py:188} INFO - [2026-10-09T12:08:44.660+0000] {dag.py:3036} INFO - Sync 1 DAGs
[2026-10-09T12:08:44.677+0000] {logging_mixin.py:188} INFO - [2026-10-09T12:08:44.677+0000] {dag.py:3823} INFO - Setting next_dagrun for fx_rates_dag to 2026-10-09 12:00:00+00:00, run_after=2026-10-10 12:00:00+00:00
[2026-10-09T12:08:44.716+0000] {processor.py:183} INFO - Processing /opt/airflow/dags/fx_rates_dag.py took 0.100 seconds
[2026-10-09T12:09:14.914+0000] {processor.py:161} INFO - Started process (PID=549) to work on /opt/airflow/dags/fx_rates_dag.py
[2026-10-09T12:09:14.915+0000] {processor.py:830} INFO - Processing file /opt/airflow/dags/fx_rates_dag.py for tasks to queue
[2026-10-09T12:09:14.916+0000] {logging_mixin.py:188} INFO - [2026-10-09T12:09:14.916+0000] {dagbag.py:538} INFO - Filling up the DagBag from /opt/airflow/dags/fx_rates_dag.py
[2026-10-09T12:09:14.933+0000] {processor.py:840} INFO - DAG(s) 'fx_rates_dag' retrieved from /opt/airflow/dags/fx_rates_dag.py
[2026-10-09T12:09:14.950+0000] {logging_mixin.py:188} INFO - [2026-10-09T12:09:14.950+0000] {dag.py:3036} INFO - Sync 1 DAGs
[2026-10-09T12:09:14.971+0000] {logging_mixin.py:188} INFO - [2026-10-09T12:09:14.971+0000] {dag.py:3823} INFO - Setting next_dagrun for fx_rates_dag to 2026-10-09 12:00:00+00:00, run_after=2026-10-10 12:00:00+00:00
[2026-10-09T12:09:15.011+0000] {processor.py:183} INFO - Processing /opt/airflow/dags/fx_rates_dag.py took 0.098 seconds
[2026-10-09T12:09:45.250+0000] {processor.py:161} INFO - Started process (PID=550) to work on /opt/airflow/dags/fx_rates_dag.py
[2026-10-09T12:09:45.252+0000] {processor.py:830} INFO - Processing file /opt/airflow/dags/fx_rates_dag.py for tasks to queue
[2026-10-09T12:09:45.253+0000] {logging_mixin.py:188} INFO - [2026-10-09T12:09:45.253+0000] {dagbag.py:538} INFO - Filling up the DagBag from /opt/airflow/dags/fx_rates_dag.py
[2026-10-09T12:09:45.272+0000] {processor.py:840} INFO - DAG(s) 'fx_rates_dag' retrieved from /opt/airflow/dags/fx_rates_dag.py
[2026-10-09T12:09:45.292+0000] {logging_mixin.py:188} INFO - [2026-10-09T12:09:45.292+0000] {dag.py:3036} INFO - Sync 1 DAGs
[2026-10-09T12:09:45.308+0000] {logging_mixin.py:188} INFO - [2026-10-09T12:09:45.308+0000] {dag.py:3823} INFO - Setting next_dagrun for fx_rates_dag to 2026-10-09 12:00:00+00:00, run_after=2026-10-10 12:00:00+00:00
[2026-10-09T12:09:45.348+0000] {processor.py:183} INFO - Processing /opt/airflow/dags/fx_rates_dag.py took 0.100 seconds
[2026-10-09T12:10:15.582+0000] {processor.py:161} INFO - Started process (PID=551) to work on /opt/airflow/dags/fx_rates_dag.py
[2026-10-09T12:10:15.583+0000] {processor.py:830} INFO - Processing file /opt/airflow/dags/fx_rates_dag.py for tasks to queue
[2026-10-09T12:10:15.584+0000] {logging_mixin.py:188} INFO - [2026-10-09T12:10:15.584+0000] {dagbag.py:538} INFO - Filling up the DagBag from /opt/airflow/dags/fx_rates_dag.py
[2026-10-09T12:10:15.600+0000] {processor.py:840} INFO - DAG(s) 'fx_rates_dag' retrieved from /opt/airflow/dags/fx_rates_dag.py
[2026-10-09T12:10:15.617+0000] {logging_mixin.py:188} INFO - [2026-10-09T12:10:15.617+0000] {dag.py:3036} INFO - Sync 1 DAGs
[2026-10-09T12:10:15.631+0000] {logging_mixin.py:188} INFO - [2026-10-09T12:10:15.631+0000] {dag.py:3823} INFO - Setting next_dagrun for fx_rates_dag to 2026-10-09 12:00:00+00:00, run_after=2026-10-10 12:00:00+00:00
[2026-10-09T12:10:15.669+0000] {processor.py:183} INFO - Processing /opt/airflow/dags/fx_rates_dag.py took 0.089 seconds
[2026-10-09T12:10:45.809+0000] {processor.py:161} INFO - Started process (PID=552) to work on /opt/airflow/dags/fx_rates_dag.py
[2026-10-09T12:10:45.810+0000] {processor.py:830} INFO - Processing file /opt/airflow/dags/fx_rates_dag.py for tasks to queue
[2026-10-09T12:10:45.811+0000] {logging_mixin.py:188} INFO - [2026-10-09T12:10:45.810+0000] {dagbag.py:538} INFO - Filling up the DagBag from /opt/airflow/dags/fx_rates_dag.py
[2026-10-09T12:10:45.826+0000] {processor.py:840} INFO - DAG(s) 'fx_rates_dag' retrieved from /opt/airflow/dags/fx_rates_dag.py
[2026-10-09T12:10:45.842+0000] {logging_mixin.py:188} INFO - [2026-10-09T12:10:45.842+0000] {dag.py:3036} INFO - Sync 1 DAGs
[2026-10-09T12:10:45.856+0000] {logging_mixin.py:188} INFO - [2026-10-09T12:10:45.856+0000] {dag.py:3823} INFO - Setting next_dagrun for fx_rates_dag to 2026-10-09 12:00:00+00:00, run_after=2026-10-10 12:00:00+00:00
[2026-10-09T12:10:45.892+0000] {processor.py:183} INFO - Processing /opt/airflow/dags/fx_rates_dag.py took 0.085 seconds
[2026-10-09T12:11:16.034+0000] {processor.py:161} INFO - Started process (PID=553) to work on /opt/airflow/dags/fx_rates_dag.py
[2026-10-09T12:11:16.034+0000] {processor.py:830} INFO - Processing file /opt/airflow/dags/fx_rates_dag.py for tasks to queue
[2026-10-09T12:11:16.035+0000] {logging_mixin.py:188} INFO - [2026-10-09T12:11:16.035+0000] {dagbag.py:538} INFO - Filling up the DagBag from /opt/airflow/dags/fx_rates_dag.py
[2026-10-09T12:11:16.051+0000] {processor.py:840} INFO - DAG(s) 'fx_rates_dag' retrieved from /opt/airflow/dags/fx_rates_dag.py
[2026-10-09T12:11:16.071+0000] {logging_mixin.py:188} INFO - [2026-10-09T12:11:16.071+0000] {dag.py:3036} INFO - Sync 1 DAGs
[2026-10-09T12:11:16.086+0000] {logging_mixin.py:188} INFO - [2026-10-09T12:11:16.086+0000] {dag.py:3823} INFO - Setting next_dagrun for fx_rates_dag to 2026-10-09 12:00:00+00:00, run_after=2026-10-10 12:00:00+00:00
[2026-10-09T12:11:16.123+0000] {processor.py:183} INFO - Processing /opt/airflow/dags/fx_rates_dag.py took 0.092 seconds
[2026-10-09T12:11:46.358+0000] {processor.py:161} INFO - Started process (PID=554) to work on /opt/airflow/dags/fx_rates_dag.py
[2026-10-09T12:11:46.359+0000] {processor.py:830} INFO - Processing file /opt/airflow/dags/fx_rates_dag.py for tasks to queue
[2026-10-09T12:11:46.360+0000] {logging_mixin.py:188} INFO - [2026-10-09T12:11:46.360+0000] {dagbag.py:538} INFO - Filling up the DagBag from /opt/airflow/dags/fx_rates_dag.py
[2026-10-09T12:11:46.377+0000] {processor.py:840} INFO - DAG(s) 'fx_rates_dag' retrieved from /opt/airflow/dags/fx_rates_dag.py
[2026-10-09T12:11:46.393+0000] {logging_mixin.py:188} INFO - [2026-10-09T12:11:46.393+0000] {dag.py:3036} INFO - Sync 1 DAGs
[2026-10-09T12:11:46.407+0000] {logging_mixin.py:188} INFO - [2026-10-09T12:11:46.407+0000] {dag.py:3823} INFO - Setting next_dagrun for fx_rates_dag to 2026-10-09 12:00:00+00:00, run_after=2026-10-10 12:00:00+00:00
[2026-10-09T12:11:46.444+0000] {processor.py:183} INFO - Processing /opt/airflow/dags/fx_rates_dag.py took 0.087 seconds
[2026-10-09T12:12:16.588+0000] {processor.py:161} INFO - Started process (PID=555) to work on /opt/airflow/dags/fx_rates_dag.py
[2026-10-09T12:12:16.589+0000] {processor.py:830} INFO - Processing file /opt/airflow/dags/fx_rates_dag.py for tasks to queue
[2026-10-09T12:12:16.590+0000] {logging_mixin.py:188} INFO - [2026-10-09T12:12:16.590+0000] {dagbag.py:538} INFO - Filling up the DagBag from /opt/airflow/dags/fx_rates_dag.py
[2026-10-09T12:12:16.606+0000] {processor.py:840} INFO - DAG(s) 'fx_rates_dag' retrieved from /opt/airflow/dags/fx_rates_dag.py
[2026-10-09T12:12:16.622+0000] {logging_mixin.py:188} INFO - [2026-10-09T12:12:16.622+0000] {dag.py:3036} INFO - Sync 1 DAGs
[2026-10-09T12:12:16.636+0000] {logging_mixin.py:188} INFO - [2026-10-09T12:12:16.636+0000] {dag.py:3823} INFO - Setting next_dagrun for fx_rates_dag to 2026-10-09 12:00:00+00:00, run_after=2026-10-10 12:00:00+00:00
[2026-10-09T12:12:16.675+0000] {processor.py:183} INFO - Processing /opt/airflow/dags/fx_rates_dag.py took 0.089 seconds
[2026-10-09T12:12:33.871+0000] {processor.py:161} INFO - Started process (PID=556) to work on /opt/airflow/dags/fx_rates_dag.py
[2026-10-09T12:12:33.872+0000] {processor.py:830} INFO - Processing file /opt/airflow/dags/fx_rates_dag.py for tasks to queue
[2026-10-09T12:12:33.873+0000] {logging_mixin.py:188} INFO - [2026-10-09T12:12:33.873+0000] {dagbag.py:538} INFO - Filling up the DagBag from /opt/airflow/dags/fx_rates_dag.py
[2026-10-09T12:12:33.896+0000] {processor.py:840} INFO - DAG(s) 'fx_rates_dag' retrieved from /opt/airflow/dags/fx_rates_dag.py
[2026-10-09T12:12:34.035+0000] {logging_mixin.py:188} INFO - [2026-10-09T12:12:34.035+0000] {dag.py:3036} INFO - Sync 1 DAGs
[2026-10-09T12:12:34.053+0000] {logging_mixin.py:188} INFO - [2026-10-09T12:12:34.053+0000] {dag.py:3823} INFO - Setting next_dagrun for fx_rates_dag to 2026-10-09 08:30:00+00:00, run_after=2026-10-10 08:30:00+00:00
[2026-10-09T12:12:34.102+0000] {processor.py:183} INFO - Processing /opt/airflow/dags/fx_rates_dag.py took 0.233 seconds
[2026-10-09T12:13:05.227+0000] {processor.py:161} INFO - Started process (PID=575) to work on /opt/airflow/dags/fx_rates_dag.py
[2026-10-09T12:13:05.228+0000] {processor.py:830} INFO - Processing file /opt/airflow/dags/fx_rates_dag.py for tasks to queue
[2026-10-09T12:13:05.229+0000] {logging_mixin.py:188} INFO - [2026-10-09T12:13:05.229+0000] {dagbag.py:538} INFO - Filling up the DagBag from /opt/airflow/dags/fx_rates_dag.py
[2026-10-09T12:13:05.245+0000] {processor.py:840} INFO - DAG(s) 'fx_rates_dag' retrieved from /opt/airflow/dags/fx_rates_dag.py
[2026-10-09T12:13:05.260+0000] {logging_mixin.py:188} INFO - [2026-10-09T12:13:05.260+0000] {dag.py:3036} INFO - Sync 1 DAGs
[2026-10-09T12:13:05.275+0000] {logging_mixin.py:188} INFO - [2026-10-09T12:13:05.275+0000] {dag.py:3823} INFO - Setting next_dagrun for fx_rates_dag to 2026-10-09 08:30:00+00:00, run_after=2026-10-10 08:30:00+00:00
[2026-10-09T12:13:05.312+0000] {processor.py:183} INFO - Processing /opt/airflow/dags/fx_rates_dag.py took 0.087 seconds
[2026-10-09T12:13:35.718+0000] {processor.py:161} INFO - Started process (PID=576) to work on /opt/airflow/dags/fx_rates_dag.py
[2026-10-09T12:13:35.720+0000] {processor.py:830} INFO - Processing file /opt/airflow/dags/fx_rates_dag.py for tasks to queue
[2026-10-09T12:13:35.722+0000] {logging_mixin.py:188} INFO - [2026-10-09T12:13:35.721+0000] {dagbag.py:538} INFO - Filling up the DagBag from /opt/airflow/dags/fx_rates_dag.py
[2026-10-09T12:13:35.752+0000] {processor.py:840} INFO - DAG(s) 'fx_rates_dag' retrieved from /opt/airflow/dags/fx_rates_dag.py
[2026-10-09T12:13:35.784+0000] {logging_mixin.py:188} INFO - [2026-10-09T12:13:35.783+0000] {dag.py:3036} INFO - Sync 1 DAGs
[2026-10-09T12:13:35.805+0000] {logging_mixin.py:188} INFO - [2026-10-09T12:13:35.805+0000] {dag.py:3823} INFO - Setting next_dagrun for fx_rates_dag to 2026-10-09 08:30:00+00:00, run_after=2026-10-10 08:30:00+00:00
[2026-10-09T12:13:35.847+0000] {processor.py:183} INFO - Processing /opt/airflow/dags/fx_rates_dag.py took 0.134 seconds
[2026-10-09T12:14:06.163+0000] {processor.py:161} INFO - Started process (PID=577) to work on /opt/airflow/dags/fx_rates_dag.py
[2026-10-09T12:14:06.164+0000] {processor.py:830} INFO - Processing file /opt/airflow/dags/fx_rates_dag.py for tasks to queue
[2026-10-09T12:14:06.165+0000] {logging_mixin.py:188} INFO - [2026-10-09T12:14:06.165+0000] {dagbag.py:538} INFO - Filling up the DagBag from /opt/airflow/dags/fx_rates_dag.py
[2026-10-09T12:14:06.190+0000] {processor.py:840} INFO - DAG(s) 'fx_rates_dag' retrieved from /opt/airflow/dags/fx_rates_dag.py
[2026-10-09T12:14:06.215+0000] {logging_mixin.py:188} INFO - [2026-10-09T12:14:06.214+0000] {dag.py:3036} INFO - Sync 1 DAGs
[2026-10-09T12:14:06.232+0000] {logging_mixin.py:188} INFO - [2026-10-09T12:14:06.231+0000] {dag.py:3823} INFO - Setting next_dagrun for fx_rates_dag to 2026-10-09 08:30:00+00:00, run_after=2026-10-10 08:30:00+00:00
[2026-10-09T12:14:06.270+0000] {processor.py:183} INFO - Processing /opt/airflow/dags/fx_rates_dag.py took 0.110 seconds
[2026-10-09T12:14:36.615+0000] {processor.py:161} INFO - Started process (PID=578) to work on /opt/airflow/dags/fx_rates_dag.py
[2026-10-09T12:14:36.616+0000] {processor.py:830} INFO - Processing file /opt/airflow/dags/fx_rates_dag.py for tasks to queue
[2026-10-09T12:14:36.617+0000] {logging_mixin.py:188} INFO - [2026-10-09T12:14:36.616+0000] {dagbag.py:538} INFO - Filling up the DagBag from /opt/airflow/dags/fx_rates_dag.py
[2026-10-09T12:14:36.636+0000] {processor.py:840} INFO - DAG(s) 'fx_rates_dag' retrieved from /opt/airflow/dags/fx_rates_dag.py
[2026-10-09T12:14:36.661+0000] {logging_mixin.py:188} INFO - [2026-10-09T12:14:36.660+0000] {dag.py:3036} INFO - Sync 1 DAGs
[2026-10-09T12:14:36.675+0000] {logging_mixin.py:188} INFO - [2026-10-09T12:14:36.674+0000] {dag.py:3823} INFO - Setting next_dagrun for fx_rates_dag to 2026-10-09 08:30:00+00:00, run_after=2026-10-10 08:30:00+00:00
[2026-10-09T12:14:36.713+0000] {processor.py:183} INFO - Processing /opt/airflow/dags/fx_rates_dag.py took 0.100 seconds
[2026-10-09T12:15:07.071+0000] {processor.py:161} INFO - Started process (PID=579) to work on /opt/airflow/dags/fx_rates_dag.py
[2026-10-09T12:15:07.072+0000] {processor.py:830} INFO - Processing file /opt/airflow/dags/fx_rates_dag.py for tasks to queue
[2026-10-09T12:15:07.073+0000] {logging_mixin.py:188} INFO - [2026-10-09T12:15:07.073+0000] {dagbag.py:538} INFO - Filling up the DagBag from /opt/airflow/dags/fx_rates_dag.py
[2026-10-09T12:15:07.107+0000] {processor.py:840} INFO - DAG(s) 'fx_rates_dag' retrieved from /opt/airflow/dags/fx_rates_dag.py
[2026-10-09T12:15:07.150+0000] {logging_mixin.py:188} INFO - [2026-10-09T12:15:07.150+0000] {dag.py:3036} INFO - Sync 1 DAGs
[2026-10-09T12:15:07.169+0000] {logging_mixin.py:188} INFO - [2026-10-09T12:15:07.169+0000] {dag.py:3823} INFO - Setting next_dagrun for fx_rates_dag to 2026-10-09 08:30:00+00:00, run_after=2026-10-10 08:30:00+00:00
[2026-10-09T12:15:07.209+0000] {processor.py:183} INFO - Processing /opt/airflow/dags/fx_rates_dag.py took 0.141 seconds
[2026-10-09T12:15:37.531+0000] {processor.py:161} INFO - Started process (PID=580) to work on /opt/airflow/dags/fx_rates_dag.py
[2026-10-09T12:15:37.533+0000] {processor.py:830} INFO - Processing file /opt/airflow/dags/fx_rates_dag.py for tasks to queue
[2026-10-09T12:15:37.533+0000] {logging_mixin.py:188} INFO - [2026-10-09T12:15:37.533+0000] {dagbag.py:538} INFO - Filling up the DagBag from /opt/airflow/dags/fx_rates_dag.py
[2026-10-09T12:15:37.548+0000] {processor.py:840} INFO - DAG(s) 'fx_rates_dag' retrieved from /opt/airflow/dags/fx_rates_dag.py
[2026-10-09T12:15:37.573+0000] {logging_mixin.py:188} INFO - [2026-10-09T12:15:37.573+0000] {dag.py:3036} INFO - Sync 1 DAGs
[2026-10-09T12:15:37.587+0000] {logging_mixin.py:188} INFO - [2026-10-09T12:15:37.587+0000] {dag.py:3823} INFO - Setting next_dagrun for fx_rates_dag to 2026-10-09 08:30:00+00:00, run_after=2026-10-10 08:30:00+00:00
[2026-10-09T12:15:37.624+0000] {processor.py:183} INFO - Processing /opt/airflow/dags/fx_rates_dag.py took 0.096 seconds
[2026-10-09T12:16:07.983+0000] {processor.py:161} INFO - Started process (PID=581) to work on /opt/airflow/dags/fx_rates_dag.py
[2026-10-09T12:16:07.984+0000] {processor.py:830} INFO - Processing file /opt/airflow/dags/fx_rates_dag.py for tasks to queue
[2026-10-09T12:16:07.985+0000] {logging_mixin.py:188} INFO - [2026-10-09T12:16:07.985+0000] {dagbag.py:538} INFO - Filling up the DagBag from /opt/airflow/dags/fx_rates_dag.py
[2026-10-09T12:16:08.009+0000] {processor.py:840} INFO - DAG(s) 'fx_rates_dag' retrieved from /opt/airflow/dags/fx_rates_dag.py
[2026-10-09T12:16:08.032+0000] {logging_mixin.py:188} INFO - [2026-10-09T12:16:08.032+0000] {dag.py:3036} INFO - Sync 1 DAGs
[2026-10-09T12:16:08.045+0000] {logging_mixin.py:188} INFO - [2026-10-09T12:16:08.045+0000] {dag.py:3823} INFO - Setting next_dagrun for fx_rates_dag to 2026-10-09 08:30:00+00:00, run_after=2026-10-10 08:30:00+00:00
[2026-10-09T12:16:08.081+0000] {processor.py:183} INFO - Processing /opt/airflow/dags/fx_rates_dag.py took 0.100 seconds
[2026-10-09T12:16:38.354+0000] {processor.py:161} INFO - Started process (PID=582) to work on /opt/airflow/dags/fx_rates_dag.py
[2026-10-09T12:16:38.355+0000] {processor.py:830} INFO - Processing file /opt/airflow/dags/fx_rates_dag.py for tasks to queue
[2026-10-09T12:16:38.355+0000] {logging_mixin.py:188} INFO - [2026-10-09T12:16:38.355+0000] {dagbag.py:538} INFO - Filling up the DagBag from /opt/airflow/dags/fx_rates_dag.py
[2026-10-09T12:16:38.371+0000] {processor.py:840} INFO - DAG(s) 'fx_rates_dag' retrieved from /opt/airflow/dags/fx_rates_dag.py
[2026-10-09T12:16:38.388+0000] {logging_mixin.py:188} INFO - [2026-10-09T12:16:38.388+0000] {dag.py:3036} INFO - Sync 1 DAGs
[2026-10-09T12:16:38.404+0000] {logging_mixin.py:188} INFO - [2026-10-09T12:16:38.403+0000] {dag.py:3823} INFO - Setting next_dagrun for fx_rates_dag to 2026-10-09 08:30:00+00:00, run_after=2026-10-10 08:30:00+00:00
[2026-10-09T12:16:38.442+0000] {processor.py:183} INFO - Processing /opt/airflow/dags/fx_rates_dag.py took 0.090 seconds
[2026-10-09T12:17:08.645+0000] {processor.py:161} INFO - Started process (PID=583) to work on /opt/airflow/dags/fx_rates_dag.py
[2026-10-09T12:17:08.646+0000] {processor.py:830} INFO - Processing file /opt/airflow/dags/fx_rates_dag.py for tasks to queue
[2026-10-09T12:17:08.647+0000] {logging_mixin.py:188} INFO - [2026-10-09T12:17:08.646+0000] {dagbag.py:538} INFO - Filling up the DagBag from /opt/airflow/dags/fx_rates_dag.py
[2026-10-09T12:17:08.662+0000] {processor.py:840} INFO - DAG(s) 'fx_rates_dag' retrieved from /opt/airflow/dags/fx_rates_dag.py
[2026-10-09T12:17:08.677+0000] {logging_mixin.py:188} INFO - [2026-10-09T12:17:08.677+0000] {dag.py:3036} INFO - Sync 1 DAGs
[2026-10-09T12:17:08.691+0000] {logging_mixin.py:188} INFO - [2026-10-09T12:17:08.690+0000] {dag.py:3823} INFO - Setting next_dagrun for fx_rates_dag to 2026-10-09 08:30:00+00:00, run_after=2026-10-10 08:30:00+00:00
[2026-10-09T12:17:08.726+0000] {processor.py:183} INFO - Processing /opt/airflow/dags/fx_rates_dag.py took 0.083 seconds
[2026-10-09T12:17:38.924+0000] {processor.py:161} INFO - Started process (PID=584) to work on /opt/airflow/dags/fx_rates_dag.py
[2026-10-09T12:17:38.925+0000] {processor.py:830} INFO - Processing file /opt/airflow/dags/fx_rates_dag.py for tasks to queue
[2026-10-09T12:17:38.926+0000] {logging_mixin.py:188} INFO - [2026-10-09T12:17:38.926+0000] {dagbag.py:538} INFO - Filling up the DagBag from /opt/airflow/dags/fx_rates_dag.py
[2026-10-09T12:17:38.941+0000] {processor.py:840} INFO - DAG(s) 'fx_rates_dag' retrieved from /opt/airflow/dags/fx_rates_dag.py
[2026-10-09T12:17:38.956+0000] {logging_mixin.py:188} INFO - [2026-10-09T12:17:38.956+0000] {dag.py:3036} INFO - Sync 1 DAGs
[2026-10-09T12:17:38.970+0000] {logging_mixin.py:188} INFO - [2026-10-09T12:17:38.970+0000] {dag.py:3823} INFO - Setting next_dagrun for fx_rates_dag to 2026-10-09 08:30:00+00:00, run_after=2026-10-10 08:30:00+00:00
[2026-10-09T12:17:39.006+0000] {processor.py:183} INFO - Processing /opt/airflow/dags/fx_rates_dag.py took 0.084 seconds
[2026-10-09T12:18:09.213+0000] {processor.py:161} INFO - Started process (PID=585) to work on /opt/airflow/dags/fx_rates_dag.py
[2026-10-09T12:18:09.214+0000] {processor.py:830} INFO - Processing file /opt/airflow/dags/fx_rates_dag.py for tasks to queue
[2026-10-09T12:18:09.215+0000] {logging_mixin.py:188} INFO - [2026-10-09T12:18:09.214+0000] {dagbag.py:538} INFO - Filling up the DagBag from /opt/airflow/dags/fx_rates_dag.py
[2026-10-09T12:18:09.230+0000] {processor.py:840} INFO - DAG(s) 'fx_rates_dag' retrieved from /opt/airflow/dags/fx_rates_dag.py
[2026-10-09T12:18:09.247+0000] {logging_mixin.py:188} INFO - [2026-10-09T12:18:09.247+0000] {dag.py:3036} INFO - Sync 1 DAGs
[2026-10-09T12:18:09.261+0000] {logging_mixin.py:188} INFO - [2026-10-09T12:18:09.261+0000] {dag.py:3823} INFO - Setting next_dagrun for fx_rates_dag to 2026-10-09 08:30:00+00:00, run_after=2026-10-10 08:30:00+00:00
[2026-10-09T12:18:09.297+0000] {processor.py:183} INFO - Processing /opt/airflow/dags/fx_rates_dag.py took 0.086 seconds
[2026-10-09T12:18:39.493+0000] {processor.py:161} INFO - Started process (PID=586) to work on /opt/airflow/dags/fx_rates_dag.py
[2026-10-09T12:18:39.494+0000] {processor.py:830} INFO - Processing file /opt/airflow/dags/fx_rates_dag.py for tasks to queue
[2026-10-09T12:18:39.494+0000] {logging_mixin.py:188} INFO - [2026-10-09T12:18:39.494+0000] {dagbag.py:538} INFO - Filling up the DagBag from /opt/airflow/dags/fx_rates_dag.py
[2026-10-09T12:18:39.511+0000] {processor.py:840} INFO - DAG(s) 'fx_rates_dag' retrieved from /opt/airflow/dags/fx_rates_dag.py
[2026-10-09T12:18:39.531+0000] {logging_mixin.py:188} INFO - [2026-10-09T12:18:39.531+0000] {dag.py:3036} INFO - Sync 1 DAGs
[2026-10-09T12:18:39.547+0000] {logging_mixin.py:188} INFO - [2026-10-09T12:18:39.547+0000] {dag.py:3823} INFO - Setting next_dagrun for fx_rates_dag to 2026-10-09 08:30:00+00:00, run_after=2026-10-10 08:30:00+00:00
[2026-10-09T12:18:39.585+0000] {processor.py:183} INFO - Processing /opt/airflow/dags/fx_rates_dag.py took 0.094 seconds
[2026-10-09T12:19:09.873+0000] {processor.py:161} INFO - Started process (PID=587) to work on /opt/airflow/dags/fx_rates_dag.py
[2026-10-09T12:19:09.873+0000] {processor.py:830} INFO - Processing file /opt/airflow/dags/fx_rates_dag.py for tasks to queue
[2026-10-09T12:19:09.874+0000] {logging_mixin.py:188} INFO - [2026-10-09T12:19:09.874+0000] {dagbag.py:538} INFO - Filling up the DagBag from /opt/airflow/dags/fx_rates_dag.py
[2026-10-09T12:19:09.890+0000] {processor.py:840} INFO - DAG(s) 'fx_rates_dag' retrieved from /opt/airflow/dags/fx_rates_dag.py
[2026-10-09T12:19:09.905+0000] {logging_mixin.py:188} INFO - [2026-10-09T12:19:09.905+0000] {dag.py:3036} INFO - Sync 1 DAGs
[2026-10-09T12:19:09.919+0000] {logging_mixin.py:188} INFO - [2026-10-09T12:19:09.919+0000] {dag.py:3823} INFO - Setting next_dagrun for fx_rates_dag to 2026-10-09 08:30:00+00:00, run_after=2026-10-10 08:30:00+00:00
[2026-10-09T12:19:09.957+0000] {processor.py:183} INFO - Processing /opt/airflow/dags/fx_rates_dag.py took 0.086 seconds
[2026-10-09T12:19:40.110+0000] {processor.py:161} INFO - Started process (PID=588) to work on /opt/airflow/dags/fx_rates_dag.py
[2026-10-09T12:19:40.111+0000] {processor.py:830} INFO - Processing file /opt/airflow/dags/fx_rates_dag.py for tasks to queue
[2026-10-09T12:19:40.111+0000] {logging_mixin.py:188} INFO - [2026-10-09T12:19:40.111+0000] {dagbag.py:538} INFO - Filling up the DagBag from /opt/airflow/dags/fx_rates_dag.py
[2026-10-09T12:19:40.127+0000] {processor.py:840} INFO - DAG(s) 'fx_rates_dag' retrieved from /opt/airflow/dags/fx_rates_dag.py
[2026-10-09T12:19:40.142+0000] {logging_mixin.py:188} INFO - [2026-10-09T12:19:40.142+0000] {dag.py:3036} INFO - Sync 1 DAGs
[2026-10-09T12:19:40.156+0000] {logging_mixin.py:188} INFO - [2026-10-09T12:19:40.156+0000] {dag.py:3823} INFO - Setting next_dagrun for fx_rates_dag to 2026-10-09 08:30:00+00:00, run_after=2026-10-10 08:30:00+00:00
[2026-10-09T12:19:40.195+0000] {processor.py:183} INFO - Processing /opt/airflow/dags/fx_rates_dag.py took 0.087 seconds
[2026-10-09T12:20:10.417+0000] {processor.py:161} INFO - Started process (PID=589) to work on /opt/airflow/dags/fx_rates_dag.py
[2026-10-09T12:20:10.418+0000] {processor.py:830} INFO - Processing file /opt/airflow/dags/fx_rates_dag.py for tasks to queue
[2026-10-09T12:20:10.419+0000] {logging_mixin.py:188} INFO - [2026-10-09T12:20:10.419+0000] {dagbag.py:538} INFO - Filling up the DagBag from /opt/airflow/dags/fx_rates_dag.py
[2026-10-09T12:20:10.434+0000] {processor.py:840} INFO - DAG(s) 'fx_rates_dag' retrieved from /opt/airflow/dags/fx_rates_dag.py
[2026-10-09T12:20:10.449+0000] {logging_mixin.py:188} INFO - [2026-10-09T12:20:10.449+0000] {dag.py:3036} INFO - Sync 1 DAGs
[2026-10-09T12:20:10.462+0000] {logging_mixin.py:188} INFO - [2026-10-09T12:20:10.462+0000] {dag.py:3823} INFO - Setting next_dagrun for fx_rates_dag to 2026-10-09 08:30:00+00:00, run_after=2026-10-10 08:30:00+00:00
[2026-10-09T12:20:10.499+0000] {processor.py:183} INFO - Processing /opt/airflow/dags/fx_rates_dag.py took 0.083 seconds
[2026-10-09T12:20:40.709+0000] {processor.py:161} INFO - Started process (PID=590) to work on /opt/airflow/dags/fx_rates_dag.py
[2026-10-09T12:20:40.713+0000] {processor.py:830} INFO - Processing file /opt/airflow/dags/fx_rates_dag.py for tasks to queue
[2026-10-09T12:20:40.717+0000] {logging_mixin.py:188} INFO - [2026-10-09T12:20:40.716+0000] {dagbag.py:538} INFO - Filling up the DagBag from /opt/airflow/dags/fx_rates_dag.py
[2026-10-09T12:20:40.751+0000] {processor.py:840} INFO - DAG(s) 'fx_rates_dag' retrieved from /opt/airflow/dags/fx_rates_dag.py
[2026-10-09T12:20:40.807+0000] {logging_mixin.py:188} INFO - [2026-10-09T12:20:40.806+0000] {dag.py:3036} INFO - Sync 1 DAGs
[2026-10-09T12:20:40.821+0000] {logging_mixin.py:188} INFO - [2026-10-09T12:20:40.821+0000] {dag.py:3823} INFO - Setting next_dagrun for fx_rates_dag to 2026-10-09 08:30:00+00:00, run_after=2026-10-10 08:30:00+00:00
[2026-10-09T12:20:40.860+0000] {processor.py:183} INFO - Processing /opt/airflow/dags/fx_rates_dag.py took 0.164 seconds
[2026-10-09T12:21:11.078+0000] {processor.py:161} INFO - Started process (PID=591) to work on /opt/airflow/dags/fx_rates_dag.py
[2026-10-09T12:21:11.079+0000] {processor.py:830} INFO - Processing file /opt/airflow/dags/fx_rates_dag.py for tasks to queue
[2026-10-09T12:21:11.080+0000] {logging_mixin.py:188} INFO - [2026-10-09T12:21:11.080+0000] {dagbag.py:538} INFO - Filling up the DagBag from /opt/airflow/dags/fx_rates_dag.py
[2026-10-09T12:21:11.095+0000] {processor.py:840} INFO - DAG(s) 'fx_rates_dag' retrieved from /opt/airflow/dags/fx_rates_dag.py
[2026-10-09T12:21:11.112+0000] {logging_mixin.py:188} INFO - [2026-10-09T12:21:11.112+0000] {dag.py:3036} INFO - Sync 1 DAGs
[2026-10-09T12:21:11.127+0000] {logging_mixin.py:188} INFO - [2026-10-09T12:21:11.127+0000] {dag.py:3823} INFO - Setting next_dagrun for fx_rates_dag to 2026-10-09 08:30:00+00:00, run_after=2026-10-10 08:30:00+00:00
[2026-10-09T12:21:11.165+0000] {processor.py:183} INFO - Processing /opt/airflow/dags/fx_rates_dag.py took 0.090 seconds
[2026-10-09T12:21:41.363+0000] {processor.py:161} INFO - Started process (PID=592) to work on /opt/airflow/dags/fx_rates_dag.py
[2026-10-09T12:21:41.364+0000] {processor.py:830} INFO - Processing file /opt/airflow/dags/fx_rates_dag.py for tasks to queue
[2026-10-09T12:21:41.365+0000] {logging_mixin.py:188} INFO - [2026-10-09T12:21:41.365+0000] {dagbag.py:538} INFO - Filling up the DagBag from /opt/airflow/dags/fx_rates_dag.py
[2026-10-09T12:21:41.389+0000] {processor.py:840} INFO - DAG(s) 'fx_rates_dag' retrieved from /opt/airflow/dags/fx_rates_dag.py
[2026-10-09T12:21:41.410+0000] {logging_mixin.py:188} INFO - [2026-10-09T12:21:41.410+0000] {dag.py:3036} INFO - Sync 1 DAGs
[2026-10-09T12:21:41.424+0000] {logging_mixin.py:188} INFO - [2026-10-09T12:21:41.423+0000] {dag.py:3823} INFO - Setting next_dagrun for fx_rates_dag to 2026-10-09 08:30:00+00:00, run_after=2026-10-10 08:30:00+00:00
[2026-10-09T12:21:41.465+0000] {processor.py:183} INFO - Processing /opt/airflow/dags/fx_rates_dag.py took 0.104 seconds
[2026-10-09T12:22:11.614+0000] {processor.py:161} INFO - Started process (PID=593) to work on /opt/airflow/dags/fx_rates_dag.py
[2026-10-09T12:22:11.618+0000] {processor.py:830} INFO - Processing file /opt/airflow/dags/fx_rates_dag.py for tasks to queue
[2026-10-09T12:22:11.621+0000] {logging_mixin.py:188} INFO - [2026-10-09T12:22:11.620+0000] {dagbag.py:538} INFO - Filling up the DagBag from /opt/airflow/dags/fx_rates_dag.py
[2026-10-09T12:22:11.667+0000] {processor.py:840} INFO - DAG(s) 'fx_rates_dag' retrieved from /opt/airflow/dags/fx_rates_dag.py
[2026-10-09T12:22:11.702+0000] {logging_mixin.py:188} INFO - [2026-10-09T12:22:11.702+0000] {dag.py:3036} INFO - Sync 1 DAGs
[2026-10-09T12:22:11.716+0000] {logging_mixin.py:188} INFO - [2026-10-09T12:22:11.716+0000] {dag.py:3823} INFO - Setting next_dagrun for fx_rates_dag to 2026-10-09 08:30:00+00:00, run_after=2026-10-10 08:30:00+00:00
[2026-10-09T12:22:11.754+0000] {processor.py:183} INFO - Processing /opt/airflow/dags/fx_rates_dag.py took 0.149 seconds
[2026-10-09T12:22:43.893+0000] {processor.py:161} INFO - Started process (PID=612) to work on /opt/airflow/dags/fx_rates_dag.py
[2026-10-09T12:22:43.894+0000] {processor.py:830} INFO - Processing file /opt/airflow/dags/fx_rates_dag.py for tasks to queue
[2026-10-09T12:22:43.895+0000] {logging_mixin.py:188} INFO - [2026-10-09T12:22:43.895+0000] {dagbag.py:538} INFO - Filling up the DagBag from /opt/airflow/dags/fx_rates_dag.py
[2026-10-09T12:22:43.913+0000] {processor.py:840} INFO - DAG(s) 'fx_rates_dag' retrieved from /opt/airflow/dags/fx_rates_dag.py
[2026-10-09T12:22:43.932+0000] {logging_mixin.py:188} INFO - [2026-10-09T12:22:43.932+0000] {dag.py:3036} INFO - Sync 1 DAGs
[2026-10-09T12:22:43.948+0000] {logging_mixin.py:188} INFO - [2026-10-09T12:22:43.948+0000] {dag.py:3823} INFO - Setting next_dagrun for fx_rates_dag to 2026-10-09 08:30:00+00:00, run_after=2026-10-10 08:30:00+00:00
[2026-10-09T12:22:43.986+0000] {processor.py:183} INFO - Processing /opt/airflow/dags/fx_rates_dag.py took 0.096 seconds
[2026-10-09T12:23:14.349+0000] {processor.py:161} INFO - Started process (PID=613) to work on /opt/airflow/dags/fx_rates_dag.py
[2026-10-09T12:23:14.350+0000] {processor.py:830} INFO - Processing file /opt/airflow/dags/fx_rates_dag.py for tasks to queue
[2026-10-09T12:23:14.351+0000] {logging_mixin.py:188} INFO - [2026-10-09T12:23:14.351+0000] {dagbag.py:538} INFO - Filling up the DagBag from /opt/airflow/dags/fx_rates_dag.py
[2026-10-09T12:23:14.366+0000] {processor.py:840} INFO - DAG(s) 'fx_rates_dag' retrieved from /opt/airflow/dags/fx_rates_dag.py
[2026-10-09T12:23:14.382+0000] {logging_mixin.py:188} INFO - [2026-10-09T12:23:14.382+0000] {dag.py:3036} INFO - Sync 1 DAGs
[2026-10-09T12:23:14.396+0000] {logging_mixin.py:188} INFO - [2026-10-09T12:23:14.396+0000] {dag.py:3823} INFO - Setting next_dagrun for fx_rates_dag to 2026-10-09 08:30:00+00:00, run_after=2026-10-10 08:30:00+00:00
[2026-10-09T12:23:14.432+0000] {processor.py:183} INFO - Processing /opt/airflow/dags/fx_rates_dag.py took 0.085 seconds
[2026-10-09T12:23:45.046+0000] {processor.py:161} INFO - Started process (PID=614) to work on /opt/airflow/dags/fx_rates_dag.py
[2026-10-09T12:23:45.047+0000] {processor.py:830} INFO - Processing file /opt/airflow/dags/fx_rates_dag.py for tasks to queue
[2026-10-09T12:23:45.048+0000] {logging_mixin.py:188} INFO - [2026-10-09T12:23:45.048+0000] {dagbag.py:538} INFO - Filling up the DagBag from /opt/airflow/dags/fx_rates_dag.py
[2026-10-09T12:23:45.068+0000] {processor.py:840} INFO - DAG(s) 'fx_rates_dag' retrieved from /opt/airflow/dags/fx_rates_dag.py
[2026-10-09T12:23:45.088+0000] {logging_mixin.py:188} INFO - [2026-10-09T12:23:45.088+0000] {dag.py:3036} INFO - Sync 1 DAGs
[2026-10-09T12:23:45.102+0000] {logging_mixin.py:188} INFO - [2026-10-09T12:23:45.102+0000] {dag.py:3823} INFO - Setting next_dagrun for fx_rates_dag to 2026-10-09 08:30:00+00:00, run_after=2026-10-10 08:30:00+00:00
[2026-10-09T12:23:45.137+0000] {processor.py:183} INFO - Processing /opt/airflow/dags/fx_rates_dag.py took 0.093 seconds
[2026-10-09T12:24:15.575+0000] {processor.py:161} INFO - Started process (PID=615) to work on /opt/airflow/dags/fx_rates_dag.py
[2026-10-09T12:24:15.576+0000] {processor.py:830} INFO - Processing file /opt/airflow/dags/fx_rates_dag.py for tasks to queue
[2026-10-09T12:24:15.577+0000] {logging_mixin.py:188} INFO - [2026-10-09T12:24:15.576+0000] {dagbag.py:538} INFO - Filling up the DagBag from /opt/airflow/dags/fx_rates_dag.py
[2026-10-09T12:24:15.592+0000] {processor.py:840} INFO - DAG(s) 'fx_rates_dag' retrieved from /opt/airflow/dags/fx_rates_dag.py
[2026-10-09T12:24:15.608+0000] {logging_mixin.py:188} INFO - [2026-10-09T12:24:15.608+0000] {dag.py:3036} INFO - Sync 1 DAGs
[2026-10-09T12:24:15.622+0000] {logging_mixin.py:188} INFO - [2026-10-09T12:24:15.622+0000] {dag.py:3823} INFO - Setting next_dagrun for fx_rates_dag to 2026-10-09 08:30:00+00:00, run_after=2026-10-10 08:30:00+00:00
[2026-10-09T12:24:15.659+0000] {processor.py:183} INFO - Processing /opt/airflow/dags/fx_rates_dag.py took 0.085 seconds
[2026-10-09T12:24:45.769+0000] {processor.py:161} INFO - Started process (PID=616) to work on /opt/airflow/dags/fx_rates_dag.py
[2026-10-09T12:24:45.769+0000] {processor.py:830} INFO - Processing file /opt/airflow/dags/fx_rates_dag.py for tasks to queue
[2026-10-09T12:24:45.770+0000] {logging_mixin.py:188} INFO - [2026-10-09T12:24:45.770+0000] {dagbag.py:538} INFO - Filling up the DagBag from /opt/airflow/dags/fx_rates_dag.py
[2026-10-09T12:24:45.785+0000] {processor.py:840} INFO - DAG(s) 'fx_rates_dag' retrieved from /opt/airflow/dags/fx_rates_dag.py
[2026-10-09T12:24:45.801+0000] {logging_mixin.py:188} INFO - [2026-10-09T12:24:45.800+0000] {dag.py:3036} INFO - Sync 1 DAGs
[2026-10-09T12:24:45.814+0000] {logging_mixin.py:188} INFO - [2026-10-09T12:24:45.814+0000] {dag.py:3823} INFO - Setting next_dagrun for fx_rates_dag to 2026-10-09 08:30:00+00:00, run_after=2026-10-10 08:30:00+00:00
[2026-10-09T12:24:45.851+0000] {processor.py:183} INFO - Processing /opt/airflow/dags/fx_rates_dag.py took 0.084 seconds
[2026-10-09T12:25:15.997+0000] {processor.py:161} INFO - Started process (PID=617) to work on /opt/airflow/dags/fx_rates_dag.py
[2026-10-09T12:25:15.998+0000] {processor.py:830} INFO - Processing file /opt/airflow/dags/fx_rates_dag.py for tasks to queue
[2026-10-09T12:25:15.999+0000] {logging_mixin.py:188} INFO - [2026-10-09T12:25:15.999+0000] {dagbag.py:538} INFO - Filling up the DagBag from /opt/airflow/dags/fx_rates_dag.py
[2026-10-09T12:25:16.017+0000] {processor.py:840} INFO - DAG(s) 'fx_rates_dag' retrieved from /opt/airflow/dags/fx_rates_dag.py
[2026-10-09T12:25:16.036+0000] {logging_mixin.py:188} INFO - [2026-10-09T12:25:16.036+0000] {dag.py:3036} INFO - Sync 1 DAGs
[2026-10-09T12:25:16.051+0000] {logging_mixin.py:188} INFO - [2026-10-09T12:25:16.051+0000] {dag.py:3823} INFO - Setting next_dagrun for fx_rates_dag to 2026-10-09 08:30:00+00:00, run_after=2026-10-10 08:30:00+00:00
[2026-10-09T12:25:16.091+0000] {processor.py:183} INFO - Processing /opt/airflow/dags/fx_rates_dag.py took 0.096 seconds
[2026-10-09T12:25:46.224+0000] {processor.py:161} INFO - Started process (PID=618) to work on /opt/airflow/dags/fx_rates_dag.py
[2026-10-09T12:25:46.224+0000] {processor.py:830} INFO - Processing file /opt/airflow/dags/fx_rates_dag.py for tasks to queue
[2026-10-09T12:25:46.225+0000] {logging_mixin.py:188} INFO - [2026-10-09T12:25:46.225+0000] {dagbag.py:538} INFO - Filling up the DagBag from /opt/airflow/dags/fx_rates_dag.py
[2026-10-09T12:25:46.241+0000] {processor.py:840} INFO - DAG(s) 'fx_rates_dag' retrieved from /opt/airflow/dags/fx_rates_dag.py
[2026-10-09T12:25:46.256+0000] {logging_mixin.py:188} INFO - [2026-10-09T12:25:46.256+0000] {dag.py:3036} INFO - Sync 1 DAGs
[2026-10-09T12:25:46.270+0000] {logging_mixin.py:188} INFO - [2026-10-09T12:25:46.270+0000] {dag.py:3823} INFO - Setting next_dagrun for fx_rates_dag to 2026-10-09 08:30:00+00:00, run_after=2026-10-10 08:30:00+00:00
[2026-10-09T12:25:46.309+0000] {processor.py:183} INFO - Processing /opt/airflow/dags/fx_rates_dag.py took 0.087 seconds
[2026-10-09T12:26:16.451+0000] {processor.py:161} INFO - Started process (PID=637) to work on /opt/airflow/dags/fx_rates_dag.py
[2026-10-09T12:26:16.451+0000] {processor.py:830} INFO - Processing file /opt/airflow/dags/fx_rates_dag.py for tasks to queue
[2026-10-09T12:26:16.452+0000] {logging_mixin.py:188} INFO - [2026-10-09T12:26:16.452+0000] {dagbag.py:538} INFO - Filling up the DagBag from /opt/airflow/dags/fx_rates_dag.py
[2026-10-09T12:26:16.468+0000] {processor.py:840} INFO - DAG(s) 'fx_rates_dag' retrieved from /opt/airflow/dags/fx_rates_dag.py
[2026-10-09T12:26:16.483+0000] {logging_mixin.py:188} INFO - [2026-10-09T12:26:16.483+0000] {dag.py:3036} INFO - Sync 1 DAGs
[2026-10-09T12:26:16.497+0000] {logging_mixin.py:188} INFO - [2026-10-09T12:26:16.497+0000] {dag.py:3823} INFO - Setting next_dagrun for fx_rates_dag to 2026-10-09 08:30:00+00:00, run_after=2026-10-10 08:30:00+00:00
[2026-10-09T12:26:16.535+0000] {processor.py:183} INFO - Processing /opt/airflow/dags/fx_rates_dag.py took 0.086 seconds
[2026-10-09T12:26:46.845+0000] {processor.py:161} INFO - Started process (PID=638) to work on /opt/airflow/dags/fx_rates_dag.py
[2026-10-09T12:26:46.846+0000] {processor.py:830} INFO - Processing file /opt/airflow/dags/fx_rates_dag.py for tasks to queue
[2026-10-09T12:26:46.847+0000] {logging_mixin.py:188} INFO - [2026-10-09T12:26:46.847+0000] {dagbag.py:538} INFO - Filling up the DagBag from /opt/airflow/dags/fx_rates_dag.py
[2026-10-09T12:26:46.866+0000] {processor.py:840} INFO - DAG(s) 'fx_rates_dag' retrieved from /opt/airflow/dags/fx_rates_dag.py
[2026-10-09T12:26:46.886+0000] {logging_mixin.py:188} INFO - [2026-10-09T12:26:46.886+0000] {dag.py:3036} INFO - Sync 1 DAGs
[2026-10-09T12:26:46.900+0000] {logging_mixin.py:188} INFO - [2026-10-09T12:26:46.900+0000] {dag.py:3823} INFO - Setting next_dagrun for fx_rates_dag to 2026-10-09 08:30:00+00:00, run_after=2026-10-10 08:30:00+00:00
[2026-10-09T12:26:46.936+0000] {processor.py:183} INFO - Processing /opt/airflow/dags/fx_rates_dag.py took 0.093 seconds
[2026-10-09T12:27:17.430+0000] {processor.py:161} INFO - Started process (PID=639) to work on /opt/airflow/dags/fx_rates_dag.py
[2026-10-09T12:27:17.431+0000] {processor.py:830} INFO - Processing file /opt/airflow/dags/fx_rates_dag.py for tasks to queue
[2026-10-09T12:27:17.432+0000] {logging_mixin.py:188} INFO - [2026-10-09T12:27:17.432+0000] {dagbag.py:538} INFO - Filling up the DagBag from /opt/airflow/dags/fx_rates_dag.py
[2026-10-09T12:27:17.448+0000] {processor.py:840} INFO - DAG(s) 'fx_rates_dag' retrieved from /opt/airflow/dags/fx_rates_dag.py
[2026-10-09T12:27:17.463+0000] {logging_mixin.py:188} INFO - [2026-10-09T12:27:17.463+0000] {dag.py:3036} INFO - Sync 1 DAGs
[2026-10-09T12:27:17.477+0000] {logging_mixin.py:188} INFO - [2026-10-09T12:27:17.476+0000] {dag.py:3823} INFO - Setting next_dagrun for fx_rates_dag to 2026-10-09 08:30:00+00:00, run_after=2026-10-10 08:30:00+00:00
[2026-10-09T12:27:17.519+0000] {processor.py:183} INFO - Processing /opt/airflow/dags/fx_rates_dag.py took 0.090 seconds
[2026-10-09T12:27:47.987+0000] {processor.py:161} INFO - Started process (PID=658) to work on /opt/airflow/dags/fx_rates_dag.py
[2026-10-09T12:27:47.988+0000] {processor.py:830} INFO - Processing file /opt/airflow/dags/fx_rates_dag.py for tasks to queue
[2026-10-09T12:27:47.989+0000] {logging_mixin.py:188} INFO - [2026-10-09T12:27:47.989+0000] {dagbag.py:538} INFO - Filling up the DagBag from /opt/airflow/dags/fx_rates_dag.py
[2026-10-09T12:27:48.005+0000] {processor.py:840} INFO - DAG(s) 'fx_rates_dag' retrieved from /opt/airflow/dags/fx_rates_dag.py
[2026-10-09T12:27:48.023+0000] {logging_mixin.py:188} INFO - [2026-10-09T12:27:48.023+0000] {dag.py:3036} INFO - Sync 1 DAGs
[2026-10-09T12:27:48.038+0000] {logging_mixin.py:188} INFO - [2026-10-09T12:27:48.038+0000] {dag.py:3823} INFO - Setting next_dagrun for fx_rates_dag to 2026-10-09 08:30:00+00:00, run_after=2026-10-10 08:30:00+00:00
[2026-10-09T12:27:48.077+0000] {processor.py:183} INFO - Processing /opt/airflow/dags/fx_rates_dag.py took 0.091 seconds
[2026-10-09T12:28:18.449+0000] {processor.py:161} INFO - Started process (PID=659) to work on /opt/airflow/dags/fx_rates_dag.py
[2026-10-09T12:28:18.450+0000] {processor.py:830} INFO - Processing file /opt/airflow/dags/fx_rates_dag.py for tasks to queue
[2026-10-09T12:28:18.452+0000] {logging_mixin.py:188} INFO - [2026-10-09T12:28:18.451+0000] {dagbag.py:538} INFO - Filling up the DagBag from /opt/airflow/dags/fx_rates_dag.py
[2026-10-09T12:28:18.466+0000] {processor.py:840} INFO - DAG(s) 'fx_rates_dag' retrieved from /opt/airflow/dags/fx_rates_dag.py
[2026-10-09T12:28:18.482+0000] {logging_mixin.py:188} INFO - [2026-10-09T12:28:18.481+0000] {dag.py:3036} INFO - Sync 1 DAGs
[2026-10-09T12:28:18.495+0000] {logging_mixin.py:188} INFO - [2026-10-09T12:28:18.495+0000] {dag.py:3823} INFO - Setting next_dagrun for fx_rates_dag to 2026-10-09 08:30:00+00:00, run_after=2026-10-10 08:30:00+00:00
[2026-10-09T12:28:18.530+0000] {processor.py:183} INFO - Processing /opt/airflow/dags/fx_rates_dag.py took 0.083 seconds
[2026-10-09T12:28:48.835+0000] {processor.py:161} INFO - Started process (PID=660) to work on /opt/airflow/dags/fx_rates_dag.py
[2026-10-09T12:28:48.836+0000] {processor.py:830} INFO - Processing file /opt/airflow/dags/fx_rates_dag.py for tasks to queue
[2026-10-09T12:28:48.837+0000] {logging_mixin.py:188} INFO - [2026-10-09T12:28:48.837+0000] {dagbag.py:538} INFO - Filling up the DagBag from /opt/airflow/dags/fx_rates_dag.py
[2026-10-09T12:28:48.857+0000] {processor.py:840} INFO - DAG(s) 'fx_rates_dag' retrieved from /opt/airflow/dags/fx_rates_dag.py
[2026-10-09T12:28:48.877+0000] {logging_mixin.py:188} INFO - [2026-10-09T12:28:48.876+0000] {dag.py:3036} INFO - Sync 1 DAGs
[2026-10-09T12:28:48.891+0000] {logging_mixin.py:188} INFO - [2026-10-09T12:28:48.890+0000] {dag.py:3823} INFO - Setting next_dagrun for fx_rates_dag to 2026-10-09 08:30:00+00:00, run_after=2026-10-10 08:30:00+00:00
[2026-10-09T12:28:48.974+0000] {processor.py:183} INFO - Processing /opt/airflow/dags/fx_rates_dag.py took 0.141 seconds
[2026-10-09T12:29:19.287+0000] {processor.py:161} INFO - Started process (PID=661) to work on /opt/airflow/dags/fx_rates_dag.py
[2026-10-09T12:29:19.288+0000] {processor.py:830} INFO - Processing file /opt/airflow/dags/fx_rates_dag.py for tasks to queue
[2026-10-09T12:29:19.288+0000] {logging_mixin.py:188} INFO - [2026-10-09T12:29:19.288+0000] {dagbag.py:538} INFO - Filling up the DagBag from /opt/airflow/dags/fx_rates_dag.py
[2026-10-09T12:29:19.303+0000] {processor.py:840} INFO - DAG(s) 'fx_rates_dag' retrieved from /opt/airflow/dags/fx_rates_dag.py
[2026-10-09T12:29:19.319+0000] {logging_mixin.py:188} INFO - [2026-10-09T12:29:19.319+0000] {dag.py:3036} INFO - Sync 1 DAGs
[2026-10-09T12:29:19.332+0000] {logging_mixin.py:188} INFO - [2026-10-09T12:29:19.332+0000] {dag.py:3823} INFO - Setting next_dagrun for fx_rates_dag to 2026-10-09 08:30:00+00:00, run_after=2026-10-10 08:30:00+00:00
[2026-10-09T12:29:19.367+0000] {processor.py:183} INFO - Processing /opt/airflow/dags/fx_rates_dag.py took 0.082 seconds
[2026-10-09T12:29:49.680+0000] {processor.py:161} INFO - Started process (PID=662) to work on /opt/airflow/dags/fx_rates_dag.py
[2026-10-09T12:29:49.681+0000] {processor.py:830} INFO - Processing file /opt/airflow/dags/fx_rates_dag.py for tasks to queue
[2026-10-09T12:29:49.681+0000] {logging_mixin.py:188} INFO - [2026-10-09T12:29:49.681+0000] {dagbag.py:538} INFO - Filling up the DagBag from /opt/airflow/dags/fx_rates_dag.py
[2026-10-09T12:29:49.700+0000] {processor.py:840} INFO - DAG(s) 'fx_rates_dag' retrieved from /opt/airflow/dags/fx_rates_dag.py
[2026-10-09T12:29:49.719+0000] {logging_mixin.py:188} INFO - [2026-10-09T12:29:49.719+0000] {dag.py:3036} INFO - Sync 1 DAGs
[2026-10-09T12:29:49.734+0000] {logging_mixin.py:188} INFO - [2026-10-09T12:29:49.734+0000] {dag.py:3823} INFO - Setting next_dagrun for fx_rates_dag to 2026-10-09 08:30:00+00:00, run_after=2026-10-10 08:30:00+00:00
[2026-10-09T12:29:49.771+0000] {processor.py:183} INFO - Processing /opt/airflow/dags/fx_rates_dag.py took 0.093 seconds
[2026-10-09T12:30:20.140+0000] {processor.py:161} INFO - Started process (PID=663) to work on /opt/airflow/dags/fx_rates_dag.py
[2026-10-09T12:30:20.142+0000] {processor.py:830} INFO - Processing file /opt/airflow/dags/fx_rates_dag.py for tasks to queue
[2026-10-09T12:30:20.145+0000] {logging_mixin.py:188} INFO - [2026-10-09T12:30:20.144+0000] {dagbag.py:538} INFO - Filling up the DagBag from /opt/airflow/dags/fx_rates_dag.py
[2026-10-09T12:30:20.183+0000] {processor.py:840} INFO - DAG(s) 'fx_rates_dag' retrieved from /opt/airflow/dags/fx_rates_dag.py
[2026-10-09T12:30:20.213+0000] {logging_mixin.py:188} INFO - [2026-10-09T12:30:20.213+0000] {dag.py:3036} INFO - Sync 1 DAGs
[2026-10-09T12:30:20.244+0000] {logging_mixin.py:188} INFO - [2026-10-09T12:30:20.244+0000] {dag.py:3823} INFO - Setting next_dagrun for fx_rates_dag to 2026-10-09 08:30:00+00:00, run_after=2026-10-10 08:30:00+00:00
[2026-10-09T12:30:20.284+0000] {processor.py:183} INFO - Processing /opt/airflow/dags/fx_rates_dag.py took 0.151 seconds
[2026-10-09T12:30:50.589+0000] {processor.py:161} INFO - Started process (PID=664) to work on /opt/airflow/dags/fx_rates_dag.py
[2026-10-09T12:30:50.590+0000] {processor.py:830} INFO - Processing file /opt/airflow/dags/fx_rates_dag.py for tasks to queue
[2026-10-09T12:30:50.591+0000] {logging_mixin.py:188} INFO - [2026-10-09T12:30:50.591+0000] {dagbag.py:538} INFO - Filling up the DagBag from /opt/airflow/dags/fx_rates_dag.py
[2026-10-09T12:30:50.609+0000] {processor.py:840} INFO - DAG(s) 'fx_rates_dag' retrieved from /opt/airflow/dags/fx_rates_dag.py
[2026-10-09T12:30:50.627+0000] {logging_mixin.py:188} INFO - [2026-10-09T12:30:50.627+0000] {dag.py:3036} INFO - Sync 1 DAGs
[2026-10-09T12:30:50.641+0000] {logging_mixin.py:188} INFO - [2026-10-09T12:30:50.641+0000] {dag.py:3823} INFO - Setting next_dagrun for fx_rates_dag to 2026-10-09 08:30:00+00:00, run_after=2026-10-10 08:30:00+00:00
[2026-10-09T12:30:50.678+0000] {processor.py:183} INFO - Processing /opt/airflow/dags/fx_rates_dag.py took 0.090 seconds
[2026-10-09T12:31:21.028+0000] {processor.py:161} INFO - Started process (PID=665) to work on /opt/airflow/dags/fx_rates_dag.py
[2026-10-09T12:31:21.032+0000] {processor.py:830} INFO - Processing file /opt/airflow/dags/fx_rates_dag.py for tasks to queue
[2026-10-09T12:31:21.036+0000] {logging_mixin.py:188} INFO - [2026-10-09T12:31:21.034+0000] {dagbag.py:538} INFO - Filling up the DagBag from /opt/airflow/dags/fx_rates_dag.py
[2026-10-09T12:31:21.085+0000] {processor.py:840} INFO - DAG(s) 'fx_rates_dag' retrieved from /opt/airflow/dags/fx_rates_dag.py
[2026-10-09T12:31:21.107+0000] {logging_mixin.py:188} INFO - [2026-10-09T12:31:21.107+0000] {dag.py:3036} INFO - Sync 1 DAGs
[2026-10-09T12:31:21.121+0000] {logging_mixin.py:188} INFO - [2026-10-09T12:31:21.121+0000] {dag.py:3823} INFO - Setting next_dagrun for fx_rates_dag to 2026-10-09 08:30:00+00:00, run_after=2026-10-10 08:30:00+00:00
[2026-10-09T12:31:21.158+0000] {processor.py:183} INFO - Processing /opt/airflow/dags/fx_rates_dag.py took 0.148 seconds
[2026-10-09T12:31:51.471+0000] {processor.py:161} INFO - Started process (PID=666) to work on /opt/airflow/dags/fx_rates_dag.py
[2026-10-09T12:31:51.472+0000] {processor.py:830} INFO - Processing file /opt/airflow/dags/fx_rates_dag.py for tasks to queue
[2026-10-09T12:31:51.473+0000] {logging_mixin.py:188} INFO - [2026-10-09T12:31:51.473+0000] {dagbag.py:538} INFO - Filling up the DagBag from /opt/airflow/dags/fx_rates_dag.py
[2026-10-09T12:31:51.489+0000] {processor.py:840} INFO - DAG(s) 'fx_rates_dag' retrieved from /opt/airflow/dags/fx_rates_dag.py
[2026-10-09T12:31:51.506+0000] {logging_mixin.py:188} INFO - [2026-10-09T12:31:51.506+0000] {dag.py:3036} INFO - Sync 1 DAGs
[2026-10-09T12:31:51.529+0000] {logging_mixin.py:188} INFO - [2026-10-09T12:31:51.529+0000] {dag.py:3823} INFO - Setting next_dagrun for fx_rates_dag to 2026-10-09 08:30:00+00:00, run_after=2026-10-10 08:30:00+00:00
[2026-10-09T12:31:51.571+0000] {processor.py:183} INFO - Processing /opt/airflow/dags/fx_rates_dag.py took 0.102 seconds
[2026-10-09T12:32:21.764+0000] {processor.py:161} INFO - Started process (PID=667) to work on /opt/airflow/dags/fx_rates_dag.py
[2026-10-09T12:32:21.765+0000] {processor.py:830} INFO - Processing file /opt/airflow/dags/fx_rates_dag.py for tasks to queue
[2026-10-09T12:32:21.766+0000] {logging_mixin.py:188} INFO - [2026-10-09T12:32:21.766+0000] {dagbag.py:538} INFO - Filling up the DagBag from /opt/airflow/dags/fx_rates_dag.py
[2026-10-09T12:32:21.784+0000] {processor.py:840} INFO - DAG(s) 'fx_rates_dag' retrieved from /opt/airflow/dags/fx_rates_dag.py
[2026-10-09T12:32:21.802+0000] {logging_mixin.py:188} INFO - [2026-10-09T12:32:21.802+0000] {dag.py:3036} INFO - Sync 1 DAGs
[2026-10-09T12:32:21.817+0000] {logging_mixin.py:188} INFO - [2026-10-09T12:32:21.817+0000] {dag.py:3823} INFO - Setting next_dagrun for fx_rates_dag to 2026-10-09 08:30:00+00:00, run_after=2026-10-10 08:30:00+00:00
[2026-10-09T12:32:21.854+0000] {processor.py:183} INFO - Processing /opt/airflow/dags/fx_rates_dag.py took 0.092 seconds
[2026-10-09T12:32:52.088+0000] {processor.py:161} INFO - Started process (PID=668) to work on /opt/airflow/dags/fx_rates_dag.py
[2026-10-09T12:32:52.089+0000] {processor.py:830} INFO - Processing file /opt/airflow/dags/fx_rates_dag.py for tasks to queue
[2026-10-09T12:32:52.090+0000] {logging_mixin.py:188} INFO - [2026-10-09T12:32:52.090+0000] {dagbag.py:538} INFO - Filling up the DagBag from /opt/airflow/dags/fx_rates_dag.py
[2026-10-09T12:32:52.105+0000] {processor.py:840} INFO - DAG(s) 'fx_rates_dag' retrieved from /opt/airflow/dags/fx_rates_dag.py
[2026-10-09T12:32:52.124+0000] {logging_mixin.py:188} INFO - [2026-10-09T12:32:52.124+0000] {dag.py:3036} INFO - Sync 1 DAGs
[2026-10-09T12:32:52.144+0000] {logging_mixin.py:188} INFO - [2026-10-09T12:32:52.144+0000] {dag.py:3823} INFO - Setting next_dagrun for fx_rates_dag to 2026-10-09 08:30:00+00:00, run_after=2026-10-10 08:30:00+00:00
[2026-10-09T12:32:52.182+0000] {processor.py:183} INFO - Processing /opt/airflow/dags/fx_rates_dag.py took 0.096 seconds
[2026-10-09T12:33:22.417+0000] {processor.py:161} INFO - Started process (PID=669) to work on /opt/airflow/dags/fx_rates_dag.py
[2026-10-09T12:33:22.418+0000] {processor.py:830} INFO - Processing file /opt/airflow/dags/fx_rates_dag.py for tasks to queue
[2026-10-09T12:33:22.419+0000] {logging_mixin.py:188} INFO - [2026-10-09T12:33:22.419+0000] {dagbag.py:538} INFO - Filling up the DagBag from /opt/airflow/dags/fx_rates_dag.py
[2026-10-09T12:33:22.434+0000] {processor.py:840} INFO - DAG(s) 'fx_rates_dag' retrieved from /opt/airflow/dags/fx_rates_dag.py
[2026-10-09T12:33:22.458+0000] {logging_mixin.py:188} INFO - [2026-10-09T12:33:22.458+0000] {dag.py:3036} INFO - Sync 1 DAGs
[2026-10-09T12:33:22.471+0000] {logging_mixin.py:188} INFO - [2026-10-09T12:33:22.471+0000] {dag.py:3823} INFO - Setting next_dagrun for fx_rates_dag to 2026-10-09 08:30:00+00:00, run_after=2026-10-10 08:30:00+00:00
[2026-10-09T12:33:22.510+0000] {processor.py:183} INFO - Processing /opt/airflow/dags/fx_rates_dag.py took 0.094 seconds
[2026-10-09T12:33:52.743+0000] {processor.py:161} INFO - Started process (PID=670) to work on /opt/airflow/dags/fx_rates_dag.py
[2026-10-09T12:33:52.744+0000] {processor.py:830} INFO - Processing file /opt/airflow/dags/fx_rates_dag.py for tasks to queue
[2026-10-09T12:33:52.745+0000] {logging_mixin.py:188} INFO - [2026-10-09T12:33:52.745+0000] {dagbag.py:538} INFO - Filling up the DagBag from /opt/airflow/dags/fx_rates_dag.py
[2026-10-09T12:33:52.760+0000] {processor.py:840} INFO - DAG(s) 'fx_rates_dag' retrieved from /opt/airflow/dags/fx_rates_dag.py
[2026-10-09T12:33:52.776+0000] {logging_mixin.py:188} INFO - [2026-10-09T12:33:52.776+0000] {dag.py:3036} INFO - Sync 1 DAGs
[2026-10-09T12:33:52.790+0000] {logging_mixin.py:188} INFO - [2026-10-09T12:33:52.789+0000] {dag.py:3823} INFO - Setting next_dagrun for fx_rates_dag to 2026-10-09 08:30:00+00:00, run_after=2026-10-10 08:30:00+00:00
[2026-10-09T12:33:52.827+0000] {processor.py:183} INFO - Processing /opt/airflow/dags/fx_rates_dag.py took 0.086 seconds
[2026-10-09T12:34:22.968+0000] {processor.py:161} INFO - Started process (PID=671) to work on /opt/airflow/dags/fx_rates_dag.py
[2026-10-09T12:34:22.969+0000] {processor.py:830} INFO - Processing file /opt/airflow/dags/fx_rates_dag.py for tasks to queue
[2026-10-09T12:34:22.970+0000] {logging_mixin.py:188} INFO - [2026-10-09T12:34:22.969+0000] {dagbag.py:538} INFO - Filling up the DagBag from /opt/airflow/dags/fx_rates_dag.py
[2026-10-09T12:34:22.985+0000] {processor.py:840} INFO - DAG(s) 'fx_rates_dag' retrieved from /opt/airflow/dags/fx_rates_dag.py
[2026-10-09T12:34:23.001+0000] {logging_mixin.py:188} INFO - [2026-10-09T12:34:23.001+0000] {dag.py:3036} INFO - Sync 1 DAGs
[2026-10-09T12:34:23.015+0000] {logging_mixin.py:188} INFO - [2026-10-09T12:34:23.015+0000] {dag.py:3823} INFO - Setting next_dagrun for fx_rates_dag to 2026-10-09 08:30:00+00:00, run_after=2026-10-10 08:30:00+00:00
[2026-10-09T12:34:23.053+0000] {processor.py:183} INFO - Processing /opt/airflow/dags/fx_rates_dag.py took 0.086 seconds
[2026-10-09T12:34:53.084+0000] {processor.py:161} INFO - Started process (PID=672) to work on /opt/airflow/dags/fx_rates_dag.py
[2026-10-09T12:34:53.085+0000] {processor.py:830} INFO - Processing file /opt/airflow/dags/fx_rates_dag.py for tasks to queue
[2026-10-09T12:34:53.086+0000] {logging_mixin.py:188} INFO - [2026-10-09T12:34:53.085+0000] {dagbag.py:538} INFO - Filling up the DagBag from /opt/airflow/dags/fx_rates_dag.py
[2026-10-09T12:34:53.103+0000] {processor.py:840} INFO - DAG(s) 'fx_rates_dag' retrieved from /opt/airflow/dags/fx_rates_dag.py
[2026-10-09T12:34:53.121+0000] {logging_mixin.py:188} INFO - [2026-10-09T12:34:53.120+0000] {dag.py:3036} INFO - Sync 1 DAGs
[2026-10-09T12:34:53.138+0000] {logging_mixin.py:188} INFO - [2026-10-09T12:34:53.138+0000] {dag.py:3823} INFO - Setting next_dagrun for fx_rates_dag to 2026-10-09 08:30:00+00:00, run_after=2026-10-10 08:30:00+00:00
[2026-10-09T12:34:53.176+0000] {processor.py:183} INFO - Processing /opt/airflow/dags/fx_rates_dag.py took 0.095 seconds
[2026-10-09T12:35:23.432+0000] {processor.py:161} INFO - Started process (PID=673) to work on /opt/airflow/dags/fx_rates_dag.py
[2026-10-09T12:35:23.432+0000] {processor.py:830} INFO - Processing file /opt/airflow/dags/fx_rates_dag.py for tasks to queue
[2026-10-09T12:35:23.433+0000] {logging_mixin.py:188} INFO - [2026-10-09T12:35:23.433+0000] {dagbag.py:538} INFO - Filling up the DagBag from /opt/airflow/dags/fx_rates_dag.py
[2026-10-09T12:35:23.449+0000] {processor.py:840} INFO - DAG(s) 'fx_rates_dag' retrieved from /opt/airflow/dags/fx_rates_dag.py
[2026-10-09T12:35:23.466+0000] {logging_mixin.py:188} INFO - [2026-10-09T12:35:23.466+0000] {dag.py:3036} INFO - Sync 1 DAGs
[2026-10-09T12:35:23.480+0000] {logging_mixin.py:188} INFO - [2026-10-09T12:35:23.479+0000] {dag.py:3823} INFO - Setting next_dagrun for fx_rates_dag to 2026-10-09 08:30:00+00:00, run_after=2026-10-10 08:30:00+00:00
[2026-10-09T12:35:23.517+0000] {processor.py:183} INFO - Processing /opt/airflow/dags/fx_rates_dag.py took 0.087 seconds
[2026-10-09T12:35:53.660+0000] {processor.py:161} INFO - Started process (PID=674) to work on /opt/airflow/dags/fx_rates_dag.py
[2026-10-09T12:35:53.661+0000] {processor.py:830} INFO - Processing file /opt/airflow/dags/fx_rates_dag.py for tasks to queue
[2026-10-09T12:35:53.662+0000] {logging_mixin.py:188} INFO - [2026-10-09T12:35:53.662+0000] {dagbag.py:538} INFO - Filling up the DagBag from /opt/airflow/dags/fx_rates_dag.py
[2026-10-09T12:35:53.678+0000] {processor.py:840} INFO - DAG(s) 'fx_rates_dag' retrieved from /opt/airflow/dags/fx_rates_dag.py
[2026-10-09T12:35:53.694+0000] {logging_mixin.py:188} INFO - [2026-10-09T12:35:53.694+0000] {dag.py:3036} INFO - Sync 1 DAGs
[2026-10-09T12:35:53.708+0000] {logging_mixin.py:188} INFO - [2026-10-09T12:35:53.708+0000] {dag.py:3823} INFO - Setting next_dagrun for fx_rates_dag to 2026-10-09 08:30:00+00:00, run_after=2026-10-10 08:30:00+00:00
[2026-10-09T12:35:53.747+0000] {processor.py:183} INFO - Processing /opt/airflow/dags/fx_rates_dag.py took 0.089 seconds
[2026-10-09T12:36:23.890+0000] {processor.py:161} INFO - Started process (PID=675) to work on /opt/airflow/dags/fx_rates_dag.py
[2026-10-09T12:36:23.890+0000] {processor.py:830} INFO - Processing file /opt/airflow/dags/fx_rates_dag.py for tasks to queue
[2026-10-09T12:36:23.891+0000] {logging_mixin.py:188} INFO - [2026-10-09T12:36:23.891+0000] {dagbag.py:538} INFO - Filling up the DagBag from /opt/airflow/dags/fx_rates_dag.py
[2026-10-09T12:36:23.908+0000] {processor.py:840} INFO - DAG(s) 'fx_rates_dag' retrieved from /opt/airflow/dags/fx_rates_dag.py
[2026-10-09T12:36:23.926+0000] {logging_mixin.py:188} INFO - [2026-10-09T12:36:23.926+0000] {dag.py:3036} INFO - Sync 1 DAGs
[2026-10-09T12:36:23.940+0000] {logging_mixin.py:188} INFO - [2026-10-09T12:36:23.940+0000] {dag.py:3823} INFO - Setting next_dagrun for fx_rates_dag to 2026-10-09 08:30:00+00:00, run_after=2026-10-10 08:30:00+00:00
[2026-10-09T12:36:23.996+0000] {processor.py:183} INFO - Processing /opt/airflow/dags/fx_rates_dag.py took 0.108 seconds
[2026-10-09T12:36:54.212+0000] {processor.py:161} INFO - Started process (PID=676) to work on /opt/airflow/dags/fx_rates_dag.py
[2026-10-09T12:36:54.213+0000] {processor.py:830} INFO - Processing file /opt/airflow/dags/fx_rates_dag.py for tasks to queue
[2026-10-09T12:36:54.214+0000] {logging_mixin.py:188} INFO - [2026-10-09T12:36:54.214+0000] {dagbag.py:538} INFO - Filling up the DagBag from /opt/airflow/dags/fx_rates_dag.py
[2026-10-09T12:36:54.229+0000] {processor.py:840} INFO - DAG(s) 'fx_rates_dag' retrieved from /opt/airflow/dags/fx_rates_dag.py
[2026-10-09T12:36:54.245+0000] {logging_mixin.py:188} INFO - [2026-10-09T12:36:54.245+0000] {dag.py:3036} INFO - Sync 1 DAGs
[2026-10-09T12:36:54.259+0000] {logging_mixin.py:188} INFO - [2026-10-09T12:36:54.259+0000] {dag.py:3823} INFO - Setting next_dagrun for fx_rates_dag to 2026-10-09 08:30:00+00:00, run_after=2026-10-10 08:30:00+00:00
[2026-10-09T12:36:54.295+0000] {processor.py:183} INFO - Processing /opt/airflow/dags/fx_rates_dag.py took 0.085 seconds
[2026-10-09T12:37:24.439+0000] {processor.py:161} INFO - Started process (PID=677) to work on /opt/airflow/dags/fx_rates_dag.py
[2026-10-09T12:37:24.439+0000] {processor.py:830} INFO - Processing file /opt/airflow/dags/fx_rates_dag.py for tasks to queue
[2026-10-09T12:37:24.440+0000] {logging_mixin.py:188} INFO - [2026-10-09T12:37:24.440+0000] {dagbag.py:538} INFO - Filling up the DagBag from /opt/airflow/dags/fx_rates_dag.py
[2026-10-09T12:37:24.456+0000] {processor.py:840} INFO - DAG(s) 'fx_rates_dag' retrieved from /opt/airflow/dags/fx_rates_dag.py
[2026-10-09T12:37:24.471+0000] {logging_mixin.py:188} INFO - [2026-10-09T12:37:24.471+0000] {dag.py:3036} INFO - Sync 1 DAGs
[2026-10-09T12:37:24.485+0000] {logging_mixin.py:188} INFO - [2026-10-09T12:37:24.485+0000] {dag.py:3823} INFO - Setting next_dagrun for fx_rates_dag to 2026-10-09 08:30:00+00:00, run_after=2026-10-10 08:30:00+00:00
[2026-10-09T12:37:24.522+0000] {processor.py:183} INFO - Processing /opt/airflow/dags/fx_rates_dag.py took 0.086 seconds
[2026-10-09T12:37:54.663+0000] {processor.py:161} INFO - Started process (PID=678) to work on /opt/airflow/dags/fx_rates_dag.py
[2026-10-09T12:37:54.664+0000] {processor.py:830} INFO - Processing file /opt/airflow/dags/fx_rates_dag.py for tasks to queue
[2026-10-09T12:37:54.664+0000] {logging_mixin.py:188} INFO - [2026-10-09T12:37:54.664+0000] {dagbag.py:538} INFO - Filling up the DagBag from /opt/airflow/dags/fx_rates_dag.py
[2026-10-09T12:37:54.679+0000] {processor.py:840} INFO - DAG(s) 'fx_rates_dag' retrieved from /opt/airflow/dags/fx_rates_dag.py
[2026-10-09T12:37:54.695+0000] {logging_mixin.py:188} INFO - [2026-10-09T12:37:54.695+0000] {dag.py:3036} INFO - Sync 1 DAGs
[2026-10-09T12:37:54.709+0000] {logging_mixin.py:188} INFO - [2026-10-09T12:37:54.709+0000] {dag.py:3823} INFO - Setting next_dagrun for fx_rates_dag to 2026-10-09 08:30:00+00:00, run_after=2026-10-10 08:30:00+00:00
[2026-10-09T12:37:54.746+0000] {processor.py:183} INFO - Processing /opt/airflow/dags/fx_rates_dag.py took 0.085 seconds
[2026-10-09T12:38:24.844+0000] {processor.py:161} INFO - Started process (PID=679) to work on /opt/airflow/dags/fx_rates_dag.py
[2026-10-09T12:38:24.845+0000] {processor.py:830} INFO - Processing file /opt/airflow/dags/fx_rates_dag.py for tasks to queue
[2026-10-09T12:38:24.846+0000] {logging_mixin.py:188} INFO - [2026-10-09T12:38:24.845+0000] {dagbag.py:538} INFO - Filling up the DagBag from /opt/airflow/dags/fx_rates_dag.py
[2026-10-09T12:38:24.861+0000] {processor.py:840} INFO - DAG(s) 'fx_rates_dag' retrieved from /opt/airflow/dags/fx_rates_dag.py
[2026-10-09T12:38:24.877+0000] {logging_mixin.py:188} INFO - [2026-10-09T12:38:24.876+0000] {dag.py:3036} INFO - Sync 1 DAGs
[2026-10-09T12:38:24.891+0000] {logging_mixin.py:188} INFO - [2026-10-09T12:38:24.891+0000] {dag.py:3823} INFO - Setting next_dagrun for fx_rates_dag to 2026-10-09 08:30:00+00:00, run_after=2026-10-10 08:30:00+00:00
[2026-10-09T12:38:24.928+0000] {processor.py:183} INFO - Processing /opt/airflow/dags/fx_rates_dag.py took 0.086 seconds
[2026-10-09T12:38:55.071+0000] {processor.py:161} INFO - Started process (PID=680) to work on /opt/airflow/dags/fx_rates_dag.py
[2026-10-09T12:38:55.072+0000] {processor.py:830} INFO - Processing file /opt/airflow/dags/fx_rates_dag.py for tasks to queue
[2026-10-09T12:38:55.073+0000] {logging_mixin.py:188} INFO - [2026-10-09T12:38:55.072+0000] {dagbag.py:538} INFO - Filling up the DagBag from /opt/airflow/dags/fx_rates_dag.py
[2026-10-09T12:38:55.088+0000] {processor.py:840} INFO - DAG(s) 'fx_rates_dag' retrieved from /opt/airflow/dags/fx_rates_dag.py
[2026-10-09T12:38:55.105+0000] {logging_mixin.py:188} INFO - [2026-10-09T12:38:55.105+0000] {dag.py:3036} INFO - Sync 1 DAGs
[2026-10-09T12:38:55.120+0000] {logging_mixin.py:188} INFO - [2026-10-09T12:38:55.120+0000] {dag.py:3823} INFO - Setting next_dagrun for fx_rates_dag to 2026-10-09 08:30:00+00:00, run_after=2026-10-10 08:30:00+00:00
[2026-10-09T12:38:55.161+0000] {processor.py:183} INFO - Processing /opt/airflow/dags/fx_rates_dag.py took 0.091 seconds
[2026-10-09T12:39:25.395+0000] {processor.py:161} INFO - Started process (PID=681) to work on /opt/airflow/dags/fx_rates_dag.py
[2026-10-09T12:39:25.396+0000] {processor.py:830} INFO - Processing file /opt/airflow/dags/fx_rates_dag.py for tasks to queue
[2026-10-09T12:39:25.397+0000] {logging_mixin.py:188} INFO - [2026-10-09T12:39:25.397+0000] {dagbag.py:538} INFO - Filling up the DagBag from /opt/airflow/dags/fx_rates_dag.py
[2026-10-09T12:39:25.412+0000] {processor.py:840} INFO - DAG(s) 'fx_rates_dag' retrieved from /opt/airflow/dags/fx_rates_dag.py
[2026-10-09T12:39:25.427+0000] {logging_mixin.py:188} INFO - [2026-10-09T12:39:25.427+0000] {dag.py:3036} INFO - Sync 1 DAGs
[2026-10-09T12:39:25.440+0000] {logging_mixin.py:188} INFO - [2026-10-09T12:39:25.440+0000] {dag.py:3823} INFO - Setting next_dagrun for fx_rates_dag to 2026-10-09 08:30:00+00:00, run_after=2026-10-10 08:30:00+00:00
[2026-10-09T12:39:25.477+0000] {processor.py:183} INFO - Processing /opt/airflow/dags/fx_rates_dag.py took 0.084 seconds
[2026-10-09T12:39:55.617+0000] {processor.py:161} INFO - Started process (PID=682) to work on /opt/airflow/dags/fx_rates_dag.py
[2026-10-09T12:39:55.618+0000] {processor.py:830} INFO - Processing file /opt/airflow/dags/fx_rates_dag.py for tasks to queue
[2026-10-09T12:39:55.618+0000] {logging_mixin.py:188} INFO - [2026-10-09T12:39:55.618+0000] {dagbag.py:538} INFO - Filling up the DagBag from /opt/airflow/dags/fx_rates_dag.py
[2026-10-09T12:39:55.633+0000] {processor.py:840} INFO - DAG(s) 'fx_rates_dag' retrieved from /opt/airflow/dags/fx_rates_dag.py
[2026-10-09T12:39:55.649+0000] {logging_mixin.py:188} INFO - [2026-10-09T12:39:55.649+0000] {dag.py:3036} INFO - Sync 1 DAGs
[2026-10-09T12:39:55.663+0000] {logging_mixin.py:188} INFO - [2026-10-09T12:39:55.663+0000] {dag.py:3823} INFO - Setting next_dagrun for fx_rates_dag to 2026-10-09 08:30:00+00:00, run_after=2026-10-10 08:30:00+00:00
[2026-10-09T12:39:55.699+0000] {processor.py:183} INFO - Processing /opt/airflow/dags/fx_rates_dag.py took 0.084 seconds
[2026-10-09T12:40:25.839+0000] {processor.py:161} INFO - Started process (PID=683) to work on /opt/airflow/dags/fx_rates_dag.py
[2026-10-09T12:40:25.840+0000] {processor.py:830} INFO - Processing file /opt/airflow/dags/fx_rates_dag.py for tasks to queue
[2026-10-09T12:40:25.840+0000] {logging_mixin.py:188} INFO - [2026-10-09T12:40:25.840+0000] {dagbag.py:538} INFO - Filling up the DagBag from /opt/airflow/dags/fx_rates_dag.py
[2026-10-09T12:40:25.861+0000] {processor.py:840} INFO - DAG(s) 'fx_rates_dag' retrieved from /opt/airflow/dags/fx_rates_dag.py
[2026-10-09T12:40:25.878+0000] {logging_mixin.py:188} INFO - [2026-10-09T12:40:25.878+0000] {dag.py:3036} INFO - Sync 1 DAGs
[2026-10-09T12:40:25.893+0000] {logging_mixin.py:188} INFO - [2026-10-09T12:40:25.892+0000] {dag.py:3823} INFO - Setting next_dagrun for fx_rates_dag to 2026-10-09 08:30:00+00:00, run_after=2026-10-10 08:30:00+00:00
[2026-10-09T12:40:25.929+0000] {processor.py:183} INFO - Processing /opt/airflow/dags/fx_rates_dag.py took 0.092 seconds
[2026-10-09T13:02:13.024+0000] {processor.py:161} INFO - Started process (PID=75) to work on /opt/airflow/dags/fx_rates_dag.py
[2026-10-09T13:02:13.025+0000] {processor.py:830} INFO - Processing file /opt/airflow/dags/fx_rates_dag.py for tasks to queue
[2026-10-09T13:02:13.026+0000] {logging_mixin.py:188} INFO - [2026-10-09T13:02:13.026+0000] {dagbag.py:538} INFO - Filling up the DagBag from /opt/airflow/dags/fx_rates_dag.py
[2026-10-09T13:02:13.053+0000] {processor.py:840} INFO - DAG(s) 'fx_rates_dag' retrieved from /opt/airflow/dags/fx_rates_dag.py
[2026-10-09T13:02:13.175+0000] {logging_mixin.py:188} INFO - [2026-10-09T13:02:13.174+0000] {override.py:1769} INFO - Created Permission View: can read on DAG:fx_rates_dag
[2026-10-09T13:02:13.205+0000] {logging_mixin.py:188} INFO - [2026-10-09T13:02:13.205+0000] {override.py:1769} INFO - Created Permission View: can edit on DAG:fx_rates_dag
[2026-10-09T13:02:13.233+0000] {logging_mixin.py:188} INFO - [2026-10-09T13:02:13.233+0000] {override.py:1769} INFO - Created Permission View: can delete on DAG:fx_rates_dag
[2026-10-09T13:02:13.233+0000] {logging_mixin.py:188} INFO - [2026-10-09T13:02:13.233+0000] {dag.py:3036} INFO - Sync 1 DAGs
[2026-10-09T13:02:13.245+0000] {logging_mixin.py:188} INFO - [2026-10-09T13:02:13.244+0000] {dag.py:3058} INFO - Creating ORM DAG for fx_rates_dag
[2026-10-09T13:02:13.253+0000] {logging_mixin.py:188} INFO - [2026-10-09T13:02:13.253+0000] {dag.py:3823} INFO - Setting next_dagrun for fx_rates_dag to 2026-10-08 08:30:00+00:00, run_after=2026-10-09 08:30:00+00:00
[2026-10-09T13:02:13.305+0000] {processor.py:183} INFO - Processing /opt/airflow/dags/fx_rates_dag.py took 0.283 seconds
[2026-10-09T13:02:44.411+0000] {processor.py:161} INFO - Started process (PID=99) to work on /opt/airflow/dags/fx_rates_dag.py
[2026-10-09T13:02:44.412+0000] {processor.py:830} INFO - Processing file /opt/airflow/dags/fx_rates_dag.py for tasks to queue
[2026-10-09T13:02:44.413+0000] {logging_mixin.py:188} INFO - [2026-10-09T13:02:44.413+0000] {dagbag.py:538} INFO - Filling up the DagBag from /opt/airflow/dags/fx_rates_dag.py
[2026-10-09T13:02:44.432+0000] {processor.py:840} INFO - DAG(s) 'fx_rates_dag' retrieved from /opt/airflow/dags/fx_rates_dag.py
[2026-10-09T13:02:44.454+0000] {logging_mixin.py:188} INFO - [2026-10-09T13:02:44.454+0000] {dag.py:3036} INFO - Sync 1 DAGs
[2026-10-09T13:02:44.471+0000] {logging_mixin.py:188} INFO - [2026-10-09T13:02:44.470+0000] {dag.py:3823} INFO - Setting next_dagrun for fx_rates_dag to 2026-10-08 08:30:00+00:00, run_after=2026-10-09 08:30:00+00:00
[2026-10-09T13:02:44.518+0000] {processor.py:183} INFO - Processing /opt/airflow/dags/fx_rates_dag.py took 0.113 seconds
[2026-10-09T13:03:14.988+0000] {processor.py:161} INFO - Started process (PID=100) to work on /opt/airflow/dags/fx_rates_dag.py
[2026-10-09T13:03:14.989+0000] {processor.py:830} INFO - Processing file /opt/airflow/dags/fx_rates_dag.py for tasks to queue
[2026-10-09T13:03:14.990+0000] {logging_mixin.py:188} INFO - [2026-10-09T13:03:14.989+0000] {dagbag.py:538} INFO - Filling up the DagBag from /opt/airflow/dags/fx_rates_dag.py
[2026-10-09T13:03:15.011+0000] {processor.py:840} INFO - DAG(s) 'fx_rates_dag' retrieved from /opt/airflow/dags/fx_rates_dag.py
[2026-10-09T13:03:15.042+0000] {logging_mixin.py:188} INFO - [2026-10-09T13:03:15.042+0000] {dag.py:3036} INFO - Sync 1 DAGs
[2026-10-09T13:03:15.056+0000] {logging_mixin.py:188} INFO - [2026-10-09T13:03:15.056+0000] {dag.py:3823} INFO - Setting next_dagrun for fx_rates_dag to 2026-10-08 08:30:00+00:00, run_after=2026-10-09 08:30:00+00:00
[2026-10-09T13:03:15.102+0000] {processor.py:183} INFO - Processing /opt/airflow/dags/fx_rates_dag.py took 0.116 seconds
[2026-10-09T13:03:45.570+0000] {processor.py:161} INFO - Started process (PID=101) to work on /opt/airflow/dags/fx_rates_dag.py
[2026-10-09T13:03:45.572+0000] {processor.py:830} INFO - Processing file /opt/airflow/dags/fx_rates_dag.py for tasks to queue
[2026-10-09T13:03:45.574+0000] {logging_mixin.py:188} INFO - [2026-10-09T13:03:45.573+0000] {dagbag.py:538} INFO - Filling up the DagBag from /opt/airflow/dags/fx_rates_dag.py
[2026-10-09T13:03:45.598+0000] {processor.py:840} INFO - DAG(s) 'fx_rates_dag' retrieved from /opt/airflow/dags/fx_rates_dag.py
[2026-10-09T13:03:45.624+0000] {logging_mixin.py:188} INFO - [2026-10-09T13:03:45.624+0000] {dag.py:3036} INFO - Sync 1 DAGs
[2026-10-09T13:03:45.640+0000] {logging_mixin.py:188} INFO - [2026-10-09T13:03:45.640+0000] {dag.py:3823} INFO - Setting next_dagrun for fx_rates_dag to 2026-10-08 08:30:00+00:00, run_after=2026-10-09 08:30:00+00:00
[2026-10-09T13:03:45.687+0000] {processor.py:183} INFO - Processing /opt/airflow/dags/fx_rates_dag.py took 0.119 seconds
[2026-10-09T13:04:16.159+0000] {processor.py:161} INFO - Started process (PID=102) to work on /opt/airflow/dags/fx_rates_dag.py
[2026-10-09T13:04:16.160+0000] {processor.py:830} INFO - Processing file /opt/airflow/dags/fx_rates_dag.py for tasks to queue
[2026-10-09T13:04:16.161+0000] {logging_mixin.py:188} INFO - [2026-10-09T13:04:16.161+0000] {dagbag.py:538} INFO - Filling up the DagBag from /opt/airflow/dags/fx_rates_dag.py
[2026-10-09T13:04:16.176+0000] {processor.py:840} INFO - DAG(s) 'fx_rates_dag' retrieved from /opt/airflow/dags/fx_rates_dag.py
[2026-10-09T13:04:16.197+0000] {logging_mixin.py:188} INFO - [2026-10-09T13:04:16.197+0000] {dag.py:3036} INFO - Sync 1 DAGs
[2026-10-09T13:04:16.212+0000] {logging_mixin.py:188} INFO - [2026-10-09T13:04:16.212+0000] {dag.py:3823} INFO - Setting next_dagrun for fx_rates_dag to 2026-10-08 08:30:00+00:00, run_after=2026-10-09 08:30:00+00:00
[2026-10-09T13:04:16.262+0000] {processor.py:183} INFO - Processing /opt/airflow/dags/fx_rates_dag.py took 0.105 seconds
[2026-10-09T13:04:46.728+0000] {processor.py:161} INFO - Started process (PID=103) to work on /opt/airflow/dags/fx_rates_dag.py
[2026-10-09T13:04:46.729+0000] {processor.py:830} INFO - Processing file /opt/airflow/dags/fx_rates_dag.py for tasks to queue
[2026-10-09T13:04:46.730+0000] {logging_mixin.py:188} INFO - [2026-10-09T13:04:46.730+0000] {dagbag.py:538} INFO - Filling up the DagBag from /opt/airflow/dags/fx_rates_dag.py
[2026-10-09T13:04:46.745+0000] {processor.py:840} INFO - DAG(s) 'fx_rates_dag' retrieved from /opt/airflow/dags/fx_rates_dag.py
[2026-10-09T13:04:46.764+0000] {logging_mixin.py:188} INFO - [2026-10-09T13:04:46.764+0000] {dag.py:3036} INFO - Sync 1 DAGs
[2026-10-09T13:04:46.780+0000] {logging_mixin.py:188} INFO - [2026-10-09T13:04:46.780+0000] {dag.py:3823} INFO - Setting next_dagrun for fx_rates_dag to 2026-10-08 08:30:00+00:00, run_after=2026-10-09 08:30:00+00:00
[2026-10-09T13:04:46.827+0000] {processor.py:183} INFO - Processing /opt/airflow/dags/fx_rates_dag.py took 0.101 seconds
[2026-10-09T13:05:02.666+0000] {processor.py:161} INFO - Started process (PID=75) to work on /opt/airflow/dags/fx_rates_dag.py
[2026-10-09T13:05:02.667+0000] {processor.py:830} INFO - Processing file /opt/airflow/dags/fx_rates_dag.py for tasks to queue
[2026-10-09T13:05:02.668+0000] {logging_mixin.py:188} INFO - [2026-10-09T13:05:02.668+0000] {dagbag.py:538} INFO - Filling up the DagBag from /opt/airflow/dags/fx_rates_dag.py
[2026-10-09T13:05:02.684+0000] {processor.py:840} INFO - DAG(s) 'fx_rates_dag' retrieved from /opt/airflow/dags/fx_rates_dag.py
[2026-10-09T13:05:02.695+0000] {logging_mixin.py:188} INFO - [2026-10-09T13:05:02.694+0000] {dag.py:3036} INFO - Sync 1 DAGs
[2026-10-09T13:05:02.714+0000] {logging_mixin.py:188} INFO - [2026-10-09T13:05:02.714+0000] {dag.py:3823} INFO - Setting next_dagrun for fx_rates_dag to 2026-10-08 08:30:00+00:00, run_after=2026-10-09 08:30:00+00:00
[2026-10-09T13:05:02.759+0000] {processor.py:183} INFO - Processing /opt/airflow/dags/fx_rates_dag.py took 0.095 seconds
[2026-10-09T13:05:33.067+0000] {processor.py:161} INFO - Started process (PID=120) to work on /opt/airflow/dags/fx_rates_dag.py
[2026-10-09T13:05:33.068+0000] {processor.py:830} INFO - Processing file /opt/airflow/dags/fx_rates_dag.py for tasks to queue
[2026-10-09T13:05:33.069+0000] {logging_mixin.py:188} INFO - [2026-10-09T13:05:33.068+0000] {dagbag.py:538} INFO - Filling up the DagBag from /opt/airflow/dags/fx_rates_dag.py
[2026-10-09T13:05:33.084+0000] {processor.py:840} INFO - DAG(s) 'fx_rates_dag' retrieved from /opt/airflow/dags/fx_rates_dag.py
[2026-10-09T13:05:33.153+0000] {logging_mixin.py:188} INFO - [2026-10-09T13:05:33.153+0000] {dag.py:3036} INFO - Sync 1 DAGs
[2026-10-09T13:05:33.168+0000] {logging_mixin.py:188} INFO - [2026-10-09T13:05:33.168+0000] {dag.py:3823} INFO - Setting next_dagrun for fx_rates_dag to 2026-10-08 08:30:00+00:00, run_after=2026-10-09 08:30:00+00:00
[2026-10-09T13:05:33.218+0000] {processor.py:183} INFO - Processing /opt/airflow/dags/fx_rates_dag.py took 0.155 seconds
[2026-10-09T13:06:03.845+0000] {processor.py:161} INFO - Started process (PID=143) to work on /opt/airflow/dags/fx_rates_dag.py
[2026-10-09T13:06:03.846+0000] {processor.py:830} INFO - Processing file /opt/airflow/dags/fx_rates_dag.py for tasks to queue
[2026-10-09T13:06:03.846+0000] {logging_mixin.py:188} INFO - [2026-10-09T13:06:03.846+0000] {dagbag.py:538} INFO - Filling up the DagBag from /opt/airflow/dags/fx_rates_dag.py
[2026-10-09T13:06:03.861+0000] {processor.py:840} INFO - DAG(s) 'fx_rates_dag' retrieved from /opt/airflow/dags/fx_rates_dag.py
[2026-10-09T13:06:03.879+0000] {logging_mixin.py:188} INFO - [2026-10-09T13:06:03.879+0000] {dag.py:3036} INFO - Sync 1 DAGs
[2026-10-09T13:06:03.896+0000] {logging_mixin.py:188} INFO - [2026-10-09T13:06:03.896+0000] {dag.py:3823} INFO - Setting next_dagrun for fx_rates_dag to 2026-10-08 08:30:00+00:00, run_after=2026-10-09 08:30:00+00:00
[2026-10-09T13:06:03.946+0000] {processor.py:183} INFO - Processing /opt/airflow/dags/fx_rates_dag.py took 0.103 seconds
[2026-10-09T13:06:34.179+0000] {processor.py:161} INFO - Started process (PID=157) to work on /opt/airflow/dags/fx_rates_dag.py
[2026-10-09T13:06:34.180+0000] {processor.py:830} INFO - Processing file /opt/airflow/dags/fx_rates_dag.py for tasks to queue
[2026-10-09T13:06:34.181+0000] {logging_mixin.py:188} INFO - [2026-10-09T13:06:34.181+0000] {dagbag.py:538} INFO - Filling up the DagBag from /opt/airflow/dags/fx_rates_dag.py
[2026-10-09T13:06:34.197+0000] {processor.py:840} INFO - DAG(s) 'fx_rates_dag' retrieved from /opt/airflow/dags/fx_rates_dag.py
[2026-10-09T13:06:34.217+0000] {logging_mixin.py:188} INFO - [2026-10-09T13:06:34.217+0000] {dag.py:3036} INFO - Sync 1 DAGs
[2026-10-09T13:06:34.232+0000] {logging_mixin.py:188} INFO - [2026-10-09T13:06:34.232+0000] {dag.py:3823} INFO - Setting next_dagrun for fx_rates_dag to 2026-10-08 08:30:00+00:00, run_after=2026-10-09 08:30:00+00:00
[2026-10-09T13:06:34.279+0000] {processor.py:183} INFO - Processing /opt/airflow/dags/fx_rates_dag.py took 0.103 seconds
[2026-10-09T13:07:05.197+0000] {processor.py:161} INFO - Started process (PID=203) to work on /opt/airflow/dags/fx_rates_dag.py
[2026-10-09T13:07:05.198+0000] {processor.py:830} INFO - Processing file /opt/airflow/dags/fx_rates_dag.py for tasks to queue
[2026-10-09T13:07:05.199+0000] {logging_mixin.py:188} INFO - [2026-10-09T13:07:05.198+0000] {dagbag.py:538} INFO - Filling up the DagBag from /opt/airflow/dags/fx_rates_dag.py
[2026-10-09T13:07:05.217+0000] {processor.py:840} INFO - DAG(s) 'fx_rates_dag' retrieved from /opt/airflow/dags/fx_rates_dag.py
[2026-10-09T13:07:05.236+0000] {logging_mixin.py:188} INFO - [2026-10-09T13:07:05.236+0000] {dag.py:3036} INFO - Sync 1 DAGs
[2026-10-09T13:07:05.252+0000] {logging_mixin.py:188} INFO - [2026-10-09T13:07:05.252+0000] {dag.py:3823} INFO - Setting next_dagrun for fx_rates_dag to 2026-10-08 08:30:00+00:00, run_after=2026-10-09 08:30:00+00:00
[2026-10-09T13:07:05.301+0000] {processor.py:183} INFO - Processing /opt/airflow/dags/fx_rates_dag.py took 0.106 seconds
[2026-10-09T13:07:36.456+0000] {processor.py:161} INFO - Started process (PID=241) to work on /opt/airflow/dags/fx_rates_dag.py
[2026-10-09T13:07:36.457+0000] {processor.py:830} INFO - Processing file /opt/airflow/dags/fx_rates_dag.py for tasks to queue
[2026-10-09T13:07:36.458+0000] {logging_mixin.py:188} INFO - [2026-10-09T13:07:36.458+0000] {dagbag.py:538} INFO - Filling up the DagBag from /opt/airflow/dags/fx_rates_dag.py
[2026-10-09T13:07:36.479+0000] {processor.py:840} INFO - DAG(s) 'fx_rates_dag' retrieved from /opt/airflow/dags/fx_rates_dag.py
[2026-10-09T13:07:36.504+0000] {logging_mixin.py:188} INFO - [2026-10-09T13:07:36.504+0000] {dag.py:3036} INFO - Sync 1 DAGs
[2026-10-09T13:07:36.521+0000] {logging_mixin.py:188} INFO - [2026-10-09T13:07:36.521+0000] {dag.py:3823} INFO - Setting next_dagrun for fx_rates_dag to 2026-10-09 08:30:00+00:00, run_after=2026-10-10 08:30:00+00:00
[2026-10-09T13:07:36.569+0000] {processor.py:183} INFO - Processing /opt/airflow/dags/fx_rates_dag.py took 0.115 seconds
[2026-10-09T13:08:07.717+0000] {processor.py:161} INFO - Started process (PID=242) to work on /opt/airflow/dags/fx_rates_dag.py
[2026-10-09T13:08:07.718+0000] {processor.py:830} INFO - Processing file /opt/airflow/dags/fx_rates_dag.py for tasks to queue
[2026-10-09T13:08:07.719+0000] {logging_mixin.py:188} INFO - [2026-10-09T13:08:07.719+0000] {dagbag.py:538} INFO - Filling up the DagBag from /opt/airflow/dags/fx_rates_dag.py
[2026-10-09T13:08:07.734+0000] {processor.py:840} INFO - DAG(s) 'fx_rates_dag' retrieved from /opt/airflow/dags/fx_rates_dag.py
[2026-10-09T13:08:07.767+0000] {logging_mixin.py:188} INFO - [2026-10-09T13:08:07.767+0000] {dag.py:3036} INFO - Sync 1 DAGs
[2026-10-09T13:08:07.782+0000] {logging_mixin.py:188} INFO - [2026-10-09T13:08:07.782+0000] {dag.py:3823} INFO - Setting next_dagrun for fx_rates_dag to 2026-10-09 08:30:00+00:00, run_after=2026-10-10 08:30:00+00:00
[2026-10-09T13:08:07.838+0000] {processor.py:183} INFO - Processing /opt/airflow/dags/fx_rates_dag.py took 0.122 seconds
[2026-10-09T13:08:38.503+0000] {processor.py:161} INFO - Started process (PID=243) to work on /opt/airflow/dags/fx_rates_dag.py
[2026-10-09T13:08:38.504+0000] {processor.py:830} INFO - Processing file /opt/airflow/dags/fx_rates_dag.py for tasks to queue
[2026-10-09T13:08:38.505+0000] {logging_mixin.py:188} INFO - [2026-10-09T13:08:38.505+0000] {dagbag.py:538} INFO - Filling up the DagBag from /opt/airflow/dags/fx_rates_dag.py
[2026-10-09T13:08:38.527+0000] {processor.py:840} INFO - DAG(s) 'fx_rates_dag' retrieved from /opt/airflow/dags/fx_rates_dag.py
[2026-10-09T13:08:38.598+0000] {logging_mixin.py:188} INFO - [2026-10-09T13:08:38.598+0000] {dag.py:3036} INFO - Sync 1 DAGs
[2026-10-09T13:08:38.642+0000] {logging_mixin.py:188} INFO - [2026-10-09T13:08:38.641+0000] {dag.py:3823} INFO - Setting next_dagrun for fx_rates_dag to 2026-10-09 08:30:00+00:00, run_after=2026-10-10 08:30:00+00:00
[2026-10-09T13:08:38.702+0000] {processor.py:183} INFO - Processing /opt/airflow/dags/fx_rates_dag.py took 0.200 seconds
[2026-10-09T13:09:09.193+0000] {processor.py:161} INFO - Started process (PID=244) to work on /opt/airflow/dags/fx_rates_dag.py
[2026-10-09T13:09:09.194+0000] {processor.py:830} INFO - Processing file /opt/airflow/dags/fx_rates_dag.py for tasks to queue
[2026-10-09T13:09:09.195+0000] {logging_mixin.py:188} INFO - [2026-10-09T13:09:09.195+0000] {dagbag.py:538} INFO - Filling up the DagBag from /opt/airflow/dags/fx_rates_dag.py
[2026-10-09T13:09:09.210+0000] {processor.py:840} INFO - DAG(s) 'fx_rates_dag' retrieved from /opt/airflow/dags/fx_rates_dag.py
[2026-10-09T13:09:09.229+0000] {logging_mixin.py:188} INFO - [2026-10-09T13:09:09.228+0000] {dag.py:3036} INFO - Sync 1 DAGs
[2026-10-09T13:09:09.244+0000] {logging_mixin.py:188} INFO - [2026-10-09T13:09:09.244+0000] {dag.py:3823} INFO - Setting next_dagrun for fx_rates_dag to 2026-10-09 08:30:00+00:00, run_after=2026-10-10 08:30:00+00:00
[2026-10-09T13:09:09.292+0000] {processor.py:183} INFO - Processing /opt/airflow/dags/fx_rates_dag.py took 0.100 seconds
[2026-10-09T13:09:39.989+0000] {processor.py:161} INFO - Started process (PID=245) to work on /opt/airflow/dags/fx_rates_dag.py
[2026-10-09T13:09:39.990+0000] {processor.py:830} INFO - Processing file /opt/airflow/dags/fx_rates_dag.py for tasks to queue
[2026-10-09T13:09:39.990+0000] {logging_mixin.py:188} INFO - [2026-10-09T13:09:39.990+0000] {dagbag.py:538} INFO - Filling up the DagBag from /opt/airflow/dags/fx_rates_dag.py
[2026-10-09T13:09:40.006+0000] {processor.py:840} INFO - DAG(s) 'fx_rates_dag' retrieved from /opt/airflow/dags/fx_rates_dag.py
[2026-10-09T13:09:40.047+0000] {logging_mixin.py:188} INFO - [2026-10-09T13:09:40.047+0000] {dag.py:3036} INFO - Sync 1 DAGs
[2026-10-09T13:09:40.063+0000] {logging_mixin.py:188} INFO - [2026-10-09T13:09:40.063+0000] {dag.py:3823} INFO - Setting next_dagrun for fx_rates_dag to 2026-10-09 08:30:00+00:00, run_after=2026-10-10 08:30:00+00:00
[2026-10-09T13:09:40.115+0000] {processor.py:183} INFO - Processing /opt/airflow/dags/fx_rates_dag.py took 0.128 seconds
[2026-10-09T13:10:10.669+0000] {processor.py:161} INFO - Started process (PID=246) to work on /opt/airflow/dags/fx_rates_dag.py
[2026-10-09T13:10:10.670+0000] {processor.py:830} INFO - Processing file /opt/airflow/dags/fx_rates_dag.py for tasks to queue
[2026-10-09T13:10:10.671+0000] {logging_mixin.py:188} INFO - [2026-10-09T13:10:10.671+0000] {dagbag.py:538} INFO - Filling up the DagBag from /opt/airflow/dags/fx_rates_dag.py
[2026-10-09T13:10:10.687+0000] {processor.py:840} INFO - DAG(s) 'fx_rates_dag' retrieved from /opt/airflow/dags/fx_rates_dag.py
[2026-10-09T13:10:10.730+0000] {logging_mixin.py:188} INFO - [2026-10-09T13:10:10.730+0000] {dag.py:3036} INFO - Sync 1 DAGs
[2026-10-09T13:10:10.747+0000] {logging_mixin.py:188} INFO - [2026-10-09T13:10:10.747+0000] {dag.py:3823} INFO - Setting next_dagrun for fx_rates_dag to 2026-10-09 08:30:00+00:00, run_after=2026-10-10 08:30:00+00:00
[2026-10-09T13:10:10.794+0000] {processor.py:183} INFO - Processing /opt/airflow/dags/fx_rates_dag.py took 0.126 seconds
[2026-10-09T13:10:40.888+0000] {processor.py:161} INFO - Started process (PID=247) to work on /opt/airflow/dags/fx_rates_dag.py
[2026-10-09T13:10:40.889+0000] {processor.py:830} INFO - Processing file /opt/airflow/dags/fx_rates_dag.py for tasks to queue
[2026-10-09T13:10:40.890+0000] {logging_mixin.py:188} INFO - [2026-10-09T13:10:40.889+0000] {dagbag.py:538} INFO - Filling up the DagBag from /opt/airflow/dags/fx_rates_dag.py
[2026-10-09T13:10:40.908+0000] {processor.py:840} INFO - DAG(s) 'fx_rates_dag' retrieved from /opt/airflow/dags/fx_rates_dag.py
[2026-10-09T13:10:40.931+0000] {logging_mixin.py:188} INFO - [2026-10-09T13:10:40.931+0000] {dag.py:3036} INFO - Sync 1 DAGs
[2026-10-09T13:10:40.946+0000] {logging_mixin.py:188} INFO - [2026-10-09T13:10:40.946+0000] {dag.py:3823} INFO - Setting next_dagrun for fx_rates_dag to 2026-10-09 08:30:00+00:00, run_after=2026-10-10 08:30:00+00:00
[2026-10-09T13:10:40.995+0000] {processor.py:183} INFO - Processing /opt/airflow/dags/fx_rates_dag.py took 0.109 seconds
[2026-10-09T13:11:11.285+0000] {processor.py:161} INFO - Started process (PID=248) to work on /opt/airflow/dags/fx_rates_dag.py
[2026-10-09T13:11:11.286+0000] {processor.py:830} INFO - Processing file /opt/airflow/dags/fx_rates_dag.py for tasks to queue
[2026-10-09T13:11:11.287+0000] {logging_mixin.py:188} INFO - [2026-10-09T13:11:11.287+0000] {dagbag.py:538} INFO - Filling up the DagBag from /opt/airflow/dags/fx_rates_dag.py
[2026-10-09T13:11:11.311+0000] {processor.py:840} INFO - DAG(s) 'fx_rates_dag' retrieved from /opt/airflow/dags/fx_rates_dag.py
[2026-10-09T13:11:11.336+0000] {logging_mixin.py:188} INFO - [2026-10-09T13:11:11.335+0000] {dag.py:3036} INFO - Sync 1 DAGs
[2026-10-09T13:11:11.353+0000] {logging_mixin.py:188} INFO - [2026-10-09T13:11:11.353+0000] {dag.py:3823} INFO - Setting next_dagrun for fx_rates_dag to 2026-10-09 08:30:00+00:00, run_after=2026-10-10 08:30:00+00:00
[2026-10-09T13:11:11.403+0000] {processor.py:183} INFO - Processing /opt/airflow/dags/fx_rates_dag.py took 0.120 seconds
[2026-10-09T13:11:41.852+0000] {processor.py:161} INFO - Started process (PID=249) to work on /opt/airflow/dags/fx_rates_dag.py
[2026-10-09T13:11:41.852+0000] {processor.py:830} INFO - Processing file /opt/airflow/dags/fx_rates_dag.py for tasks to queue
[2026-10-09T13:11:41.853+0000] {logging_mixin.py:188} INFO - [2026-10-09T13:11:41.853+0000] {dagbag.py:538} INFO - Filling up the DagBag from /opt/airflow/dags/fx_rates_dag.py
[2026-10-09T13:11:41.868+0000] {processor.py:840} INFO - DAG(s) 'fx_rates_dag' retrieved from /opt/airflow/dags/fx_rates_dag.py
[2026-10-09T13:11:41.886+0000] {logging_mixin.py:188} INFO - [2026-10-09T13:11:41.886+0000] {dag.py:3036} INFO - Sync 1 DAGs
[2026-10-09T13:11:41.901+0000] {logging_mixin.py:188} INFO - [2026-10-09T13:11:41.901+0000] {dag.py:3823} INFO - Setting next_dagrun for fx_rates_dag to 2026-10-09 08:30:00+00:00, run_after=2026-10-10 08:30:00+00:00
[2026-10-09T13:11:41.948+0000] {processor.py:183} INFO - Processing /opt/airflow/dags/fx_rates_dag.py took 0.098 seconds
[2026-10-09T13:12:12.428+0000] {processor.py:161} INFO - Started process (PID=250) to work on /opt/airflow/dags/fx_rates_dag.py
[2026-10-09T13:12:12.429+0000] {processor.py:830} INFO - Processing file /opt/airflow/dags/fx_rates_dag.py for tasks to queue
[2026-10-09T13:12:12.430+0000] {logging_mixin.py:188} INFO - [2026-10-09T13:12:12.430+0000] {dagbag.py:538} INFO - Filling up the DagBag from /opt/airflow/dags/fx_rates_dag.py
[2026-10-09T13:12:12.447+0000] {processor.py:840} INFO - DAG(s) 'fx_rates_dag' retrieved from /opt/airflow/dags/fx_rates_dag.py
[2026-10-09T13:12:12.470+0000] {logging_mixin.py:188} INFO - [2026-10-09T13:12:12.470+0000] {dag.py:3036} INFO - Sync 1 DAGs
[2026-10-09T13:12:12.487+0000] {logging_mixin.py:188} INFO - [2026-10-09T13:12:12.487+0000] {dag.py:3823} INFO - Setting next_dagrun for fx_rates_dag to 2026-10-09 08:30:00+00:00, run_after=2026-10-10 08:30:00+00:00
[2026-10-09T13:12:12.534+0000] {processor.py:183} INFO - Processing /opt/airflow/dags/fx_rates_dag.py took 0.109 seconds
[2026-10-09T13:12:43.045+0000] {processor.py:161} INFO - Started process (PID=269) to work on /opt/airflow/dags/fx_rates_dag.py
[2026-10-09T13:12:43.046+0000] {processor.py:830} INFO - Processing file /opt/airflow/dags/fx_rates_dag.py for tasks to queue
[2026-10-09T13:12:43.047+0000] {logging_mixin.py:188} INFO - [2026-10-09T13:12:43.046+0000] {dagbag.py:538} INFO - Filling up the DagBag from /opt/airflow/dags/fx_rates_dag.py
[2026-10-09T13:12:43.064+0000] {processor.py:840} INFO - DAG(s) 'fx_rates_dag' retrieved from /opt/airflow/dags/fx_rates_dag.py
[2026-10-09T13:12:43.089+0000] {logging_mixin.py:188} INFO - [2026-10-09T13:12:43.089+0000] {dag.py:3036} INFO - Sync 1 DAGs
[2026-10-09T13:12:43.108+0000] {logging_mixin.py:188} INFO - [2026-10-09T13:12:43.108+0000] {dag.py:3823} INFO - Setting next_dagrun for fx_rates_dag to 2026-10-09 08:30:00+00:00, run_after=2026-10-10 08:30:00+00:00
[2026-10-09T13:12:43.154+0000] {processor.py:183} INFO - Processing /opt/airflow/dags/fx_rates_dag.py took 0.112 seconds
[2026-10-09T13:13:13.518+0000] {processor.py:161} INFO - Started process (PID=270) to work on /opt/airflow/dags/fx_rates_dag.py
[2026-10-09T13:13:13.519+0000] {processor.py:830} INFO - Processing file /opt/airflow/dags/fx_rates_dag.py for tasks to queue
[2026-10-09T13:13:13.520+0000] {logging_mixin.py:188} INFO - [2026-10-09T13:13:13.520+0000] {dagbag.py:538} INFO - Filling up the DagBag from /opt/airflow/dags/fx_rates_dag.py
[2026-10-09T13:13:13.537+0000] {processor.py:840} INFO - DAG(s) 'fx_rates_dag' retrieved from /opt/airflow/dags/fx_rates_dag.py
[2026-10-09T13:13:13.557+0000] {logging_mixin.py:188} INFO - [2026-10-09T13:13:13.557+0000] {dag.py:3036} INFO - Sync 1 DAGs
[2026-10-09T13:13:13.572+0000] {logging_mixin.py:188} INFO - [2026-10-09T13:13:13.572+0000] {dag.py:3823} INFO - Setting next_dagrun for fx_rates_dag to 2026-10-09 08:30:00+00:00, run_after=2026-10-10 08:30:00+00:00
[2026-10-09T13:13:13.620+0000] {processor.py:183} INFO - Processing /opt/airflow/dags/fx_rates_dag.py took 0.104 seconds
[2026-10-09T13:13:44.087+0000] {processor.py:161} INFO - Started process (PID=271) to work on /opt/airflow/dags/fx_rates_dag.py
[2026-10-09T13:13:44.087+0000] {processor.py:830} INFO - Processing file /opt/airflow/dags/fx_rates_dag.py for tasks to queue
[2026-10-09T13:13:44.088+0000] {logging_mixin.py:188} INFO - [2026-10-09T13:13:44.088+0000] {dagbag.py:538} INFO - Filling up the DagBag from /opt/airflow/dags/fx_rates_dag.py
[2026-10-09T13:13:44.104+0000] {processor.py:840} INFO - DAG(s) 'fx_rates_dag' retrieved from /opt/airflow/dags/fx_rates_dag.py
[2026-10-09T13:13:44.122+0000] {logging_mixin.py:188} INFO - [2026-10-09T13:13:44.122+0000] {dag.py:3036} INFO - Sync 1 DAGs
[2026-10-09T13:13:44.138+0000] {logging_mixin.py:188} INFO - [2026-10-09T13:13:44.138+0000] {dag.py:3823} INFO - Setting next_dagrun for fx_rates_dag to 2026-10-09 08:30:00+00:00, run_after=2026-10-10 08:30:00+00:00
[2026-10-09T13:13:44.186+0000] {processor.py:183} INFO - Processing /opt/airflow/dags/fx_rates_dag.py took 0.102 seconds
[2026-10-09T13:13:56.628+0000] {processor.py:161} INFO - Started process (PID=75) to work on /opt/airflow/dags/fx_rates_dag.py
[2026-10-09T13:13:56.629+0000] {processor.py:830} INFO - Processing file /opt/airflow/dags/fx_rates_dag.py for tasks to queue
[2026-10-09T13:13:56.630+0000] {logging_mixin.py:188} INFO - [2026-10-09T13:13:56.630+0000] {dagbag.py:538} INFO - Filling up the DagBag from /opt/airflow/dags/fx_rates_dag.py
[2026-10-09T13:13:56.647+0000] {processor.py:840} INFO - DAG(s) 'fx_rates_dag' retrieved from /opt/airflow/dags/fx_rates_dag.py
[2026-10-09T13:13:56.657+0000] {logging_mixin.py:188} INFO - [2026-10-09T13:13:56.657+0000] {dag.py:3036} INFO - Sync 1 DAGs
[2026-10-09T13:13:56.676+0000] {logging_mixin.py:188} INFO - [2026-10-09T13:13:56.676+0000] {dag.py:3823} INFO - Setting next_dagrun for fx_rates_dag to 2026-10-09 08:30:00+00:00, run_after=2026-10-10 08:30:00+00:00
[2026-10-09T13:13:56.724+0000] {processor.py:183} INFO - Processing /opt/airflow/dags/fx_rates_dag.py took 0.098 seconds
[2026-10-09T13:14:29.320+0000] {processor.py:161} INFO - Started process (PID=117) to work on /opt/airflow/dags/fx_rates_dag.py
[2026-10-09T13:14:29.322+0000] {processor.py:830} INFO - Processing file /opt/airflow/dags/fx_rates_dag.py for tasks to queue
[2026-10-09T13:14:29.323+0000] {logging_mixin.py:188} INFO - [2026-10-09T13:14:29.322+0000] {dagbag.py:538} INFO - Filling up the DagBag from /opt/airflow/dags/fx_rates_dag.py
[2026-10-09T13:14:29.339+0000] {processor.py:840} INFO - DAG(s) 'fx_rates_dag' retrieved from /opt/airflow/dags/fx_rates_dag.py
[2026-10-09T13:14:29.403+0000] {logging_mixin.py:188} INFO - [2026-10-09T13:14:29.403+0000] {dag.py:3036} INFO - Sync 1 DAGs
[2026-10-09T13:14:29.418+0000] {logging_mixin.py:188} INFO - [2026-10-09T13:14:29.417+0000] {dag.py:3823} INFO - Setting next_dagrun for fx_rates_dag to 2026-10-09 08:30:00+00:00, run_after=2026-10-10 08:30:00+00:00
[2026-10-09T13:14:29.466+0000] {processor.py:183} INFO - Processing /opt/airflow/dags/fx_rates_dag.py took 0.147 seconds
[2026-10-09T13:14:59.623+0000] {processor.py:161} INFO - Started process (PID=118) to work on /opt/airflow/dags/fx_rates_dag.py
[2026-10-09T13:14:59.624+0000] {processor.py:830} INFO - Processing file /opt/airflow/dags/fx_rates_dag.py for tasks to queue
[2026-10-09T13:14:59.625+0000] {logging_mixin.py:188} INFO - [2026-10-09T13:14:59.625+0000] {dagbag.py:538} INFO - Filling up the DagBag from /opt/airflow/dags/fx_rates_dag.py
[2026-10-09T13:14:59.641+0000] {processor.py:840} INFO - DAG(s) 'fx_rates_dag' retrieved from /opt/airflow/dags/fx_rates_dag.py
[2026-10-09T13:14:59.663+0000] {logging_mixin.py:188} INFO - [2026-10-09T13:14:59.663+0000] {dag.py:3036} INFO - Sync 1 DAGs
[2026-10-09T13:14:59.682+0000] {logging_mixin.py:188} INFO - [2026-10-09T13:14:59.681+0000] {dag.py:3823} INFO - Setting next_dagrun for fx_rates_dag to 2026-10-09 08:30:00+00:00, run_after=2026-10-10 08:30:00+00:00
[2026-10-09T13:14:59.731+0000] {processor.py:183} INFO - Processing /opt/airflow/dags/fx_rates_dag.py took 0.111 seconds
[2026-10-09T13:15:30.116+0000] {processor.py:161} INFO - Started process (PID=119) to work on /opt/airflow/dags/fx_rates_dag.py
[2026-10-09T13:15:30.117+0000] {processor.py:830} INFO - Processing file /opt/airflow/dags/fx_rates_dag.py for tasks to queue
[2026-10-09T13:15:30.120+0000] {logging_mixin.py:188} INFO - [2026-10-09T13:15:30.119+0000] {dagbag.py:538} INFO - Filling up the DagBag from /opt/airflow/dags/fx_rates_dag.py
[2026-10-09T13:15:30.157+0000] {processor.py:840} INFO - DAG(s) 'fx_rates_dag' retrieved from /opt/airflow/dags/fx_rates_dag.py
[2026-10-09T13:15:30.195+0000] {logging_mixin.py:188} INFO - [2026-10-09T13:15:30.194+0000] {dag.py:3036} INFO - Sync 1 DAGs
[2026-10-09T13:15:30.210+0000] {logging_mixin.py:188} INFO - [2026-10-09T13:15:30.209+0000] {dag.py:3823} INFO - Setting next_dagrun for fx_rates_dag to 2026-10-09 08:30:00+00:00, run_after=2026-10-10 08:30:00+00:00
[2026-10-09T13:15:30.256+0000] {processor.py:183} INFO - Processing /opt/airflow/dags/fx_rates_dag.py took 0.141 seconds
[2026-10-09T13:16:00.618+0000] {processor.py:161} INFO - Started process (PID=120) to work on /opt/airflow/dags/fx_rates_dag.py
[2026-10-09T13:16:00.620+0000] {processor.py:830} INFO - Processing file /opt/airflow/dags/fx_rates_dag.py for tasks to queue
[2026-10-09T13:16:00.621+0000] {logging_mixin.py:188} INFO - [2026-10-09T13:16:00.621+0000] {dagbag.py:538} INFO - Filling up the DagBag from /opt/airflow/dags/fx_rates_dag.py
[2026-10-09T13:16:00.641+0000] {processor.py:840} INFO - DAG(s) 'fx_rates_dag' retrieved from /opt/airflow/dags/fx_rates_dag.py
[2026-10-09T13:16:00.660+0000] {logging_mixin.py:188} INFO - [2026-10-09T13:16:00.660+0000] {dag.py:3036} INFO - Sync 1 DAGs
[2026-10-09T13:16:00.677+0000] {logging_mixin.py:188} INFO - [2026-10-09T13:16:00.677+0000] {dag.py:3823} INFO - Setting next_dagrun for fx_rates_dag to 2026-10-09 08:30:00+00:00, run_after=2026-10-10 08:30:00+00:00
[2026-10-09T13:16:00.724+0000] {processor.py:183} INFO - Processing /opt/airflow/dags/fx_rates_dag.py took 0.108 seconds
[2026-10-09T13:16:31.085+0000] {processor.py:161} INFO - Started process (PID=121) to work on /opt/airflow/dags/fx_rates_dag.py
[2026-10-09T13:16:31.086+0000] {processor.py:830} INFO - Processing file /opt/airflow/dags/fx_rates_dag.py for tasks to queue
[2026-10-09T13:16:31.087+0000] {logging_mixin.py:188} INFO - [2026-10-09T13:16:31.087+0000] {dagbag.py:538} INFO - Filling up the DagBag from /opt/airflow/dags/fx_rates_dag.py
[2026-10-09T13:16:31.103+0000] {processor.py:840} INFO - DAG(s) 'fx_rates_dag' retrieved from /opt/airflow/dags/fx_rates_dag.py
[2026-10-09T13:16:31.128+0000] {logging_mixin.py:188} INFO - [2026-10-09T13:16:31.127+0000] {dag.py:3036} INFO - Sync 1 DAGs
[2026-10-09T13:16:31.168+0000] {logging_mixin.py:188} INFO - [2026-10-09T13:16:31.168+0000] {dag.py:3823} INFO - Setting next_dagrun for fx_rates_dag to 2026-10-09 08:30:00+00:00, run_after=2026-10-10 08:30:00+00:00
[2026-10-09T13:16:31.214+0000] {processor.py:183} INFO - Processing /opt/airflow/dags/fx_rates_dag.py took 0.131 seconds
[2026-10-09T13:17:01.320+0000] {processor.py:161} INFO - Started process (PID=122) to work on /opt/airflow/dags/fx_rates_dag.py
[2026-10-09T13:17:01.322+0000] {processor.py:830} INFO - Processing file /opt/airflow/dags/fx_rates_dag.py for tasks to queue
[2026-10-09T13:17:01.323+0000] {logging_mixin.py:188} INFO - [2026-10-09T13:17:01.323+0000] {dagbag.py:538} INFO - Filling up the DagBag from /opt/airflow/dags/fx_rates_dag.py
[2026-10-09T13:17:01.342+0000] {processor.py:840} INFO - DAG(s) 'fx_rates_dag' retrieved from /opt/airflow/dags/fx_rates_dag.py
[2026-10-09T13:17:01.395+0000] {logging_mixin.py:188} INFO - [2026-10-09T13:17:01.395+0000] {dag.py:3036} INFO - Sync 1 DAGs
[2026-10-09T13:17:01.444+0000] {logging_mixin.py:188} INFO - [2026-10-09T13:17:01.444+0000] {dag.py:3823} INFO - Setting next_dagrun for fx_rates_dag to 2026-10-09 08:30:00+00:00, run_after=2026-10-10 08:30:00+00:00
[2026-10-09T13:17:01.627+0000] {processor.py:183} INFO - Processing /opt/airflow/dags/fx_rates_dag.py took 0.309 seconds
[2026-10-09T13:17:32.578+0000] {processor.py:161} INFO - Started process (PID=141) to work on /opt/airflow/dags/fx_rates_dag.py
[2026-10-09T13:17:32.580+0000] {processor.py:830} INFO - Processing file /opt/airflow/dags/fx_rates_dag.py for tasks to queue
[2026-10-09T13:17:32.582+0000] {logging_mixin.py:188} INFO - [2026-10-09T13:17:32.581+0000] {dagbag.py:538} INFO - Filling up the DagBag from /opt/airflow/dags/fx_rates_dag.py
[2026-10-09T13:17:32.599+0000] {processor.py:840} INFO - DAG(s) 'fx_rates_dag' retrieved from /opt/airflow/dags/fx_rates_dag.py
[2026-10-09T13:17:32.620+0000] {logging_mixin.py:188} INFO - [2026-10-09T13:17:32.620+0000] {dag.py:3036} INFO - Sync 1 DAGs
[2026-10-09T13:17:32.638+0000] {logging_mixin.py:188} INFO - [2026-10-09T13:17:32.638+0000] {dag.py:3823} INFO - Setting next_dagrun for fx_rates_dag to 2026-10-09 08:30:00+00:00, run_after=2026-10-10 08:30:00+00:00
[2026-10-09T13:17:32.696+0000] {processor.py:183} INFO - Processing /opt/airflow/dags/fx_rates_dag.py took 0.126 seconds
[2026-10-09T13:18:02.972+0000] {processor.py:161} INFO - Started process (PID=142) to work on /opt/airflow/dags/fx_rates_dag.py
[2026-10-09T13:18:02.973+0000] {processor.py:830} INFO - Processing file /opt/airflow/dags/fx_rates_dag.py for tasks to queue
[2026-10-09T13:18:02.974+0000] {logging_mixin.py:188} INFO - [2026-10-09T13:18:02.974+0000] {dagbag.py:538} INFO - Filling up the DagBag from /opt/airflow/dags/fx_rates_dag.py
[2026-10-09T13:18:02.997+0000] {processor.py:840} INFO - DAG(s) 'fx_rates_dag' retrieved from /opt/airflow/dags/fx_rates_dag.py
[2026-10-09T13:18:03.022+0000] {logging_mixin.py:188} INFO - [2026-10-09T13:18:03.022+0000] {dag.py:3036} INFO - Sync 1 DAGs
[2026-10-09T13:18:03.037+0000] {logging_mixin.py:188} INFO - [2026-10-09T13:18:03.037+0000] {dag.py:3823} INFO - Setting next_dagrun for fx_rates_dag to 2026-10-09 08:30:00+00:00, run_after=2026-10-10 08:30:00+00:00
[2026-10-09T13:18:03.086+0000] {processor.py:183} INFO - Processing /opt/airflow/dags/fx_rates_dag.py took 0.116 seconds
[2026-10-09T13:18:33.480+0000] {processor.py:161} INFO - Started process (PID=161) to work on /opt/airflow/dags/fx_rates_dag.py
[2026-10-09T13:18:33.481+0000] {processor.py:830} INFO - Processing file /opt/airflow/dags/fx_rates_dag.py for tasks to queue
[2026-10-09T13:18:33.482+0000] {logging_mixin.py:188} INFO - [2026-10-09T13:18:33.482+0000] {dagbag.py:538} INFO - Filling up the DagBag from /opt/airflow/dags/fx_rates_dag.py
[2026-10-09T13:18:33.498+0000] {processor.py:840} INFO - DAG(s) 'fx_rates_dag' retrieved from /opt/airflow/dags/fx_rates_dag.py
[2026-10-09T13:18:33.518+0000] {logging_mixin.py:188} INFO - [2026-10-09T13:18:33.518+0000] {dag.py:3036} INFO - Sync 1 DAGs
[2026-10-09T13:18:33.535+0000] {logging_mixin.py:188} INFO - [2026-10-09T13:18:33.534+0000] {dag.py:3823} INFO - Setting next_dagrun for fx_rates_dag to 2026-10-09 08:30:00+00:00, run_after=2026-10-10 08:30:00+00:00
[2026-10-09T13:18:33.585+0000] {processor.py:183} INFO - Processing /opt/airflow/dags/fx_rates_dag.py took 0.107 seconds
[2026-10-09T13:19:04.342+0000] {processor.py:161} INFO - Started process (PID=162) to work on /opt/airflow/dags/fx_rates_dag.py
[2026-10-09T13:19:04.344+0000] {processor.py:830} INFO - Processing file /opt/airflow/dags/fx_rates_dag.py for tasks to queue
[2026-10-09T13:19:04.345+0000] {logging_mixin.py:188} INFO - [2026-10-09T13:19:04.345+0000] {dagbag.py:538} INFO - Filling up the DagBag from /opt/airflow/dags/fx_rates_dag.py
[2026-10-09T13:19:04.362+0000] {processor.py:840} INFO - DAG(s) 'fx_rates_dag' retrieved from /opt/airflow/dags/fx_rates_dag.py
[2026-10-09T13:19:04.387+0000] {logging_mixin.py:188} INFO - [2026-10-09T13:19:04.387+0000] {dag.py:3036} INFO - Sync 1 DAGs
[2026-10-09T13:19:04.406+0000] {logging_mixin.py:188} INFO - [2026-10-09T13:19:04.406+0000] {dag.py:3823} INFO - Setting next_dagrun for fx_rates_dag to 2026-10-09 08:30:00+00:00, run_after=2026-10-10 08:30:00+00:00
[2026-10-09T13:19:04.455+0000] {processor.py:183} INFO - Processing /opt/airflow/dags/fx_rates_dag.py took 0.117 seconds
[2026-10-09T13:19:13.142+0000] {processor.py:161} INFO - Started process (PID=75) to work on /opt/airflow/dags/fx_rates_dag.py
[2026-10-09T13:19:13.143+0000] {processor.py:830} INFO - Processing file /opt/airflow/dags/fx_rates_dag.py for tasks to queue
[2026-10-09T13:19:13.144+0000] {logging_mixin.py:188} INFO - [2026-10-09T13:19:13.144+0000] {dagbag.py:538} INFO - Filling up the DagBag from /opt/airflow/dags/fx_rates_dag.py
[2026-10-09T13:19:13.160+0000] {processor.py:840} INFO - DAG(s) 'fx_rates_dag' retrieved from /opt/airflow/dags/fx_rates_dag.py
[2026-10-09T13:19:13.169+0000] {logging_mixin.py:188} INFO - [2026-10-09T13:19:13.169+0000] {dag.py:3036} INFO - Sync 1 DAGs
[2026-10-09T13:19:13.186+0000] {logging_mixin.py:188} INFO - [2026-10-09T13:19:13.185+0000] {dag.py:3823} INFO - Setting next_dagrun for fx_rates_dag to 2026-10-09 08:30:00+00:00, run_after=2026-10-10 08:30:00+00:00
[2026-10-09T13:19:13.229+0000] {processor.py:183} INFO - Processing /opt/airflow/dags/fx_rates_dag.py took 0.088 seconds
[2026-10-09T13:19:43.945+0000] {processor.py:161} INFO - Started process (PID=135) to work on /opt/airflow/dags/fx_rates_dag.py
[2026-10-09T13:19:43.946+0000] {processor.py:830} INFO - Processing file /opt/airflow/dags/fx_rates_dag.py for tasks to queue
[2026-10-09T13:19:43.947+0000] {logging_mixin.py:188} INFO - [2026-10-09T13:19:43.947+0000] {dagbag.py:538} INFO - Filling up the DagBag from /opt/airflow/dags/fx_rates_dag.py
[2026-10-09T13:19:43.967+0000] {processor.py:840} INFO - DAG(s) 'fx_rates_dag' retrieved from /opt/airflow/dags/fx_rates_dag.py
[2026-10-09T13:19:44.040+0000] {logging_mixin.py:188} INFO - [2026-10-09T13:19:44.040+0000] {dag.py:3036} INFO - Sync 1 DAGs
[2026-10-09T13:19:44.056+0000] {logging_mixin.py:188} INFO - [2026-10-09T13:19:44.056+0000] {dag.py:3823} INFO - Setting next_dagrun for fx_rates_dag to 2026-10-09 08:30:00+00:00, run_after=2026-10-10 08:30:00+00:00
[2026-10-09T13:19:44.104+0000] {processor.py:183} INFO - Processing /opt/airflow/dags/fx_rates_dag.py took 0.163 seconds
[2026-10-09T13:20:14.490+0000] {processor.py:161} INFO - Started process (PID=136) to work on /opt/airflow/dags/fx_rates_dag.py
[2026-10-09T13:20:14.491+0000] {processor.py:830} INFO - Processing file /opt/airflow/dags/fx_rates_dag.py for tasks to queue
[2026-10-09T13:20:14.493+0000] {logging_mixin.py:188} INFO - [2026-10-09T13:20:14.492+0000] {dagbag.py:538} INFO - Filling up the DagBag from /opt/airflow/dags/fx_rates_dag.py
[2026-10-09T13:20:14.511+0000] {processor.py:840} INFO - DAG(s) 'fx_rates_dag' retrieved from /opt/airflow/dags/fx_rates_dag.py
[2026-10-09T13:20:14.534+0000] {logging_mixin.py:188} INFO - [2026-10-09T13:20:14.533+0000] {dag.py:3036} INFO - Sync 1 DAGs
[2026-10-09T13:20:14.551+0000] {logging_mixin.py:188} INFO - [2026-10-09T13:20:14.551+0000] {dag.py:3823} INFO - Setting next_dagrun for fx_rates_dag to 2026-10-09 08:30:00+00:00, run_after=2026-10-10 08:30:00+00:00
[2026-10-09T13:20:14.606+0000] {processor.py:183} INFO - Processing /opt/airflow/dags/fx_rates_dag.py took 0.118 seconds
[2026-10-09T13:20:45.007+0000] {processor.py:161} INFO - Started process (PID=161) to work on /opt/airflow/dags/fx_rates_dag.py
[2026-10-09T13:20:45.008+0000] {processor.py:830} INFO - Processing file /opt/airflow/dags/fx_rates_dag.py for tasks to queue
[2026-10-09T13:20:45.009+0000] {logging_mixin.py:188} INFO - [2026-10-09T13:20:45.009+0000] {dagbag.py:538} INFO - Filling up the DagBag from /opt/airflow/dags/fx_rates_dag.py
[2026-10-09T13:20:45.024+0000] {processor.py:840} INFO - DAG(s) 'fx_rates_dag' retrieved from /opt/airflow/dags/fx_rates_dag.py
[2026-10-09T13:20:45.045+0000] {logging_mixin.py:188} INFO - [2026-10-09T13:20:45.045+0000] {dag.py:3036} INFO - Sync 1 DAGs
[2026-10-09T13:20:45.061+0000] {logging_mixin.py:188} INFO - [2026-10-09T13:20:45.061+0000] {dag.py:3823} INFO - Setting next_dagrun for fx_rates_dag to 2026-10-09 08:30:00+00:00, run_after=2026-10-10 08:30:00+00:00
[2026-10-09T13:20:45.112+0000] {processor.py:183} INFO - Processing /opt/airflow/dags/fx_rates_dag.py took 0.107 seconds
[2026-10-09T13:21:15.306+0000] {processor.py:161} INFO - Started process (PID=180) to work on /opt/airflow/dags/fx_rates_dag.py
[2026-10-09T13:21:15.307+0000] {processor.py:830} INFO - Processing file /opt/airflow/dags/fx_rates_dag.py for tasks to queue
[2026-10-09T13:21:15.308+0000] {logging_mixin.py:188} INFO - [2026-10-09T13:21:15.308+0000] {dagbag.py:538} INFO - Filling up the DagBag from /opt/airflow/dags/fx_rates_dag.py
[2026-10-09T13:21:15.325+0000] {processor.py:840} INFO - DAG(s) 'fx_rates_dag' retrieved from /opt/airflow/dags/fx_rates_dag.py
[2026-10-09T13:21:15.344+0000] {logging_mixin.py:188} INFO - [2026-10-09T13:21:15.344+0000] {dag.py:3036} INFO - Sync 1 DAGs
[2026-10-09T13:21:15.360+0000] {logging_mixin.py:188} INFO - [2026-10-09T13:21:15.360+0000] {dag.py:3823} INFO - Setting next_dagrun for fx_rates_dag to 2026-10-09 08:30:00+00:00, run_after=2026-10-10 08:30:00+00:00
[2026-10-09T13:21:15.411+0000] {processor.py:183} INFO - Processing /opt/airflow/dags/fx_rates_dag.py took 0.107 seconds
[2026-10-09T13:21:37.309+0000] {processor.py:161} INFO - Started process (PID=75) to work on /opt/airflow/dags/fx_rates_dag.py
[2026-10-09T13:21:37.310+0000] {processor.py:830} INFO - Processing file /opt/airflow/dags/fx_rates_dag.py for tasks to queue
[2026-10-09T13:21:37.311+0000] {logging_mixin.py:188} INFO - [2026-10-09T13:21:37.311+0000] {dagbag.py:538} INFO - Filling up the DagBag from /opt/airflow/dags/fx_rates_dag.py
[2026-10-09T13:21:37.326+0000] {processor.py:840} INFO - DAG(s) 'fx_rates_dag' retrieved from /opt/airflow/dags/fx_rates_dag.py
[2026-10-09T13:21:37.336+0000] {logging_mixin.py:188} INFO - [2026-10-09T13:21:37.336+0000] {dag.py:3036} INFO - Sync 1 DAGs
[2026-10-09T13:21:37.353+0000] {logging_mixin.py:188} INFO - [2026-10-09T13:21:37.353+0000] {dag.py:3823} INFO - Setting next_dagrun for fx_rates_dag to 2026-10-09 08:30:00+00:00, run_after=2026-10-10 08:30:00+00:00
[2026-10-09T13:21:37.396+0000] {processor.py:183} INFO - Processing /opt/airflow/dags/fx_rates_dag.py took 0.088 seconds
[2026-10-09T13:22:07.888+0000] {processor.py:161} INFO - Started process (PID=135) to work on /opt/airflow/dags/fx_rates_dag.py
[2026-10-09T13:22:07.889+0000] {processor.py:830} INFO - Processing file /opt/airflow/dags/fx_rates_dag.py for tasks to queue
[2026-10-09T13:22:07.890+0000] {logging_mixin.py:188} INFO - [2026-10-09T13:22:07.890+0000] {dagbag.py:538} INFO - Filling up the DagBag from /opt/airflow/dags/fx_rates_dag.py
[2026-10-09T13:22:07.907+0000] {processor.py:840} INFO - DAG(s) 'fx_rates_dag' retrieved from /opt/airflow/dags/fx_rates_dag.py
[2026-10-09T13:22:07.973+0000] {logging_mixin.py:188} INFO - [2026-10-09T13:22:07.973+0000] {dag.py:3036} INFO - Sync 1 DAGs
[2026-10-09T13:22:07.987+0000] {logging_mixin.py:188} INFO - [2026-10-09T13:22:07.987+0000] {dag.py:3823} INFO - Setting next_dagrun for fx_rates_dag to 2026-10-09 08:30:00+00:00, run_after=2026-10-10 08:30:00+00:00
[2026-10-09T13:22:08.036+0000] {processor.py:183} INFO - Processing /opt/airflow/dags/fx_rates_dag.py took 0.149 seconds
[2026-10-09T13:22:38.710+0000] {processor.py:161} INFO - Started process (PID=154) to work on /opt/airflow/dags/fx_rates_dag.py
[2026-10-09T13:22:38.711+0000] {processor.py:830} INFO - Processing file /opt/airflow/dags/fx_rates_dag.py for tasks to queue
[2026-10-09T13:22:38.712+0000] {logging_mixin.py:188} INFO - [2026-10-09T13:22:38.712+0000] {dagbag.py:538} INFO - Filling up the DagBag from /opt/airflow/dags/fx_rates_dag.py
[2026-10-09T13:22:38.727+0000] {processor.py:840} INFO - DAG(s) 'fx_rates_dag' retrieved from /opt/airflow/dags/fx_rates_dag.py
[2026-10-09T13:22:38.744+0000] {logging_mixin.py:188} INFO - [2026-10-09T13:22:38.744+0000] {dag.py:3036} INFO - Sync 1 DAGs
[2026-10-09T13:22:38.758+0000] {logging_mixin.py:188} INFO - [2026-10-09T13:22:38.758+0000] {dag.py:3823} INFO - Setting next_dagrun for fx_rates_dag to 2026-10-09 08:30:00+00:00, run_after=2026-10-10 08:30:00+00:00
[2026-10-09T13:22:38.804+0000] {processor.py:183} INFO - Processing /opt/airflow/dags/fx_rates_dag.py took 0.096 seconds
[2026-10-09T13:23:10.002+0000] {processor.py:161} INFO - Started process (PID=155) to work on /opt/airflow/dags/fx_rates_dag.py
[2026-10-09T13:23:10.003+0000] {processor.py:830} INFO - Processing file /opt/airflow/dags/fx_rates_dag.py for tasks to queue
[2026-10-09T13:23:10.003+0000] {logging_mixin.py:188} INFO - [2026-10-09T13:23:10.003+0000] {dagbag.py:538} INFO - Filling up the DagBag from /opt/airflow/dags/fx_rates_dag.py
[2026-10-09T13:23:10.018+0000] {processor.py:840} INFO - DAG(s) 'fx_rates_dag' retrieved from /opt/airflow/dags/fx_rates_dag.py
[2026-10-09T13:23:10.035+0000] {logging_mixin.py:188} INFO - [2026-10-09T13:23:10.034+0000] {dag.py:3036} INFO - Sync 1 DAGs
[2026-10-09T13:23:10.049+0000] {logging_mixin.py:188} INFO - [2026-10-09T13:23:10.049+0000] {dag.py:3823} INFO - Setting next_dagrun for fx_rates_dag to 2026-10-09 08:30:00+00:00, run_after=2026-10-10 08:30:00+00:00
[2026-10-09T13:23:10.095+0000] {processor.py:183} INFO - Processing /opt/airflow/dags/fx_rates_dag.py took 0.095 seconds
[2026-10-09T13:23:40.245+0000] {processor.py:161} INFO - Started process (PID=174) to work on /opt/airflow/dags/fx_rates_dag.py
[2026-10-09T13:23:40.246+0000] {processor.py:830} INFO - Processing file /opt/airflow/dags/fx_rates_dag.py for tasks to queue
[2026-10-09T13:23:40.247+0000] {logging_mixin.py:188} INFO - [2026-10-09T13:23:40.247+0000] {dagbag.py:538} INFO - Filling up the DagBag from /opt/airflow/dags/fx_rates_dag.py
[2026-10-09T13:23:40.262+0000] {processor.py:840} INFO - DAG(s) 'fx_rates_dag' retrieved from /opt/airflow/dags/fx_rates_dag.py
[2026-10-09T13:23:40.283+0000] {logging_mixin.py:188} INFO - [2026-10-09T13:23:40.283+0000] {dag.py:3036} INFO - Sync 1 DAGs
[2026-10-09T13:23:40.299+0000] {logging_mixin.py:188} INFO - [2026-10-09T13:23:40.299+0000] {dag.py:3823} INFO - Setting next_dagrun for fx_rates_dag to 2026-10-09 08:30:00+00:00, run_after=2026-10-10 08:30:00+00:00
[2026-10-09T13:23:40.346+0000] {processor.py:183} INFO - Processing /opt/airflow/dags/fx_rates_dag.py took 0.103 seconds
[2026-10-09T13:24:10.473+0000] {processor.py:161} INFO - Started process (PID=175) to work on /opt/airflow/dags/fx_rates_dag.py
[2026-10-09T13:24:10.474+0000] {processor.py:830} INFO - Processing file /opt/airflow/dags/fx_rates_dag.py for tasks to queue
[2026-10-09T13:24:10.475+0000] {logging_mixin.py:188} INFO - [2026-10-09T13:24:10.475+0000] {dagbag.py:538} INFO - Filling up the DagBag from /opt/airflow/dags/fx_rates_dag.py
[2026-10-09T13:24:10.489+0000] {processor.py:840} INFO - DAG(s) 'fx_rates_dag' retrieved from /opt/airflow/dags/fx_rates_dag.py
[2026-10-09T13:24:10.507+0000] {logging_mixin.py:188} INFO - [2026-10-09T13:24:10.507+0000] {dag.py:3036} INFO - Sync 1 DAGs
[2026-10-09T13:24:10.522+0000] {logging_mixin.py:188} INFO - [2026-10-09T13:24:10.522+0000] {dag.py:3823} INFO - Setting next_dagrun for fx_rates_dag to 2026-10-09 08:30:00+00:00, run_after=2026-10-10 08:30:00+00:00
[2026-10-09T13:24:10.569+0000] {processor.py:183} INFO - Processing /opt/airflow/dags/fx_rates_dag.py took 0.097 seconds
[2026-10-09T13:24:41.741+0000] {processor.py:161} INFO - Started process (PID=176) to work on /opt/airflow/dags/fx_rates_dag.py
[2026-10-09T13:24:41.742+0000] {processor.py:830} INFO - Processing file /opt/airflow/dags/fx_rates_dag.py for tasks to queue
[2026-10-09T13:24:41.743+0000] {logging_mixin.py:188} INFO - [2026-10-09T13:24:41.743+0000] {dagbag.py:538} INFO - Filling up the DagBag from /opt/airflow/dags/fx_rates_dag.py
[2026-10-09T13:24:41.758+0000] {processor.py:840} INFO - DAG(s) 'fx_rates_dag' retrieved from /opt/airflow/dags/fx_rates_dag.py
[2026-10-09T13:24:41.775+0000] {logging_mixin.py:188} INFO - [2026-10-09T13:24:41.775+0000] {dag.py:3036} INFO - Sync 1 DAGs
[2026-10-09T13:24:41.789+0000] {logging_mixin.py:188} INFO - [2026-10-09T13:24:41.789+0000] {dag.py:3823} INFO - Setting next_dagrun for fx_rates_dag to 2026-10-09 08:30:00+00:00, run_after=2026-10-10 08:30:00+00:00
[2026-10-09T13:24:41.835+0000] {processor.py:183} INFO - Processing /opt/airflow/dags/fx_rates_dag.py took 0.095 seconds
[2026-10-09T13:25:12.949+0000] {processor.py:161} INFO - Started process (PID=177) to work on /opt/airflow/dags/fx_rates_dag.py
[2026-10-09T13:25:12.950+0000] {processor.py:830} INFO - Processing file /opt/airflow/dags/fx_rates_dag.py for tasks to queue
[2026-10-09T13:25:12.951+0000] {logging_mixin.py:188} INFO - [2026-10-09T13:25:12.951+0000] {dagbag.py:538} INFO - Filling up the DagBag from /opt/airflow/dags/fx_rates_dag.py
[2026-10-09T13:25:12.966+0000] {processor.py:840} INFO - DAG(s) 'fx_rates_dag' retrieved from /opt/airflow/dags/fx_rates_dag.py
[2026-10-09T13:25:12.985+0000] {logging_mixin.py:188} INFO - [2026-10-09T13:25:12.984+0000] {dag.py:3036} INFO - Sync 1 DAGs
[2026-10-09T13:25:12.999+0000] {logging_mixin.py:188} INFO - [2026-10-09T13:25:12.999+0000] {dag.py:3823} INFO - Setting next_dagrun for fx_rates_dag to 2026-10-09 08:30:00+00:00, run_after=2026-10-10 08:30:00+00:00
[2026-10-09T13:25:13.047+0000] {processor.py:183} INFO - Processing /opt/airflow/dags/fx_rates_dag.py took 0.099 seconds
[2026-10-09T13:25:43.510+0000] {processor.py:161} INFO - Started process (PID=178) to work on /opt/airflow/dags/fx_rates_dag.py
[2026-10-09T13:25:43.511+0000] {processor.py:830} INFO - Processing file /opt/airflow/dags/fx_rates_dag.py for tasks to queue
[2026-10-09T13:25:43.512+0000] {logging_mixin.py:188} INFO - [2026-10-09T13:25:43.512+0000] {dagbag.py:538} INFO - Filling up the DagBag from /opt/airflow/dags/fx_rates_dag.py
[2026-10-09T13:25:43.527+0000] {processor.py:840} INFO - DAG(s) 'fx_rates_dag' retrieved from /opt/airflow/dags/fx_rates_dag.py
[2026-10-09T13:25:43.546+0000] {logging_mixin.py:188} INFO - [2026-10-09T13:25:43.546+0000] {dag.py:3036} INFO - Sync 1 DAGs
[2026-10-09T13:25:43.560+0000] {logging_mixin.py:188} INFO - [2026-10-09T13:25:43.560+0000] {dag.py:3823} INFO - Setting next_dagrun for fx_rates_dag to 2026-10-09 08:30:00+00:00, run_after=2026-10-10 08:30:00+00:00
[2026-10-09T13:25:43.608+0000] {processor.py:183} INFO - Processing /opt/airflow/dags/fx_rates_dag.py took 0.099 seconds
